file,line,type,commit,author,date,time,timezone,datetime,depth,length
style.css,1,css,e32ab843,Ryan Lindberg,2026-04-02,22:04:04,-07:00,2026-04-02T22:04:04-07:00,0,40
style.css,2,css,e32ab843,Ryan Lindberg,2026-04-02,22:04:04,-07:00,2026-04-02T22:04:04-07:00,0,0
style.css,3,css,e32ab843,Ryan Lindberg,2026-04-02,22:04:04,-07:00,2026-04-02T22:04:04-07:00,0,21
style.css,4,css,7b4402fe,Ryan Lindberg,2025-05-08,23:39:53,-07:00,2025-05-08T23:39:53-07:00,0,10
style.css,5,css,7b4402fe,Ryan Lindberg,2025-05-08,23:39:53,-07:00,2025-05-08T23:39:53-07:00,1,23
style.css,6,css,7b4402fe,Ryan Lindberg,2025-05-08,23:39:53,-07:00,2025-05-08T23:39:53-07:00,1,49
style.css,7,css,7b4402fe,Ryan Lindberg,2025-05-08,23:39:53,-07:00,2025-05-08T23:39:53-07:00,0,0
style.css,8,css,7b4402fe,Ryan Lindberg,2025-05-08,23:39:53,-07:00,2025-05-08T23:39:53-07:00,0,0
style.css,9,css,e32ab843,Ryan Lindberg,2026-04-02,22:04:04,-07:00,2026-04-02T22:04:04-07:00,0,29
style.css,10,css,754e0100,Ryan Lindberg,2025-04-09,21:18:40,-07:00,2025-04-09T21:18:40-07:00,0,5
style.css,11,css,e32ab843,Ryan Lindberg,2026-04-02,22:04:04,-07:00,2026-04-02T22:04:04-07:00,1,12
style.css,12,css,e32ab843,Ryan Lindberg,2026-04-02,22:04:04,-07:00,2026-04-02T22:04:04-07:00,1,18
style.css,13,css,e32ab843,Ryan Lindberg,2026-04-02,22:04:04,-07:00,2026-04-02T22:04:04-07:00,1,21
style.css,14,css,e32ab843,Ryan Lindberg,2026-04-02,22:04:04,-07:00,2026-04-02T22:04:04-07:00,1,20
style.css,15,css,e32ab843,Ryan Lindberg,2026-04-02,22:04:04,-07:00,2026-04-02T22:04:04-07:00,1,18
style.css,16,css,e32ab843,Ryan Lindberg,2026-04-02,22:04:04,-07:00,2026-04-02T22:04:04-07:00,1,16
style.css,17,css,e32ab843,Ryan Lindberg,2026-04-02,22:04:04,-07:00,2026-04-02T22:04:04-07:00,1,22
style.css,18,css,e32ab843,Ryan Lindberg,2026-04-02,22:04:04,-07:00,2026-04-02T22:04:04-07:00,1,14
style.css,19,css,e32ab843,Ryan Lindberg,2026-04-02,22:04:04,-07:00,2026-04-02T22:04:04-07:00,1,20
style.css,20,css,e32ab843,Ryan Lindberg,2026-04-02,22:04:04,-07:00,2026-04-02T22:04:04-07:00,1,23
style.css,21,css,e32ab843,Ryan Lindberg,2026-04-02,22:04:04,-07:00,2026-04-02T22:04:04-07:00,1,16
style.css,22,css,e32ab843,Ryan Lindberg,2026-04-02,22:04:04,-07:00,2026-04-02T22:04:04-07:00,1,22
style.css,23,css,e32ab843,Ryan Lindberg,2026-04-02,22:04:04,-07:00,2026-04-02T22:04:04-07:00,1,21
style.css,24,css,e32ab843,Ryan Lindberg,2026-04-02,22:04:04,-07:00,2026-04-02T22:04:04-07:00,1,21
style.css,25,css,e32ab843,Ryan Lindberg,2026-04-02,22:04:04,-07:00,2026-04-02T22:04:04-07:00,1,20
style.css,26,css,e32ab843,Ryan Lindberg,2026-04-02,22:04:04,-07:00,2026-04-02T22:04:04-07:00,0,0
style.css,27,css,e32ab843,Ryan Lindberg,2026-04-02,22:04:04,-07:00,2026-04-02T22:04:04-07:00,1,59
style.css,28,css,e32ab843,Ryan Lindberg,2026-04-02,22:04:04,-07:00,2026-04-02T22:04:04-07:00,1,28
style.css,29,css,e32ab843,Ryan Lindberg,2026-04-02,22:04:04,-07:00,2026-04-02T22:04:04-07:00,1,30
style.css,30,css,e32ab843,Ryan Lindberg,2026-04-02,22:04:04,-07:00,2026-04-02T22:04:04-07:00,1,38
style.css,31,css,e32ab843,Ryan Lindberg,2026-04-02,22:04:04,-07:00,2026-04-02T22:04:04-07:00,1,28
style.css,32,css,e32ab843,Ryan Lindberg,2026-04-02,22:04:04,-07:00,2026-04-02T22:04:04-07:00,1,31
style.css,33,css,e32ab843,Ryan Lindberg,2026-04-02,22:04:04,-07:00,2026-04-02T22:04:04-07:00,1,24
style.css,34,css,e32ab843,Ryan Lindberg,2026-04-02,22:04:04,-07:00,2026-04-02T22:04:04-07:00,1,36
style.css,35,css,e32ab843,Ryan Lindberg,2026-04-02,22:04:04,-07:00,2026-04-02T22:04:04-07:00,1,24
style.css,36,css,e32ab843,Ryan Lindberg,2026-04-02,22:04:04,-07:00,2026-04-02T22:04:04-07:00,1,28
style.css,37,css,e32ab843,Ryan Lindberg,2026-04-02,22:04:04,-07:00,2026-04-02T22:04:04-07:00,1,36
style.css,38,css,e32ab843,Ryan Lindberg,2026-04-02,22:04:04,-07:00,2026-04-02T22:04:04-07:00,1,18
style.css,39,css,e32ab843,Ryan Lindberg,2026-04-02,22:04:04,-07:00,2026-04-02T22:04:04-07:00,1,26
style.css,40,css,e32ab843,Ryan Lindberg,2026-04-02,22:04:04,-07:00,2026-04-02T22:04:04-07:00,1,24
style.css,41,css,e32ab843,Ryan Lindberg,2026-04-02,22:04:04,-07:00,2026-04-02T22:04:04-07:00,0,0
style.css,42,css,e32ab843,Ryan Lindberg,2026-04-02,22:04:04,-07:00,2026-04-02T22:04:04-07:00,1,26
style.css,43,css,e32ab843,Ryan Lindberg,2026-04-02,22:04:04,-07:00,2026-04-02T22:04:04-07:00,0,0
style.css,44,css,e32ab843,Ryan Lindberg,2026-04-02,22:04:04,-07:00,2026-04-02T22:04:04-07:00,0,0
style.css,45,css,e32ab843,Ryan Lindberg,2026-04-02,22:04:04,-07:00,2026-04-02T22:04:04-07:00,0,28
style.css,46,css,e32ab843,Ryan Lindberg,2026-04-02,22:04:04,-07:00,2026-04-02T22:04:04-07:00,0,22
style.css,47,css,e32ab843,Ryan Lindberg,2026-04-02,22:04:04,-07:00,2026-04-02T22:04:04-07:00,1,21
style.css,48,css,1f07d88b,Ryan Lindberg,2025-04-16,20:11:13,-07:00,2025-04-16T20:11:13-07:00,0,0
style.css,49,css,1f07d88b,Ryan Lindberg,2025-04-16,20:11:13,-07:00,2025-04-16T20:11:13-07:00,0,0
style.css,50,css,c48eaab6,Ryan Lindberg,2025-04-02,16:54:27,-07:00,2025-04-02T16:54:27-07:00,0,4
style.css,51,css,e32ab843,Ryan Lindberg,2026-04-02,22:04:04,-07:00,2026-04-02T22:04:04-07:00,1,34
style.css,52,css,e973df73,Ryan Lindberg,2026-04-03,17:15:09,-07:00,2026-04-03T17:15:09-07:00,1,14
style.css,53,css,e32ab843,Ryan Lindberg,2026-04-02,22:04:04,-07:00,2026-04-02T22:04:04-07:00,1,15
style.css,54,css,e32ab843,Ryan Lindberg,2026-04-02,22:04:04,-07:00,2026-04-02T22:04:04-07:00,1,17
style.css,55,css,e32ab843,Ryan Lindberg,2026-04-02,22:04:04,-07:00,2026-04-02T22:04:04-07:00,1,26
style.css,56,css,e32ab843,Ryan Lindberg,2026-04-02,22:04:04,-07:00,2026-04-02T22:04:04-07:00,1,8
style.css,57,css,e973df73,Ryan Lindberg,2026-04-03,17:15:09,-07:00,2026-04-03T17:15:09-07:00,1,27
style.css,58,css,12c2b127,Ryan Lindberg,2026-04-03,21:46:38,-07:00,2026-04-03T21:46:38-07:00,1,16
style.css,59,css,93d2b749,Ryan Lindberg,2025-04-09,20:48:26,-07:00,2025-04-09T20:48:26-07:00,1,18
style.css,60,css,e32ab843,Ryan Lindberg,2026-04-02,22:04:04,-07:00,2026-04-02T22:04:04-07:00,1,17
style.css,61,css,12c2b127,Ryan Lindberg,2026-04-03,21:46:38,-07:00,2026-04-03T21:46:38-07:00,1,9
style.css,62,css,93d2b749,Ryan Lindberg,2025-04-09,20:48:26,-07:00,2025-04-09T20:48:26-07:00,0,0
style.css,63,css,93d2b749,Ryan Lindberg,2025-04-09,20:48:26,-07:00,2025-04-09T20:48:26-07:00,0,0
style.css,64,css,e32ab843,Ryan Lindberg,2026-04-02,22:04:04,-07:00,2026-04-02T22:04:04-07:00,0,36
style.css,65,css,e32ab843,Ryan Lindberg,2026-04-02,22:04:04,-07:00,2026-04-02T22:04:04-07:00,0,12
style.css,66,css,e32ab843,Ryan Lindberg,2026-04-02,22:04:04,-07:00,2026-04-02T22:04:04-07:00,1,10
style.css,67,css,e32ab843,Ryan Lindberg,2026-04-02,22:04:04,-07:00,2026-04-02T22:04:04-07:00,1,14
style.css,68,css,e32ab843,Ryan Lindberg,2026-04-02,22:04:04,-07:00,2026-04-02T22:04:04-07:00,1,7
style.css,69,css,e32ab843,Ryan Lindberg,2026-04-02,22:04:04,-07:00,2026-04-02T22:04:04-07:00,1,36
style.css,70,css,e32ab843,Ryan Lindberg,2026-04-02,22:04:04,-07:00,2026-04-02T22:04:04-07:00,2,3
style.css,71,css,e32ab843,Ryan Lindberg,2026-04-02,22:04:04,-07:00,2026-04-02T22:04:04-07:00,2,10
style.css,72,css,e32ab843,Ryan Lindberg,2026-04-02,22:04:04,-07:00,2026-04-02T22:04:04-07:00,2,14
style.css,73,css,e32ab843,Ryan Lindberg,2026-04-02,22:04:04,-07:00,2026-04-02T22:04:04-07:00,2,22
style.css,74,css,e32ab843,Ryan Lindberg,2026-04-02,22:04:04,-07:00,2026-04-02T22:04:04-07:00,2,21
style.css,75,css,e32ab843,Ryan Lindberg,2026-04-02,22:04:04,-07:00,2026-04-02T22:04:04-07:00,1,0
style.css,76,css,e32ab843,Ryan Lindberg,2026-04-02,22:04:04,-07:00,2026-04-02T22:04:04-07:00,1,19
style.css,77,css,e32ab843,Ryan Lindberg,2026-04-02,22:04:04,-07:00,2026-04-02T22:04:04-07:00,1,12
style.css,78,css,e32ab843,Ryan Lindberg,2026-04-02,22:04:04,-07:00,2026-04-02T22:04:04-07:00,0,0
style.css,79,css,e32ab843,Ryan Lindberg,2026-04-02,22:04:04,-07:00,2026-04-02T22:04:04-07:00,0,0
style.css,80,css,e32ab843,Ryan Lindberg,2026-04-02,22:04:04,-07:00,2026-04-02T22:04:04-07:00,0,26
style.css,81,css,e32ab843,Ryan Lindberg,2026-04-02,22:04:04,-07:00,2026-04-02T22:04:04-07:00,0,22
style.css,82,css,e32ab843,Ryan Lindberg,2026-04-02,22:04:04,-07:00,2026-04-02T22:04:04-07:00,1,34
style.css,83,css,e32ab843,Ryan Lindberg,2026-04-02,22:04:04,-07:00,2026-04-02T22:04:04-07:00,1,24
style.css,84,css,e32ab843,Ryan Lindberg,2026-04-02,22:04:04,-07:00,2026-04-02T22:04:04-07:00,1,21
style.css,85,css,e32ab843,Ryan Lindberg,2026-04-02,22:04:04,-07:00,2026-04-02T22:04:04-07:00,1,15
style.css,86,css,e32ab843,Ryan Lindberg,2026-04-02,22:04:04,-07:00,2026-04-02T22:04:04-07:00,1,19
style.css,87,css,e32ab843,Ryan Lindberg,2026-04-02,22:04:04,-07:00,2026-04-02T22:04:04-07:00,1,18
style.css,88,css,93d2b749,Ryan Lindberg,2025-04-09,20:48:26,-07:00,2025-04-09T20:48:26-07:00,0,0
style.css,89,css,93d2b749,Ryan Lindberg,2025-04-09,20:48:26,-07:00,2025-04-09T20:48:26-07:00,0,0
style.css,90,css,e32ab843,Ryan Lindberg,2026-04-02,22:04:04,-07:00,2026-04-02T22:04:04-07:00,0,2
style.css,91,css,e973df73,Ryan Lindberg,2026-04-03,17:15:09,-07:00,2026-04-03T17:15:09-07:00,1,14
style.css,92,css,e32ab843,Ryan Lindberg,2026-04-02,22:04:04,-07:00,2026-04-02T22:04:04-07:00,1,37
style.css,93,css,e32ab843,Ryan Lindberg,2026-04-02,22:04:04,-07:00,2026-04-02T22:04:04-07:00,1,18
style.css,94,css,e32ab843,Ryan Lindberg,2026-04-02,22:04:04,-07:00,2026-04-02T22:04:04-07:00,1,20
style.css,95,css,93d2b749,Ryan Lindberg,2025-04-09,20:48:26,-07:00,2025-04-09T20:48:26-07:00,0,0
style.css,96,css,93d2b749,Ryan Lindberg,2025-04-09,20:48:26,-07:00,2025-04-09T20:48:26-07:00,0,0
style.css,97,css,e32ab843,Ryan Lindberg,2026-04-02,22:04:04,-07:00,2026-04-02T22:04:04-07:00,0,2
style.css,98,css,e973df73,Ryan Lindberg,2026-04-03,17:15:09,-07:00,2026-04-03T17:15:09-07:00,1,14
style.css,99,css,e32ab843,Ryan Lindberg,2026-04-02,22:04:04,-07:00,2026-04-02T22:04:04-07:00,1,16
style.css,100,css,93d2b749,Ryan Lindberg,2025-04-09,20:48:26,-07:00,2025-04-09T20:48:26-07:00,0,0
style.css,101,css,754e0100,Ryan Lindberg,2025-04-09,21:18:40,-07:00,2025-04-09T21:18:40-07:00,0,0
style.css,102,css,e32ab843,Ryan Lindberg,2026-04-02,22:04:04,-07:00,2026-04-02T22:04:04-07:00,0,2
style.css,103,css,e973df73,Ryan Lindberg,2026-04-03,17:15:09,-07:00,2026-04-03T17:15:09-07:00,1,14
style.css,104,css,e7852c5b,Ryan Lindberg,2025-04-09,21:39:14,-07:00,2025-04-09T21:39:14-07:00,0,0
style.css,105,css,e7852c5b,Ryan Lindberg,2025-04-09,21:39:14,-07:00,2025-04-09T21:39:14-07:00,0,0
style.css,106,css,e32ab843,Ryan Lindberg,2026-04-02,22:04:04,-07:00,2026-04-02T22:04:04-07:00,0,1
style.css,107,css,e32ab843,Ryan Lindberg,2026-04-02,22:04:04,-07:00,2026-04-02T22:04:04-07:00,1,14
style.css,108,css,e32ab843,Ryan Lindberg,2026-04-02,22:04:04,-07:00,2026-04-02T22:04:04-07:00,1,14
style.css,109,css,3e0e180b,Ryan Lindberg,2025-05-08,23:31:56,-07:00,2025-05-08T23:31:56-07:00,0,0
style.css,110,css,3e0e180b,Ryan Lindberg,2025-05-08,23:31:56,-07:00,2025-05-08T23:31:56-07:00,0,0
style.css,111,css,e32ab843,Ryan Lindberg,2026-04-02,22:04:04,-07:00,2026-04-02T22:04:04-07:00,0,1
style.css,112,css,e32ab843,Ryan Lindberg,2026-04-02,22:04:04,-07:00,2026-04-02T22:04:04-07:00,1,19
style.css,113,css,e32ab843,Ryan Lindberg,2026-04-02,22:04:04,-07:00,2026-04-02T22:04:04-07:00,1,20
style.css,114,css,3e0e180b,Ryan Lindberg,2025-05-08,23:31:56,-07:00,2025-05-08T23:31:56-07:00,0,0
style.css,115,css,3e0e180b,Ryan Lindberg,2025-05-08,23:31:56,-07:00,2025-05-08T23:31:56-07:00,0,0
style.css,116,css,e32ab843,Ryan Lindberg,2026-04-02,22:04:04,-07:00,2026-04-02T22:04:04-07:00,0,7
style.css,117,css,e32ab843,Ryan Lindberg,2026-04-02,22:04:04,-07:00,2026-04-02T22:04:04-07:00,1,25
style.css,118,css,e32ab843,Ryan Lindberg,2026-04-02,22:04:04,-07:00,2026-04-02T22:04:04-07:00,1,25
style.css,119,css,3e0e180b,Ryan Lindberg,2025-05-08,23:31:56,-07:00,2025-05-08T23:31:56-07:00,0,0
style.css,120,css,3e0e180b,Ryan Lindberg,2025-05-08,23:31:56,-07:00,2025-05-08T23:31:56-07:00,0,0
style.css,121,css,e32ab843,Ryan Lindberg,2026-04-02,22:04:04,-07:00,2026-04-02T22:04:04-07:00,0,6
style.css,122,css,e32ab843,Ryan Lindberg,2026-04-02,22:04:04,-07:00,2026-04-02T22:04:04-07:00,1,15
style.css,123,css,af3c57cf,Ryan Lindberg,2025-05-08,23:46:10,-07:00,2025-05-08T23:46:10-07:00,0,0
style.css,124,css,af3c57cf,Ryan Lindberg,2025-05-08,23:46:10,-07:00,2025-05-08T23:46:10-07:00,0,0
style.css,125,css,e32ab843,Ryan Lindberg,2026-04-02,22:04:04,-07:00,2026-04-02T22:04:04-07:00,0,2
style.css,126,css,e32ab843,Ryan Lindberg,2026-04-02,22:04:04,-07:00,2026-04-02T22:04:04-07:00,1,19
style.css,127,css,e32ab843,Ryan Lindberg,2026-04-02,22:04:04,-07:00,2026-04-02T22:04:04-07:00,1,14
style.css,128,css,e32ab843,Ryan Lindberg,2026-04-02,22:04:04,-07:00,2026-04-02T22:04:04-07:00,0,0
style.css,129,css,e32ab843,Ryan Lindberg,2026-04-02,22:04:04,-07:00,2026-04-02T22:04:04-07:00,0,0
style.css,130,css,e32ab843,Ryan Lindberg,2026-04-02,22:04:04,-07:00,2026-04-02T22:04:04-07:00,0,5
style.css,131,css,e32ab843,Ryan Lindberg,2026-04-02,22:04:04,-07:00,2026-04-02T22:04:04-07:00,1,19
style.css,132,css,e32ab843,Ryan Lindberg,2026-04-02,22:04:04,-07:00,2026-04-02T22:04:04-07:00,0,0
style.css,133,css,e32ab843,Ryan Lindberg,2026-04-02,22:04:04,-07:00,2026-04-02T22:04:04-07:00,0,0
style.css,134,css,e32ab843,Ryan Lindberg,2026-04-02,22:04:04,-07:00,2026-04-02T22:04:04-07:00,0,34
style.css,135,css,e32ab843,Ryan Lindberg,2026-04-02,22:04:04,-07:00,2026-04-02T22:04:04-07:00,0,3
style.css,136,css,e32ab843,Ryan Lindberg,2026-04-02,22:04:04,-07:00,2026-04-02T22:04:04-07:00,1,28
style.css,137,css,e32ab843,Ryan Lindberg,2026-04-02,22:04:04,-07:00,2026-04-02T22:04:04-07:00,1,34
style.css,138,css,e32ab843,Ryan Lindberg,2026-04-02,22:04:04,-07:00,2026-04-02T22:04:04-07:00,1,35
style.css,139,css,e32ab843,Ryan Lindberg,2026-04-02,22:04:04,-07:00,2026-04-02T22:04:04-07:00,1,36
style.css,140,css,e32ab843,Ryan Lindberg,2026-04-02,22:04:04,-07:00,2026-04-02T22:04:04-07:00,1,12
style.css,141,css,e32ab843,Ryan Lindberg,2026-04-02,22:04:04,-07:00,2026-04-02T22:04:04-07:00,1,19
style.css,142,css,e32ab843,Ryan Lindberg,2026-04-02,22:04:04,-07:00,2026-04-02T22:04:04-07:00,1,18
style.css,143,css,e32ab843,Ryan Lindberg,2026-04-02,22:04:04,-07:00,2026-04-02T22:04:04-07:00,1,9
style.css,144,css,e32ab843,Ryan Lindberg,2026-04-02,22:04:04,-07:00,2026-04-02T22:04:04-07:00,1,5
style.css,145,css,e32ab843,Ryan Lindberg,2026-04-02,22:04:04,-07:00,2026-04-02T22:04:04-07:00,0,0
style.css,146,css,e32ab843,Ryan Lindberg,2026-04-02,22:04:04,-07:00,2026-04-02T22:04:04-07:00,0,0
style.css,147,css,e32ab843,Ryan Lindberg,2026-04-02,22:04:04,-07:00,2026-04-02T22:04:04-07:00,0,15
style.css,148,css,e32ab843,Ryan Lindberg,2026-04-02,22:04:04,-07:00,2026-04-02T22:04:04-07:00,1,16
style.css,149,css,e32ab843,Ryan Lindberg,2026-04-02,22:04:04,-07:00,2026-04-02T22:04:04-07:00,1,14
style.css,150,css,e32ab843,Ryan Lindberg,2026-04-02,22:04:04,-07:00,2026-04-02T22:04:04-07:00,1,19
style.css,151,css,e32ab843,Ryan Lindberg,2026-04-02,22:04:04,-07:00,2026-04-02T22:04:04-07:00,1,16
style.css,152,css,af3c57cf,Ryan Lindberg,2025-05-08,23:46:10,-07:00,2025-05-08T23:46:10-07:00,1,21
style.css,153,css,e32ab843,Ryan Lindberg,2026-04-02,22:04:04,-07:00,2026-04-02T22:04:04-07:00,1,40
style.css,154,css,e32ab843,Ryan Lindberg,2026-04-02,22:04:04,-07:00,2026-04-02T22:04:04-07:00,1,12
style.css,155,css,e32ab843,Ryan Lindberg,2026-04-02,22:04:04,-07:00,2026-04-02T22:04:04-07:00,1,18
style.css,156,css,e32ab843,Ryan Lindberg,2026-04-02,22:04:04,-07:00,2026-04-02T22:04:04-07:00,1,18
style.css,157,css,e32ab843,Ryan Lindberg,2026-04-02,22:04:04,-07:00,2026-04-02T22:04:04-07:00,1,16
style.css,158,css,af3c57cf,Ryan Lindberg,2025-05-08,23:46:10,-07:00,2025-05-08T23:46:10-07:00,0,0
style.css,159,css,af3c57cf,Ryan Lindberg,2025-05-08,23:46:10,-07:00,2025-05-08T23:46:10-07:00,0,0
style.css,160,css,e32ab843,Ryan Lindberg,2026-04-02,22:04:04,-07:00,2026-04-02T22:04:04-07:00,0,5
style.css,161,css,e973df73,Ryan Lindberg,2026-04-03,17:15:09,-07:00,2026-04-03T17:15:09-07:00,1,16
style.css,162,css,e973df73,Ryan Lindberg,2026-04-03,17:15:09,-07:00,2026-04-03T17:15:09-07:00,1,14
style.css,163,css,e32ab843,Ryan Lindberg,2026-04-02,22:04:04,-07:00,2026-04-02T22:04:04-07:00,1,24
style.css,164,css,e32ab843,Ryan Lindberg,2026-04-02,22:04:04,-07:00,2026-04-02T22:04:04-07:00,1,20
style.css,165,css,e32ab843,Ryan Lindberg,2026-04-02,22:04:04,-07:00,2026-04-02T22:04:04-07:00,1,17
style.css,166,css,e32ab843,Ryan Lindberg,2026-04-02,22:04:04,-07:00,2026-04-02T22:04:04-07:00,1,40
style.css,167,css,e32ab843,Ryan Lindberg,2026-04-02,22:04:04,-07:00,2026-04-02T22:04:04-07:00,1,12
style.css,168,css,e32ab843,Ryan Lindberg,2026-04-02,22:04:04,-07:00,2026-04-02T22:04:04-07:00,1,18
style.css,169,css,e32ab843,Ryan Lindberg,2026-04-02,22:04:04,-07:00,2026-04-02T22:04:04-07:00,1,21
style.css,170,css,e32ab843,Ryan Lindberg,2026-04-02,22:04:04,-07:00,2026-04-02T22:04:04-07:00,1,26
style.css,171,css,e7852c5b,Ryan Lindberg,2025-04-09,21:39:14,-07:00,2025-04-09T21:39:14-07:00,0,0
style.css,172,css,e7852c5b,Ryan Lindberg,2025-04-09,21:39:14,-07:00,2025-04-09T21:39:14-07:00,0,0
style.css,173,css,e32ab843,Ryan Lindberg,2026-04-02,22:04:04,-07:00,2026-04-02T22:04:04-07:00,0,11
style.css,174,css,e32ab843,Ryan Lindberg,2026-04-02,22:04:04,-07:00,2026-04-02T22:04:04-07:00,1,26
style.css,175,css,e32ab843,Ryan Lindberg,2026-04-02,22:04:04,-07:00,2026-04-02T22:04:04-07:00,1,20
style.css,176,css,e32ab843,Ryan Lindberg,2026-04-02,22:04:04,-07:00,2026-04-02T22:04:04-07:00,1,17
style.css,177,css,822198d4,Ryan Lindberg,2025-07-08,21:21:21,-07:00,2025-07-08T21:21:21-07:00,0,0
style.css,178,css,822198d4,Ryan Lindberg,2025-07-08,21:21:21,-07:00,2025-07-08T21:21:21-07:00,0,0
style.css,179,css,e32ab843,Ryan Lindberg,2026-04-02,22:04:04,-07:00,2026-04-02T22:04:04-07:00,0,13
style.css,180,css,e32ab843,Ryan Lindberg,2026-04-02,22:04:04,-07:00,2026-04-02T22:04:04-07:00,1,24
style.css,181,css,e32ab843,Ryan Lindberg,2026-04-02,22:04:04,-07:00,2026-04-02T22:04:04-07:00,1,13
style.css,182,css,e32ab843,Ryan Lindberg,2026-04-02,22:04:04,-07:00,2026-04-02T22:04:04-07:00,1,16
style.css,183,css,822198d4,Ryan Lindberg,2025-07-08,21:21:21,-07:00,2025-07-08T21:21:21-07:00,0,0
style.css,184,css,822198d4,Ryan Lindberg,2025-07-08,21:21:21,-07:00,2025-07-08T21:21:21-07:00,0,0
style.css,185,css,e32ab843,Ryan Lindberg,2026-04-02,22:04:04,-07:00,2026-04-02T22:04:04-07:00,0,16
style.css,186,css,e32ab843,Ryan Lindberg,2026-04-02,22:04:04,-07:00,2026-04-02T22:04:04-07:00,1,16
style.css,187,css,e32ab843,Ryan Lindberg,2026-04-02,22:04:04,-07:00,2026-04-02T22:04:04-07:00,1,16
style.css,188,css,e32ab843,Ryan Lindberg,2026-04-02,22:04:04,-07:00,2026-04-02T22:04:04-07:00,1,13
style.css,189,css,e32ab843,Ryan Lindberg,2026-04-02,22:04:04,-07:00,2026-04-02T22:04:04-07:00,1,23
style.css,190,css,822198d4,Ryan Lindberg,2025-07-08,21:21:21,-07:00,2025-07-08T21:21:21-07:00,1,12
style.css,191,css,822198d4,Ryan Lindberg,2025-07-08,21:21:21,-07:00,2025-07-08T21:21:21-07:00,1,18
style.css,192,css,e32ab843,Ryan Lindberg,2026-04-02,22:04:04,-07:00,2026-04-02T22:04:04-07:00,1,20
style.css,193,css,e32ab843,Ryan Lindberg,2026-04-02,22:04:04,-07:00,2026-04-02T22:04:04-07:00,1,16
style.css,194,css,822198d4,Ryan Lindberg,2025-07-08,21:21:21,-07:00,2025-07-08T21:21:21-07:00,0,0
style.css,195,css,822198d4,Ryan Lindberg,2025-07-08,21:21:21,-07:00,2025-07-08T21:21:21-07:00,0,0
style.css,196,css,e32ab843,Ryan Lindberg,2026-04-02,22:04:04,-07:00,2026-04-02T22:04:04-07:00,0,38
style.css,197,css,e32ab843,Ryan Lindberg,2026-04-02,22:04:04,-07:00,2026-04-02T22:04:04-07:00,0,7
style.css,198,css,e32ab843,Ryan Lindberg,2026-04-02,22:04:04,-07:00,2026-04-02T22:04:04-07:00,1,30
style.css,199,css,e32ab843,Ryan Lindberg,2026-04-02,22:04:04,-07:00,2026-04-02T22:04:04-07:00,1,26
style.css,200,css,e32ab843,Ryan Lindberg,2026-04-02,22:04:04,-07:00,2026-04-02T22:04:04-07:00,1,18
style.css,201,css,e32ab843,Ryan Lindberg,2026-04-02,22:04:04,-07:00,2026-04-02T22:04:04-07:00,1,9
style.css,202,css,e32ab843,Ryan Lindberg,2026-04-02,22:04:04,-07:00,2026-04-02T22:04:04-07:00,2,26
style.css,203,css,e32ab843,Ryan Lindberg,2026-04-02,22:04:04,-07:00,2026-04-02T22:04:04-07:00,2,36
style.css,204,css,e32ab843,Ryan Lindberg,2026-04-02,22:04:04,-07:00,2026-04-02T22:04:04-07:00,0,0
style.css,205,css,e32ab843,Ryan Lindberg,2026-04-02,22:04:04,-07:00,2026-04-02T22:04:04-07:00,0,0
style.css,206,css,e32ab843,Ryan Lindberg,2026-04-02,22:04:04,-07:00,2026-04-02T22:04:04-07:00,0,16
style.css,207,css,e32ab843,Ryan Lindberg,2026-04-02,22:04:04,-07:00,2026-04-02T22:04:04-07:00,1,29
style.css,208,css,e32ab843,Ryan Lindberg,2026-04-02,22:04:04,-07:00,2026-04-02T22:04:04-07:00,1,26
style.css,209,css,e973df73,Ryan Lindberg,2026-04-03,17:15:09,-07:00,2026-04-03T17:15:09-07:00,1,16
style.css,210,css,e973df73,Ryan Lindberg,2026-04-03,17:15:09,-07:00,2026-04-03T17:15:09-07:00,1,14
style.css,211,css,e32ab843,Ryan Lindberg,2026-04-02,22:04:04,-07:00,2026-04-02T22:04:04-07:00,1,16
style.css,212,css,e32ab843,Ryan Lindberg,2026-04-02,22:04:04,-07:00,2026-04-02T22:04:04-07:00,1,24
style.css,213,css,e32ab843,Ryan Lindberg,2026-04-02,22:04:04,-07:00,2026-04-02T22:04:04-07:00,1,20
style.css,214,css,822198d4,Ryan Lindberg,2025-07-08,21:21:21,-07:00,2025-07-08T21:21:21-07:00,1,12
style.css,215,css,822198d4,Ryan Lindberg,2025-07-08,21:21:21,-07:00,2025-07-08T21:21:21-07:00,1,18
style.css,216,css,e32ab843,Ryan Lindberg,2026-04-02,22:04:04,-07:00,2026-04-02T22:04:04-07:00,1,7
style.css,217,css,e32ab843,Ryan Lindberg,2026-04-02,22:04:04,-07:00,2026-04-02T22:04:04-07:00,1,16
style.css,218,css,e973df73,Ryan Lindberg,2026-04-03,17:15:09,-07:00,2026-04-03T17:15:09-07:00,1,15
style.css,219,css,822198d4,Ryan Lindberg,2025-07-08,21:21:21,-07:00,2025-07-08T21:21:21-07:00,0,0
style.css,220,css,822198d4,Ryan Lindberg,2025-07-08,21:21:21,-07:00,2025-07-08T21:21:21-07:00,0,0
style.css,221,css,e32ab843,Ryan Lindberg,2026-04-02,22:04:04,-07:00,2026-04-02T22:04:04-07:00,0,16
style.css,222,css,e32ab843,Ryan Lindberg,2026-04-02,22:04:04,-07:00,2026-04-02T22:04:04-07:00,1,12
style.css,223,css,e32ab843,Ryan Lindberg,2026-04-02,22:04:04,-07:00,2026-04-02T22:04:04-07:00,1,7
style.css,224,css,e32ab843,Ryan Lindberg,2026-04-02,22:04:04,-07:00,2026-04-02T22:04:04-07:00,1,18
style.css,225,css,d1f569a5,Ryan Lindberg,2025-04-16,21:37:55,-07:00,2025-04-16T21:37:55-07:00,0,0
style.css,226,css,d1f569a5,Ryan Lindberg,2025-04-16,21:37:55,-07:00,2025-04-16T21:37:55-07:00,0,0
style.css,227,css,e32ab843,Ryan Lindberg,2026-04-02,22:04:04,-07:00,2026-04-02T22:04:04-07:00,0,4
style.css,228,css,e32ab843,Ryan Lindberg,2026-04-02,22:04:04,-07:00,2026-04-02T22:04:04-07:00,1,9
style.css,229,css,e32ab843,Ryan Lindberg,2026-04-02,22:04:04,-07:00,2026-04-02T22:04:04-07:00,1,10
style.css,230,css,e32ab843,Ryan Lindberg,2026-04-02,22:04:04,-07:00,2026-04-02T22:04:04-07:00,1,17
style.css,231,css,e32ab843,Ryan Lindberg,2026-04-02,22:04:04,-07:00,2026-04-02T22:04:04-07:00,1,20
style.css,232,css,822198d4,Ryan Lindberg,2025-07-08,21:21:21,-07:00,2025-07-08T21:21:21-07:00,0,0
style.css,233,css,822198d4,Ryan Lindberg,2025-07-08,21:21:21,-07:00,2025-07-08T21:21:21-07:00,0,0
style.css,234,css,e32ab843,Ryan Lindberg,2026-04-02,22:04:04,-07:00,2026-04-02T22:04:04-07:00,0,33
style.css,235,css,e32ab843,Ryan Lindberg,2026-04-02,22:04:04,-07:00,2026-04-02T22:04:04-07:00,0,31
style.css,236,css,e32ab843,Ryan Lindberg,2026-04-02,22:04:04,-07:00,2026-04-02T22:04:04-07:00,0,31
style.css,237,css,e32ab843,Ryan Lindberg,2026-04-02,22:04:04,-07:00,2026-04-02T22:04:04-07:00,0,0
style.css,238,css,e32ab843,Ryan Lindberg,2026-04-02,22:04:04,-07:00,2026-04-02T22:04:04-07:00,0,13
style.css,239,css,e32ab843,Ryan Lindberg,2026-04-02,22:04:04,-07:00,2026-04-02T22:04:04-07:00,1,6
style.css,240,css,e32ab843,Ryan Lindberg,2026-04-02,22:04:04,-07:00,2026-04-02T22:04:04-07:00,1,15
style.css,241,css,e32ab843,Ryan Lindberg,2026-04-02,22:04:04,-07:00,2026-04-02T22:04:04-07:00,1,22
style.css,242,css,e32ab843,Ryan Lindberg,2026-04-02,22:04:04,-07:00,2026-04-02T22:04:04-07:00,1,18
style.css,243,css,e7852c5b,Ryan Lindberg,2025-04-09,21:39:14,-07:00,2025-04-09T21:39:14-07:00,0,0
style.css,244,css,e7852c5b,Ryan Lindberg,2025-04-09,21:39:14,-07:00,2025-04-09T21:39:14-07:00,0,0
style.css,245,css,e32ab843,Ryan Lindberg,2026-04-02,22:04:04,-07:00,2026-04-02T22:04:04-07:00,0,12
style.css,246,css,e973df73,Ryan Lindberg,2026-04-03,17:15:09,-07:00,2026-04-03T17:15:09-07:00,1,17
style.css,247,css,e973df73,Ryan Lindberg,2026-04-03,17:15:09,-07:00,2026-04-03T17:15:09-07:00,1,14
style.css,248,css,e32ab843,Ryan Lindberg,2026-04-02,22:04:04,-07:00,2026-04-02T22:04:04-07:00,1,15
style.css,249,css,e32ab843,Ryan Lindberg,2026-04-02,22:04:04,-07:00,2026-04-02T22:04:04-07:00,1,13
style.css,250,css,4f623214,Ryan Lindberg,2025-04-10,10:35:27,-07:00,2025-04-10T10:35:27-07:00,0,0
style.css,251,css,4f623214,Ryan Lindberg,2025-04-10,10:35:27,-07:00,2025-04-10T10:35:27-07:00,0,0
style.css,252,css,e32ab843,Ryan Lindberg,2026-04-02,22:04:04,-07:00,2026-04-02T22:04:04-07:00,0,17
style.css,253,css,e32ab843,Ryan Lindberg,2026-04-02,22:04:04,-07:00,2026-04-02T22:04:04-07:00,1,28
style.css,254,css,e32ab843,Ryan Lindberg,2026-04-02,22:04:04,-07:00,2026-04-02T22:04:04-07:00,1,40
style.css,255,css,e32ab843,Ryan Lindberg,2026-04-02,22:04:04,-07:00,2026-04-02T22:04:04-07:00,1,15
style.css,256,css,e32ab843,Ryan Lindberg,2026-04-02,22:04:04,-07:00,2026-04-02T22:04:04-07:00,1,13
style.css,257,css,e32ab843,Ryan Lindberg,2026-04-02,22:04:04,-07:00,2026-04-02T22:04:04-07:00,1,23
style.css,258,css,e32ab843,Ryan Lindberg,2026-04-02,22:04:04,-07:00,2026-04-02T22:04:04-07:00,1,24
style.css,259,css,e32ab843,Ryan Lindberg,2026-04-02,22:04:04,-07:00,2026-04-02T22:04:04-07:00,1,21
style.css,260,css,e32ab843,Ryan Lindberg,2026-04-02,22:04:04,-07:00,2026-04-02T22:04:04-07:00,1,12
style.css,261,css,e32ab843,Ryan Lindberg,2026-04-02,22:04:04,-07:00,2026-04-02T22:04:04-07:00,1,18
style.css,262,css,e32ab843,Ryan Lindberg,2026-04-02,22:04:04,-07:00,2026-04-02T22:04:04-07:00,1,8
style.css,263,css,db0f6c60,Ryan Lindberg,2025-06-11,23:59:16,-07:00,2025-06-11T23:59:16-07:00,0,0
style.css,264,css,db0f6c60,Ryan Lindberg,2025-06-11,23:59:16,-07:00,2025-06-11T23:59:16-07:00,0,0
style.css,265,css,e32ab843,Ryan Lindberg,2026-04-02,22:04:04,-07:00,2026-04-02T22:04:04-07:00,0,40
style.css,266,css,e32ab843,Ryan Lindberg,2026-04-02,22:04:04,-07:00,2026-04-02T22:04:04-07:00,0,18
style.css,267,css,e32ab843,Ryan Lindberg,2026-04-02,22:04:04,-07:00,2026-04-02T22:04:04-07:00,1,15
style.css,268,css,e32ab843,Ryan Lindberg,2026-04-02,22:04:04,-07:00,2026-04-02T22:04:04-07:00,1,16
style.css,269,css,e32ab843,Ryan Lindberg,2026-04-02,22:04:04,-07:00,2026-04-02T22:04:04-07:00,1,25
style.css,270,css,e32ab843,Ryan Lindberg,2026-04-02,22:04:04,-07:00,2026-04-02T22:04:04-07:00,1,17
style.css,271,css,e32ab843,Ryan Lindberg,2026-04-02,22:04:04,-07:00,2026-04-02T22:04:04-07:00,1,10
style.css,272,css,e32ab843,Ryan Lindberg,2026-04-02,22:04:04,-07:00,2026-04-02T22:04:04-07:00,1,8
style.css,273,css,e32ab843,Ryan Lindberg,2026-04-02,22:04:04,-07:00,2026-04-02T22:04:04-07:00,1,13
style.css,274,css,e32ab843,Ryan Lindberg,2026-04-02,22:04:04,-07:00,2026-04-02T22:04:04-07:00,1,19
style.css,275,css,e32ab843,Ryan Lindberg,2026-04-02,22:04:04,-07:00,2026-04-02T22:04:04-07:00,1,16
style.css,276,css,e32ab843,Ryan Lindberg,2026-04-02,22:04:04,-07:00,2026-04-02T22:04:04-07:00,1,9
style.css,277,css,e32ab843,Ryan Lindberg,2026-04-02,22:04:04,-07:00,2026-04-02T22:04:04-07:00,1,34
style.css,278,css,4f623214,Ryan Lindberg,2025-04-10,10:35:27,-07:00,2025-04-10T10:35:27-07:00,0,0
style.css,279,css,4f623214,Ryan Lindberg,2025-04-10,10:35:27,-07:00,2025-04-10T10:35:27-07:00,0,0
style.css,280,css,e32ab843,Ryan Lindberg,2026-04-02,22:04:04,-07:00,2026-04-02T22:04:04-07:00,0,27
style.css,281,css,e32ab843,Ryan Lindberg,2026-04-02,22:04:04,-07:00,2026-04-02T22:04:04-07:00,0,12
style.css,282,css,e32ab843,Ryan Lindberg,2026-04-02,22:04:04,-07:00,2026-04-02T22:04:04-07:00,1,17
style.css,283,css,e32ab843,Ryan Lindberg,2026-04-02,22:04:04,-07:00,2026-04-02T22:04:04-07:00,1,18
style.css,284,css,e32ab843,Ryan Lindberg,2026-04-02,22:04:04,-07:00,2026-04-02T22:04:04-07:00,1,18
style.css,285,css,e32ab843,Ryan Lindberg,2026-04-02,22:04:04,-07:00,2026-04-02T22:04:04-07:00,1,38
style.css,286,css,4f623214,Ryan Lindberg,2025-04-10,10:35:27,-07:00,2025-04-10T10:35:27-07:00,0,0
style.css,287,css,4f623214,Ryan Lindberg,2025-04-10,10:35:27,-07:00,2025-04-10T10:35:27-07:00,0,0
style.css,288,css,e32ab843,Ryan Lindberg,2026-04-02,22:04:04,-07:00,2026-04-02T22:04:04-07:00,0,15
style.css,289,css,e32ab843,Ryan Lindberg,2026-04-02,22:04:04,-07:00,2026-04-02T22:04:04-07:00,1,14
style.css,290,css,4f623214,Ryan Lindberg,2025-04-10,10:35:27,-07:00,2025-04-10T10:35:27-07:00,1,8
style.css,291,css,e32ab843,Ryan Lindberg,2026-04-02,22:04:04,-07:00,2026-04-02T22:04:04-07:00,1,20
style.css,292,css,fff3462b,Ryan Lindberg,2025-04-10,10:39:44,-07:00,2025-04-10T10:39:44-07:00,0,0
style.css,293,css,fff3462b,Ryan Lindberg,2025-04-10,10:39:44,-07:00,2025-04-10T10:39:44-07:00,0,0
style.css,294,css,e32ab843,Ryan Lindberg,2026-04-02,22:04:04,-07:00,2026-04-02T22:04:04-07:00,0,22
style.css,295,css,e32ab843,Ryan Lindberg,2026-04-02,22:04:04,-07:00,2026-04-02T22:04:04-07:00,1,14
style.css,296,css,e32ab843,Ryan Lindberg,2026-04-02,22:04:04,-07:00,2026-04-02T22:04:04-07:00,1,23
style.css,297,css,e32ab843,Ryan Lindberg,2026-04-02,22:04:04,-07:00,2026-04-02T22:04:04-07:00,1,24
style.css,298,css,e32ab843,Ryan Lindberg,2026-04-02,22:04:04,-07:00,2026-04-02T22:04:04-07:00,1,21
style.css,299,css,e32ab843,Ryan Lindberg,2026-04-02,22:04:04,-07:00,2026-04-02T22:04:04-07:00,1,14
style.css,300,css,fff3462b,Ryan Lindberg,2025-04-10,10:39:44,-07:00,2025-04-10T10:39:44-07:00,0,0
style.css,301,css,fff3462b,Ryan Lindberg,2025-04-10,10:39:44,-07:00,2025-04-10T10:39:44-07:00,0,0
style.css,302,css,e32ab843,Ryan Lindberg,2026-04-02,22:04:04,-07:00,2026-04-02T22:04:04-07:00,0,35
style.css,303,css,e32ab843,Ryan Lindberg,2026-04-02,22:04:04,-07:00,2026-04-02T22:04:04-07:00,0,11
style.css,304,css,e32ab843,Ryan Lindberg,2026-04-02,22:04:04,-07:00,2026-04-02T22:04:04-07:00,1,14
style.css,305,css,e32ab843,Ryan Lindberg,2026-04-02,22:04:04,-07:00,2026-04-02T22:04:04-07:00,1,8
style.css,306,css,e32ab843,Ryan Lindberg,2026-04-02,22:04:04,-07:00,2026-04-02T22:04:04-07:00,1,6
style.css,307,css,e32ab843,Ryan Lindberg,2026-04-02,22:04:04,-07:00,2026-04-02T22:04:04-07:00,1,7
style.css,308,css,e32ab843,Ryan Lindberg,2026-04-02,22:04:04,-07:00,2026-04-02T22:04:04-07:00,1,28
style.css,309,css,e32ab843,Ryan Lindberg,2026-04-02,22:04:04,-07:00,2026-04-02T22:04:04-07:00,1,38
style.css,310,css,e32ab843,Ryan Lindberg,2026-04-02,22:04:04,-07:00,2026-04-02T22:04:04-07:00,1,12
style.css,311,css,e32ab843,Ryan Lindberg,2026-04-02,22:04:04,-07:00,2026-04-02T22:04:04-07:00,1,18
style.css,312,css,e32ab843,Ryan Lindberg,2026-04-02,22:04:04,-07:00,2026-04-02T22:04:04-07:00,1,9
style.css,313,css,e32ab843,Ryan Lindberg,2026-04-02,22:04:04,-07:00,2026-04-02T22:04:04-07:00,1,14
style.css,314,css,e32ab843,Ryan Lindberg,2026-04-02,22:04:04,-07:00,2026-04-02T22:04:04-07:00,1,23
style.css,315,css,e32ab843,Ryan Lindberg,2026-04-02,22:04:04,-07:00,2026-04-02T22:04:04-07:00,1,12
style.css,316,css,e32ab843,Ryan Lindberg,2026-04-02,22:04:04,-07:00,2026-04-02T22:04:04-07:00,1,11
style.css,317,css,e32ab843,Ryan Lindberg,2026-04-02,22:04:04,-07:00,2026-04-02T22:04:04-07:00,0,0
style.css,318,css,e32ab843,Ryan Lindberg,2026-04-02,22:04:04,-07:00,2026-04-02T22:04:04-07:00,0,0
style.css,319,css,e32ab843,Ryan Lindberg,2026-04-02,22:04:04,-07:00,2026-04-02T22:04:04-07:00,0,24
style.css,320,css,e32ab843,Ryan Lindberg,2026-04-02,22:04:04,-07:00,2026-04-02T22:04:04-07:00,1,16
style.css,321,css,e32ab843,Ryan Lindberg,2026-04-02,22:04:04,-07:00,2026-04-02T22:04:04-07:00,1,40
style.css,322,css,e32ab843,Ryan Lindberg,2026-04-02,22:04:04,-07:00,2026-04-02T22:04:04-07:00,1,40
style.css,323,css,e32ab843,Ryan Lindberg,2026-04-02,22:04:04,-07:00,2026-04-02T22:04:04-07:00,1,11
style.css,324,css,e32ab843,Ryan Lindberg,2026-04-02,22:04:04,-07:00,2026-04-02T22:04:04-07:00,1,12
style.css,325,css,e32ab843,Ryan Lindberg,2026-04-02,22:04:04,-07:00,2026-04-02T22:04:04-07:00,1,18
style.css,326,css,e32ab843,Ryan Lindberg,2026-04-02,22:04:04,-07:00,2026-04-02T22:04:04-07:00,1,18
style.css,327,css,e32ab843,Ryan Lindberg,2026-04-02,22:04:04,-07:00,2026-04-02T22:04:04-07:00,1,24
style.css,328,css,e32ab843,Ryan Lindberg,2026-04-02,22:04:04,-07:00,2026-04-02T22:04:04-07:00,1,21
style.css,329,css,fff3462b,Ryan Lindberg,2025-04-10,10:39:44,-07:00,2025-04-10T10:39:44-07:00,0,0
style.css,330,css,90ca658e,Ryan Lindberg,2025-04-10,10:46:55,-07:00,2025-04-10T10:46:55-07:00,0,0
style.css,331,css,e32ab843,Ryan Lindberg,2026-04-02,22:04:04,-07:00,2026-04-02T22:04:04-07:00,0,36
style.css,332,css,e32ab843,Ryan Lindberg,2026-04-02,22:04:04,-07:00,2026-04-02T22:04:04-07:00,1,16
style.css,333,css,90ca658e,Ryan Lindberg,2025-04-10,10:46:55,-07:00,2025-04-10T10:46:55-07:00,0,0
style.css,334,css,90ca658e,Ryan Lindberg,2025-04-10,10:46:55,-07:00,2025-04-10T10:46:55-07:00,0,0
style.css,335,css,e32ab843,Ryan Lindberg,2026-04-02,22:04:04,-07:00,2026-04-02T22:04:04-07:00,0,31
style.css,336,css,e32ab843,Ryan Lindberg,2026-04-02,22:04:04,-07:00,2026-04-02T22:04:04-07:00,1,19
style.css,337,css,90ca658e,Ryan Lindberg,2025-04-10,10:46:55,-07:00,2025-04-10T10:46:55-07:00,0,0
style.css,338,css,90ca658e,Ryan Lindberg,2025-04-10,10:46:55,-07:00,2025-04-10T10:46:55-07:00,0,0
style.css,339,css,e32ab843,Ryan Lindberg,2026-04-02,22:04:04,-07:00,2026-04-02T22:04:04-07:00,0,26
style.css,340,css,e32ab843,Ryan Lindberg,2026-04-02,22:04:04,-07:00,2026-04-02T22:04:04-07:00,1,6
style.css,341,css,90ca658e,Ryan Lindberg,2025-04-10,10:46:55,-07:00,2025-04-10T10:46:55-07:00,0,0
style.css,342,css,90ca658e,Ryan Lindberg,2025-04-10,10:46:55,-07:00,2025-04-10T10:46:55-07:00,0,0
style.css,343,css,e32ab843,Ryan Lindberg,2026-04-02,22:04:04,-07:00,2026-04-02T22:04:04-07:00,0,33
style.css,344,css,e32ab843,Ryan Lindberg,2026-04-02,22:04:04,-07:00,2026-04-02T22:04:04-07:00,0,10
style.css,345,css,e32ab843,Ryan Lindberg,2026-04-02,22:04:04,-07:00,2026-04-02T22:04:04-07:00,1,12
style.css,346,css,e32ab843,Ryan Lindberg,2026-04-02,22:04:04,-07:00,2026-04-02T22:04:04-07:00,1,29
style.css,347,css,e32ab843,Ryan Lindberg,2026-04-02,22:04:04,-07:00,2026-04-02T22:04:04-07:00,1,8
style.css,348,css,e32ab843,Ryan Lindberg,2026-04-02,22:04:04,-07:00,2026-04-02T22:04:04-07:00,1,17
style.css,349,css,90ca658e,Ryan Lindberg,2025-04-10,10:46:55,-07:00,2025-04-10T10:46:55-07:00,0,0
style.css,350,css,90ca658e,Ryan Lindberg,2025-04-10,10:46:55,-07:00,2025-04-10T10:46:55-07:00,0,0
style.css,351,css,e32ab843,Ryan Lindberg,2026-04-02,22:04:04,-07:00,2026-04-02T22:04:04-07:00,0,10
style.css,352,css,e32ab843,Ryan Lindberg,2026-04-02,22:04:04,-07:00,2026-04-02T22:04:04-07:00,1,12
style.css,353,css,e32ab843,Ryan Lindberg,2026-04-02,22:04:04,-07:00,2026-04-02T22:04:04-07:00,1,36
style.css,354,css,e32ab843,Ryan Lindberg,2026-04-02,22:04:04,-07:00,2026-04-02T22:04:04-07:00,1,8
style.css,355,css,e32ab843,Ryan Lindberg,2026-04-02,22:04:04,-07:00,2026-04-02T22:04:04-07:00,1,17
style.css,356,css,90ca658e,Ryan Lindberg,2025-04-10,10:46:55,-07:00,2025-04-10T10:46:55-07:00,0,0
style.css,357,css,90ca658e,Ryan Lindberg,2025-04-10,10:46:55,-07:00,2025-04-10T10:46:55-07:00,0,0
style.css,358,css,e32ab843,Ryan Lindberg,2026-04-02,22:04:04,-07:00,2026-04-02T22:04:04-07:00,0,25
style.css,359,css,e32ab843,Ryan Lindberg,2026-04-02,22:04:04,-07:00,2026-04-02T22:04:04-07:00,0,12
style.css,360,css,e32ab843,Ryan Lindberg,2026-04-02,22:04:04,-07:00,2026-04-02T22:04:04-07:00,1,15
style.css,361,css,e32ab843,Ryan Lindberg,2026-04-02,22:04:04,-07:00,2026-04-02T22:04:04-07:00,1,18
style.css,362,css,e32ab843,Ryan Lindberg,2026-04-02,22:04:04,-07:00,2026-04-02T22:04:04-07:00,1,17
style.css,363,css,fbd5e090,Ryan Lindberg,2025-04-10,11:14:43,-07:00,2025-04-10T11:14:43-07:00,0,0
style.css,364,css,fbd5e090,Ryan Lindberg,2025-04-10,11:14:43,-07:00,2025-04-10T11:14:43-07:00,0,0
style.css,365,css,e32ab843,Ryan Lindberg,2026-04-02,22:04:04,-07:00,2026-04-02T22:04:04-07:00,0,15
style.css,366,css,e973df73,Ryan Lindberg,2026-04-03,17:15:09,-07:00,2026-04-03T17:15:09-07:00,1,14
style.css,367,css,e32ab843,Ryan Lindberg,2026-04-02,22:04:04,-07:00,2026-04-02T22:04:04-07:00,1,37
style.css,368,css,e32ab843,Ryan Lindberg,2026-04-02,22:04:04,-07:00,2026-04-02T22:04:04-07:00,1,20
style.css,369,css,e32ab843,Ryan Lindberg,2026-04-02,22:04:04,-07:00,2026-04-02T22:04:04-07:00,1,18
style.css,370,css,e32ab843,Ryan Lindberg,2026-04-02,22:04:04,-07:00,2026-04-02T22:04:04-07:00,1,17
style.css,371,css,1f07d88b,Ryan Lindberg,2025-04-16,20:11:13,-07:00,2025-04-16T20:11:13-07:00,0,0
style.css,372,css,b058d76c,Ryan Lindberg,2025-04-24,16:30:14,-07:00,2025-04-24T16:30:14-07:00,0,0
style.css,373,css,e32ab843,Ryan Lindberg,2026-04-02,22:04:04,-07:00,2026-04-02T22:04:04-07:00,0,21
style.css,374,css,e973df73,Ryan Lindberg,2026-04-03,17:15:09,-07:00,2026-04-03T17:15:09-07:00,1,14
style.css,375,css,e32ab843,Ryan Lindberg,2026-04-02,22:04:04,-07:00,2026-04-02T22:04:04-07:00,1,23
style.css,376,css,e32ab843,Ryan Lindberg,2026-04-02,22:04:04,-07:00,2026-04-02T22:04:04-07:00,1,24
style.css,377,css,e32ab843,Ryan Lindberg,2026-04-02,22:04:04,-07:00,2026-04-02T22:04:04-07:00,1,20
style.css,378,css,e32ab843,Ryan Lindberg,2026-04-02,22:04:04,-07:00,2026-04-02T22:04:04-07:00,0,0
style.css,379,css,b058d76c,Ryan Lindberg,2025-04-24,16:30:14,-07:00,2025-04-24T16:30:14-07:00,0,0
style.css,380,css,e32ab843,Ryan Lindberg,2026-04-02,22:04:04,-07:00,2026-04-02T22:04:04-07:00,0,8
style.css,381,css,e32ab843,Ryan Lindberg,2026-04-02,22:04:04,-07:00,2026-04-02T22:04:04-07:00,1,10
style.css,382,css,e32ab843,Ryan Lindberg,2026-04-02,22:04:04,-07:00,2026-04-02T22:04:04-07:00,1,11
style.css,383,css,e32ab843,Ryan Lindberg,2026-04-02,22:04:04,-07:00,2026-04-02T22:04:04-07:00,1,13
style.css,384,css,e32ab843,Ryan Lindberg,2026-04-02,22:04:04,-07:00,2026-04-02T22:04:04-07:00,1,30
style.css,385,css,e32ab843,Ryan Lindberg,2026-04-02,22:04:04,-07:00,2026-04-02T22:04:04-07:00,1,20
style.css,386,css,b058d76c,Ryan Lindberg,2025-04-24,16:30:14,-07:00,2025-04-24T16:30:14-07:00,0,0
style.css,387,css,b058d76c,Ryan Lindberg,2025-04-24,16:30:14,-07:00,2025-04-24T16:30:14-07:00,0,0
style.css,388,css,e32ab843,Ryan Lindberg,2026-04-02,22:04:04,-07:00,2026-04-02T22:04:04-07:00,0,8
style.css,389,css,e32ab843,Ryan Lindberg,2026-04-02,22:04:04,-07:00,2026-04-02T22:04:04-07:00,1,13
style.css,390,css,e32ab843,Ryan Lindberg,2026-04-02,22:04:04,-07:00,2026-04-02T22:04:04-07:00,1,23
style.css,391,css,e32ab843,Ryan Lindberg,2026-04-02,22:04:04,-07:00,2026-04-02T22:04:04-07:00,1,24
style.css,392,css,e32ab843,Ryan Lindberg,2026-04-02,22:04:04,-07:00,2026-04-02T22:04:04-07:00,1,14
style.css,393,css,e32ab843,Ryan Lindberg,2026-04-02,22:04:04,-07:00,2026-04-02T22:04:04-07:00,1,21
style.css,394,css,b058d76c,Ryan Lindberg,2025-04-24,16:30:14,-07:00,2025-04-24T16:30:14-07:00,1,17
style.css,395,css,b058d76c,Ryan Lindberg,2025-04-24,16:30:14,-07:00,2025-04-24T16:30:14-07:00,0,0
style.css,396,css,b058d76c,Ryan Lindberg,2025-04-24,16:30:14,-07:00,2025-04-24T16:30:14-07:00,0,0
style.css,397,css,e32ab843,Ryan Lindberg,2026-04-02,22:04:04,-07:00,2026-04-02T22:04:04-07:00,0,4
style.css,398,css,e32ab843,Ryan Lindberg,2026-04-02,22:04:04,-07:00,2026-04-02T22:04:04-07:00,1,14
style.css,399,css,e32ab843,Ryan Lindberg,2026-04-02,22:04:04,-07:00,2026-04-02T22:04:04-07:00,1,15
style.css,400,css,e32ab843,Ryan Lindberg,2026-04-02,22:04:04,-07:00,2026-04-02T22:04:04-07:00,1,17
style.css,401,css,e32ab843,Ryan Lindberg,2026-04-02,22:04:04,-07:00,2026-04-02T22:04:04-07:00,1,8
style.css,402,css,e32ab843,Ryan Lindberg,2026-04-02,22:04:04,-07:00,2026-04-02T22:04:04-07:00,1,9
style.css,403,css,e32ab843,Ryan Lindberg,2026-04-02,22:04:04,-07:00,2026-04-02T22:04:04-07:00,1,14
style.css,404,css,b058d76c,Ryan Lindberg,2025-04-24,16:30:14,-07:00,2025-04-24T16:30:14-07:00,0,0
style.css,405,css,b058d76c,Ryan Lindberg,2025-04-24,16:30:14,-07:00,2025-04-24T16:30:14-07:00,0,0
style.css,406,css,e32ab843,Ryan Lindberg,2026-04-02,22:04:04,-07:00,2026-04-02T22:04:04-07:00,0,29
style.css,407,css,e32ab843,Ryan Lindberg,2026-04-02,22:04:04,-07:00,2026-04-02T22:04:04-07:00,0,9
style.css,408,css,e32ab843,Ryan Lindberg,2026-04-02,22:04:04,-07:00,2026-04-02T22:04:04-07:00,1,12
style.css,409,css,0c635b14,Ryan Lindberg,2026-04-03,22:52:36,-07:00,2026-04-03T22:52:36-07:00,1,60
style.css,410,css,0c635b14,Ryan Lindberg,2026-04-03,22:52:36,-07:00,2026-04-03T22:52:36-07:00,1,22
style.css,411,css,e32ab843,Ryan Lindberg,2026-04-02,22:04:04,-07:00,2026-04-02T22:04:04-07:00,1,8
style.css,412,css,e32ab843,Ryan Lindberg,2026-04-02,22:04:04,-07:00,2026-04-02T22:04:04-07:00,0,0
style.css,413,css,e32ab843,Ryan Lindberg,2026-04-02,22:04:04,-07:00,2026-04-02T22:04:04-07:00,0,0
style.css,414,css,e32ab843,Ryan Lindberg,2026-04-02,22:04:04,-07:00,2026-04-02T22:04:04-07:00,0,7
style.css,415,css,e32ab843,Ryan Lindberg,2026-04-02,22:04:04,-07:00,2026-04-02T22:04:04-07:00,1,16
style.css,416,css,e32ab843,Ryan Lindberg,2026-04-02,22:04:04,-07:00,2026-04-02T22:04:04-07:00,0,0
style.css,417,css,e32ab843,Ryan Lindberg,2026-04-02,22:04:04,-07:00,2026-04-02T22:04:04-07:00,0,0
style.css,418,css,e32ab843,Ryan Lindberg,2026-04-02,22:04:04,-07:00,2026-04-02T22:04:04-07:00,0,15
style.css,419,css,e32ab843,Ryan Lindberg,2026-04-02,22:04:04,-07:00,2026-04-02T22:04:04-07:00,1,11
style.css,420,css,e32ab843,Ryan Lindberg,2026-04-02,22:04:04,-07:00,2026-04-02T22:04:04-07:00,1,12
style.css,421,css,e32ab843,Ryan Lindberg,2026-04-02,22:04:04,-07:00,2026-04-02T22:04:04-07:00,1,21
style.css,422,css,e32ab843,Ryan Lindberg,2026-04-02,22:04:04,-07:00,2026-04-02T22:04:04-07:00,0,0
style.css,423,css,e32ab843,Ryan Lindberg,2026-04-02,22:04:04,-07:00,2026-04-02T22:04:04-07:00,0,0
style.css,424,css,e32ab843,Ryan Lindberg,2026-04-02,22:04:04,-07:00,2026-04-02T22:04:04-07:00,0,28
style.css,425,css,e32ab843,Ryan Lindberg,2026-04-02,22:04:04,-07:00,2026-04-02T22:04:04-07:00,1,6
style.css,426,css,c95bf611,Ryan Lindberg,2025-04-24,19:52:34,-07:00,2025-04-24T19:52:34-07:00,0,0
style.css,427,css,c95bf611,Ryan Lindberg,2025-04-24,19:52:34,-07:00,2025-04-24T19:52:34-07:00,0,0
style.css,428,css,c95bf611,Ryan Lindberg,2025-04-24,19:52:34,-07:00,2025-04-24T19:52:34-07:00,0,12
style.css,429,css,e32ab843,Ryan Lindberg,2026-04-02,22:04:04,-07:00,2026-04-02T22:04:04-07:00,1,10
style.css,430,css,e32ab843,Ryan Lindberg,2026-04-02,22:04:04,-07:00,2026-04-02T22:04:04-07:00,1,12
style.css,431,css,c95bf611,Ryan Lindberg,2025-04-24,19:52:34,-07:00,2025-04-24T19:52:34-07:00,1,16
style.css,432,css,c95bf611,Ryan Lindberg,2025-04-24,19:52:34,-07:00,2025-04-24T19:52:34-07:00,1,13
style.css,433,css,e32ab843,Ryan Lindberg,2026-04-02,22:04:04,-07:00,2026-04-02T22:04:04-07:00,1,30
style.css,434,css,e32ab843,Ryan Lindberg,2026-04-02,22:04:04,-07:00,2026-04-02T22:04:04-07:00,1,17
style.css,435,css,822198d4,Ryan Lindberg,2025-07-08,21:21:21,-07:00,2025-07-08T21:21:21-07:00,1,14
style.css,436,css,e32ab843,Ryan Lindberg,2026-04-02,22:04:04,-07:00,2026-04-02T22:04:04-07:00,1,23
style.css,437,css,822198d4,Ryan Lindberg,2025-07-08,21:21:21,-07:00,2025-07-08T21:21:21-07:00,0,0
style.css,438,css,822198d4,Ryan Lindberg,2025-07-08,21:21:21,-07:00,2025-07-08T21:21:21-07:00,0,0
style.css,439,css,822198d4,Ryan Lindberg,2025-07-08,21:21:21,-07:00,2025-07-08T21:21:21-07:00,0,18
style.css,440,css,e32ab843,Ryan Lindberg,2026-04-02,22:04:04,-07:00,2026-04-02T22:04:04-07:00,1,12
style.css,441,css,c95bf611,Ryan Lindberg,2025-04-24,19:52:34,-07:00,2025-04-24T19:52:34-07:00,0,0
style.css,442,css,af7fdaeb,Ryan Lindberg,2025-04-28,19:39:36,-07:00,2025-04-28T19:39:36-07:00,0,0
style.css,443,css,e32ab843,Ryan Lindberg,2026-04-02,22:04:04,-07:00,2026-04-02T22:04:04-07:00,0,13
style.css,444,css,e32ab843,Ryan Lindberg,2026-04-02,22:04:04,-07:00,2026-04-02T22:04:04-07:00,1,14
style.css,445,css,e32ab843,Ryan Lindberg,2026-04-02,22:04:04,-07:00,2026-04-02T22:04:04-07:00,1,23
style.css,446,css,e32ab843,Ryan Lindberg,2026-04-02,22:04:04,-07:00,2026-04-02T22:04:04-07:00,1,15
style.css,447,css,e32ab843,Ryan Lindberg,2026-04-02,22:04:04,-07:00,2026-04-02T22:04:04-07:00,1,14
style.css,448,css,e32ab843,Ryan Lindberg,2026-04-02,22:04:04,-07:00,2026-04-02T22:04:04-07:00,0,0
style.css,449,css,3e0e180b,Ryan Lindberg,2025-05-08,23:31:56,-07:00,2025-05-08T23:31:56-07:00,0,0
style.css,450,css,e32ab843,Ryan Lindberg,2026-04-02,22:04:04,-07:00,2026-04-02T22:04:04-07:00,0,33
style.css,451,css,af7fdaeb,Ryan Lindberg,2025-04-28,19:39:36,-07:00,2025-04-28T19:39:36-07:00,0,18
style.css,452,css,e32ab843,Ryan Lindberg,2026-04-02,22:04:04,-07:00,2026-04-02T22:04:04-07:00,1,15
style.css,453,css,e32ab843,Ryan Lindberg,2026-04-02,22:04:04,-07:00,2026-04-02T22:04:04-07:00,1,15
style.css,454,css,af7fdaeb,Ryan Lindberg,2025-04-28,19:39:36,-07:00,2025-04-28T19:39:36-07:00,1,16
style.css,455,css,e32ab843,Ryan Lindberg,2026-04-02,22:04:04,-07:00,2026-04-02T22:04:04-07:00,1,13
style.css,456,css,af7fdaeb,Ryan Lindberg,2025-04-28,19:39:36,-07:00,2025-04-28T19:39:36-07:00,0,0
style.css,457,css,88330efb,Ryan Lindberg,2025-04-28,20:20:05,-07:00,2025-04-28T20:20:05-07:00,0,0
style.css,458,css,52913e6e,Ryan Lindberg,2025-05-30,13:11:14,-07:00,2025-05-30T13:11:14-07:00,0,51
style.css,459,css,52913e6e,Ryan Lindberg,2025-05-30,13:11:14,-07:00,2025-05-30T13:11:14-07:00,1,11
style.css,460,css,11e5b5e5,Ryan Lindberg,2025-04-28,22:54:50,-07:00,2025-04-28T22:54:50-07:00,0,0
style.css,461,css,11e5b5e5,Ryan Lindberg,2025-04-28,22:54:50,-07:00,2025-04-28T22:54:50-07:00,0,0
style.css,462,css,11e5b5e5,Ryan Lindberg,2025-04-28,22:54:50,-07:00,2025-04-28T22:54:50-07:00,0,4
style.css,463,css,11e5b5e5,Ryan Lindberg,2025-04-28,22:54:50,-07:00,2025-04-28T22:54:50-07:00,1,16
style.css,464,css,11e5b5e5,Ryan Lindberg,2025-04-28,22:54:50,-07:00,2025-04-28T22:54:50-07:00,1,14
style.css,465,css,11e5b5e5,Ryan Lindberg,2025-04-28,22:54:50,-07:00,2025-04-28T22:54:50-07:00,0,0
style.css,466,css,11e5b5e5,Ryan Lindberg,2025-04-28,22:54:50,-07:00,2025-04-28T22:54:50-07:00,0,0
style.css,467,css,11e5b5e5,Ryan Lindberg,2025-04-28,22:54:50,-07:00,2025-04-28T22:54:50-07:00,0,9
style.css,468,css,e32ab843,Ryan Lindberg,2026-04-02,22:04:04,-07:00,2026-04-02T22:04:04-07:00,1,32
style.css,469,css,52913e6e,Ryan Lindberg,2025-05-30,13:11:14,-07:00,2025-05-30T13:11:14-07:00,0,0
style.css,470,css,11e5b5e5,Ryan Lindberg,2025-04-28,22:54:50,-07:00,2025-04-28T22:54:50-07:00,0,0
style.css,471,css,52913e6e,Ryan Lindberg,2025-05-30,13:11:14,-07:00,2025-05-30T13:11:14-07:00,0,18
style.css,472,css,52913e6e,Ryan Lindberg,2025-05-30,13:11:14,-07:00,2025-05-30T13:11:14-07:00,1,17
style.css,473,css,11e5b5e5,Ryan Lindberg,2025-04-28,22:54:50,-07:00,2025-04-28T22:54:50-07:00,0,0
style.css,474,css,11e5b5e5,Ryan Lindberg,2025-04-28,22:54:50,-07:00,2025-04-28T22:54:50-07:00,0,0
style.css,475,css,11e5b5e5,Ryan Lindberg,2025-04-28,22:54:50,-07:00,2025-04-28T22:54:50-07:00,0,21
style.css,476,css,11e5b5e5,Ryan Lindberg,2025-04-28,22:54:50,-07:00,2025-04-28T22:54:50-07:00,1,18
style.css,477,css,11e5b5e5,Ryan Lindberg,2025-04-28,22:54:50,-07:00,2025-04-28T22:54:50-07:00,0,0
style.css,478,css,11e5b5e5,Ryan Lindberg,2025-04-28,22:54:50,-07:00,2025-04-28T22:54:50-07:00,0,0
style.css,479,css,88330efb,Ryan Lindberg,2025-04-28,20:20:05,-07:00,2025-04-28T20:20:05-07:00,0,7
style.css,480,css,88330efb,Ryan Lindberg,2025-04-28,20:20:05,-07:00,2025-04-28T20:20:05-07:00,1,12
style.css,481,css,e32ab843,Ryan Lindberg,2026-04-02,22:04:04,-07:00,2026-04-02T22:04:04-07:00,1,9
style.css,482,css,e32ab843,Ryan Lindberg,2026-04-02,22:04:04,-07:00,2026-04-02T22:04:04-07:00,1,57
style.css,483,css,88330efb,Ryan Lindberg,2025-04-28,20:20:05,-07:00,2025-04-28T20:20:05-07:00,1,15
style.css,484,css,e32ab843,Ryan Lindberg,2026-04-02,22:04:04,-07:00,2026-04-02T22:04:04-07:00,1,30
style.css,485,css,e32ab843,Ryan Lindberg,2026-04-02,22:04:04,-07:00,2026-04-02T22:04:04-07:00,1,11
style.css,486,css,e32ab843,Ryan Lindberg,2026-04-02,22:04:04,-07:00,2026-04-02T22:04:04-07:00,1,12
style.css,487,css,e32ab843,Ryan Lindberg,2026-04-02,22:04:04,-07:00,2026-04-02T22:04:04-07:00,1,26
style.css,488,css,88330efb,Ryan Lindberg,2025-04-28,20:20:05,-07:00,2025-04-28T20:20:05-07:00,0,0
style.css,489,css,88330efb,Ryan Lindberg,2025-04-28,20:20:05,-07:00,2025-04-28T20:20:05-07:00,0,0
style.css,490,css,88330efb,Ryan Lindberg,2025-04-28,20:20:05,-07:00,2025-04-28T20:20:05-07:00,0,12
style.css,491,css,88330efb,Ryan Lindberg,2025-04-28,20:20:05,-07:00,2025-04-28T20:20:05-07:00,1,12
style.css,492,css,88330efb,Ryan Lindberg,2025-04-28,20:20:05,-07:00,2025-04-28T20:20:05-07:00,1,18
style.css,493,css,88330efb,Ryan Lindberg,2025-04-28,20:20:05,-07:00,2025-04-28T20:20:05-07:00,1,9
style.css,494,css,e32ab843,Ryan Lindberg,2026-04-02,22:04:04,-07:00,2026-04-02T22:04:04-07:00,1,14
style.css,495,css,e32ab843,Ryan Lindberg,2026-04-02,22:04:04,-07:00,2026-04-02T22:04:04-07:00,1,24
style.css,496,css,88330efb,Ryan Lindberg,2025-04-28,20:20:05,-07:00,2025-04-28T20:20:05-07:00,0,0
style.css,497,css,88330efb,Ryan Lindberg,2025-04-28,20:20:05,-07:00,2025-04-28T20:20:05-07:00,0,0
style.css,498,css,88330efb,Ryan Lindberg,2025-04-28,20:20:05,-07:00,2025-04-28T20:20:05-07:00,0,7
style.css,499,css,e32ab843,Ryan Lindberg,2026-04-02,22:04:04,-07:00,2026-04-02T22:04:04-07:00,1,10
style.css,500,css,e32ab843,Ryan Lindberg,2026-04-02,22:04:04,-07:00,2026-04-02T22:04:04-07:00,1,11
style.css,501,css,88330efb,Ryan Lindberg,2025-04-28,20:20:05,-07:00,2025-04-28T20:20:05-07:00,1,29
style.css,502,css,88330efb,Ryan Lindberg,2025-04-28,20:20:05,-07:00,2025-04-28T20:20:05-07:00,1,20
style.css,503,css,88330efb,Ryan Lindberg,2025-04-28,20:20:05,-07:00,2025-04-28T20:20:05-07:00,0,0
style.css,504,css,fc68e2ab,Ryan Lindberg,2025-04-28,20:30:04,-07:00,2025-04-28T20:30:04-07:00,0,0
style.css,505,css,5fbe3831,Ryan Lindberg,2025-04-29,10:13:23,-07:00,2025-04-29T10:13:23-07:00,0,10
style.css,506,css,e32ab843,Ryan Lindberg,2026-04-02,22:04:04,-07:00,2026-04-02T22:04:04-07:00,1,12
style.css,507,css,e32ab843,Ryan Lindberg,2026-04-02,22:04:04,-07:00,2026-04-02T22:04:04-07:00,1,22
style.css,508,css,e32ab843,Ryan Lindberg,2026-04-02,22:04:04,-07:00,2026-04-02T22:04:04-07:00,1,8
style.css,509,css,e32ab843,Ryan Lindberg,2026-04-02,22:04:04,-07:00,2026-04-02T22:04:04-07:00,0,0
style.css,510,css,e32ab843,Ryan Lindberg,2026-04-02,22:04:04,-07:00,2026-04-02T22:04:04-07:00,0,0
style.css,511,css,e32ab843,Ryan Lindberg,2026-04-02,22:04:04,-07:00,2026-04-02T22:04:04-07:00,0,26
style.css,512,css,e32ab843,Ryan Lindberg,2026-04-02,22:04:04,-07:00,2026-04-02T22:04:04-07:00,0,14
style.css,513,css,e32ab843,Ryan Lindberg,2026-04-02,22:04:04,-07:00,2026-04-02T22:04:04-07:00,1,18
style.css,514,css,e32ab843,Ryan Lindberg,2026-04-02,22:04:04,-07:00,2026-04-02T22:04:04-07:00,0,0
style.css,515,css,e32ab843,Ryan Lindberg,2026-04-02,22:04:04,-07:00,2026-04-02T22:04:04-07:00,0,0
style.css,516,css,e32ab843,Ryan Lindberg,2026-04-02,22:04:04,-07:00,2026-04-02T22:04:04-07:00,0,18
style.css,517,css,5fbe3831,Ryan Lindberg,2025-04-29,10:13:23,-07:00,2025-04-29T10:13:23-07:00,1,12
style.css,518,css,5fbe3831,Ryan Lindberg,2025-04-29,10:13:23,-07:00,2025-04-29T10:13:23-07:00,1,18
style.css,519,css,e32ab843,Ryan Lindberg,2026-04-02,22:04:04,-07:00,2026-04-02T22:04:04-07:00,1,7
style.css,520,css,e32ab843,Ryan Lindberg,2026-04-02,22:04:04,-07:00,2026-04-02T22:04:04-07:00,0,0
style.css,521,css,e32ab843,Ryan Lindberg,2026-04-02,22:04:04,-07:00,2026-04-02T22:04:04-07:00,0,0
style.css,522,css,e32ab843,Ryan Lindberg,2026-04-02,22:04:04,-07:00,2026-04-02T22:04:04-07:00,0,14
style.css,523,css,e32ab843,Ryan Lindberg,2026-04-02,22:04:04,-07:00,2026-04-02T22:04:04-07:00,1,19
style.css,524,css,e32ab843,Ryan Lindberg,2026-04-02,22:04:04,-07:00,2026-04-02T22:04:04-07:00,1,16
style.css,525,css,e32ab843,Ryan Lindberg,2026-04-02,22:04:04,-07:00,2026-04-02T22:04:04-07:00,1,14
style.css,526,css,e32ab843,Ryan Lindberg,2026-04-02,22:04:04,-07:00,2026-04-02T22:04:04-07:00,1,16
style.css,527,css,5fbe3831,Ryan Lindberg,2025-04-29,10:13:23,-07:00,2025-04-29T10:13:23-07:00,0,0
style.css,528,css,5fbe3831,Ryan Lindberg,2025-04-29,10:13:23,-07:00,2025-04-29T10:13:23-07:00,0,0
style.css,529,css,f6d3cc3e,Ryan Lindberg,2025-04-29,00:21:02,-07:00,2025-04-29T00:21:02-07:00,0,10
style.css,530,css,e32ab843,Ryan Lindberg,2026-04-02,22:04:04,-07:00,2026-04-02T22:04:04-07:00,1,6
style.css,531,css,e32ab843,Ryan Lindberg,2026-04-02,22:04:04,-07:00,2026-04-02T22:04:04-07:00,1,15
style.css,532,css,e32ab843,Ryan Lindberg,2026-04-02,22:04:04,-07:00,2026-04-02T22:04:04-07:00,1,34
style.css,533,css,e32ab843,Ryan Lindberg,2026-04-02,22:04:04,-07:00,2026-04-02T22:04:04-07:00,1,14
style.css,534,css,e32ab843,Ryan Lindberg,2026-04-02,22:04:04,-07:00,2026-04-02T22:04:04-07:00,1,36
style.css,535,css,e32ab843,Ryan Lindberg,2026-04-02,22:04:04,-07:00,2026-04-02T22:04:04-07:00,1,26
style.css,536,css,e32ab843,Ryan Lindberg,2026-04-02,22:04:04,-07:00,2026-04-02T22:04:04-07:00,1,17
style.css,537,css,e32ab843,Ryan Lindberg,2026-04-02,22:04:04,-07:00,2026-04-02T22:04:04-07:00,1,12
style.css,538,css,e32ab843,Ryan Lindberg,2026-04-02,22:04:04,-07:00,2026-04-02T22:04:04-07:00,1,8
style.css,539,css,e32ab843,Ryan Lindberg,2026-04-02,22:04:04,-07:00,2026-04-02T22:04:04-07:00,0,0
style.css,540,css,e32ab843,Ryan Lindberg,2026-04-02,22:04:04,-07:00,2026-04-02T22:04:04-07:00,0,0
style.css,541,css,e32ab843,Ryan Lindberg,2026-04-02,22:04:04,-07:00,2026-04-02T22:04:04-07:00,0,16
style.css,542,css,e32ab843,Ryan Lindberg,2026-04-02,22:04:04,-07:00,2026-04-02T22:04:04-07:00,1,26
style.css,543,css,e32ab843,Ryan Lindberg,2026-04-02,22:04:04,-07:00,2026-04-02T22:04:04-07:00,0,0
style.css,544,css,e32ab843,Ryan Lindberg,2026-04-02,22:04:04,-07:00,2026-04-02T22:04:04-07:00,0,0
style.css,545,css,e32ab843,Ryan Lindberg,2026-04-02,22:04:04,-07:00,2026-04-02T22:04:04-07:00,0,43
style.css,546,css,e32ab843,Ryan Lindberg,2026-04-02,22:04:04,-07:00,2026-04-02T22:04:04-07:00,0,4
style.css,547,css,e32ab843,Ryan Lindberg,2026-04-02,22:04:04,-07:00,2026-04-02T22:04:04-07:00,0,7
style.css,548,css,e32ab843,Ryan Lindberg,2026-04-02,22:04:04,-07:00,2026-04-02T22:04:04-07:00,0,6
style.css,549,css,e32ab843,Ryan Lindberg,2026-04-02,22:04:04,-07:00,2026-04-02T22:04:04-07:00,1,34
style.css,550,css,e32ab843,Ryan Lindberg,2026-04-02,22:04:04,-07:00,2026-04-02T22:04:04-07:00,1,14
style.css,551,css,e32ab843,Ryan Lindberg,2026-04-02,22:04:04,-07:00,2026-04-02T22:04:04-07:00,1,26
style.css,552,css,e32ab843,Ryan Lindberg,2026-04-02,22:04:04,-07:00,2026-04-02T22:04:04-07:00,1,17
style.css,553,css,e32ab843,Ryan Lindberg,2026-04-02,22:04:04,-07:00,2026-04-02T22:04:04-07:00,1,36
style.css,554,css,e32ab843,Ryan Lindberg,2026-04-02,22:04:04,-07:00,2026-04-02T22:04:04-07:00,1,15
style.css,555,css,e32ab843,Ryan Lindberg,2026-04-02,22:04:04,-07:00,2026-04-02T22:04:04-07:00,1,12
style.css,556,css,e32ab843,Ryan Lindberg,2026-04-02,22:04:04,-07:00,2026-04-02T22:04:04-07:00,0,0
style.css,557,css,e32ab843,Ryan Lindberg,2026-04-02,22:04:04,-07:00,2026-04-02T22:04:04-07:00,0,0
style.css,558,css,e32ab843,Ryan Lindberg,2026-04-02,22:04:04,-07:00,2026-04-02T22:04:04-07:00,0,10
style.css,559,css,e32ab843,Ryan Lindberg,2026-04-02,22:04:04,-07:00,2026-04-02T22:04:04-07:00,0,13
style.css,560,css,e32ab843,Ryan Lindberg,2026-04-02,22:04:04,-07:00,2026-04-02T22:04:04-07:00,0,12
style.css,561,css,e32ab843,Ryan Lindberg,2026-04-02,22:04:04,-07:00,2026-04-02T22:04:04-07:00,1,26
style.css,562,css,e32ab843,Ryan Lindberg,2026-04-02,22:04:04,-07:00,2026-04-02T22:04:04-07:00,0,0
style.css,563,css,e32ab843,Ryan Lindberg,2026-04-02,22:04:04,-07:00,2026-04-02T22:04:04-07:00,0,0
style.css,564,css,e32ab843,Ryan Lindberg,2026-04-02,22:04:04,-07:00,2026-04-02T22:04:04-07:00,0,5
style.css,565,css,e32ab843,Ryan Lindberg,2026-04-02,22:04:04,-07:00,2026-04-02T22:04:04-07:00,0,20
style.css,566,css,e32ab843,Ryan Lindberg,2026-04-02,22:04:04,-07:00,2026-04-02T22:04:04-07:00,1,34
style.css,567,css,e32ab843,Ryan Lindberg,2026-04-02,22:04:04,-07:00,2026-04-02T22:04:04-07:00,1,14
style.css,568,css,e32ab843,Ryan Lindberg,2026-04-02,22:04:04,-07:00,2026-04-02T22:04:04-07:00,1,28
style.css,569,css,e32ab843,Ryan Lindberg,2026-04-02,22:04:04,-07:00,2026-04-02T22:04:04-07:00,1,17
style.css,570,css,e32ab843,Ryan Lindberg,2026-04-02,22:04:04,-07:00,2026-04-02T22:04:04-07:00,1,36
style.css,571,css,e32ab843,Ryan Lindberg,2026-04-02,22:04:04,-07:00,2026-04-02T22:04:04-07:00,1,16
style.css,572,css,e32ab843,Ryan Lindberg,2026-04-02,22:04:04,-07:00,2026-04-02T22:04:04-07:00,1,14
style.css,573,css,e32ab843,Ryan Lindberg,2026-04-02,22:04:04,-07:00,2026-04-02T22:04:04-07:00,1,24
style.css,574,css,e32ab843,Ryan Lindberg,2026-04-02,22:04:04,-07:00,2026-04-02T22:04:04-07:00,1,20
style.css,575,css,e32ab843,Ryan Lindberg,2026-04-02,22:04:04,-07:00,2026-04-02T22:04:04-07:00,0,0
style.css,576,css,e32ab843,Ryan Lindberg,2026-04-02,22:04:04,-07:00,2026-04-02T22:04:04-07:00,0,0
style.css,577,css,e32ab843,Ryan Lindberg,2026-04-02,22:04:04,-07:00,2026-04-02T22:04:04-07:00,0,11
style.css,578,css,e32ab843,Ryan Lindberg,2026-04-02,22:04:04,-07:00,2026-04-02T22:04:04-07:00,0,26
style.css,579,css,e32ab843,Ryan Lindberg,2026-04-02,22:04:04,-07:00,2026-04-02T22:04:04-07:00,1,26
style.css,580,css,e32ab843,Ryan Lindberg,2026-04-02,22:04:04,-07:00,2026-04-02T22:04:04-07:00,0,0
style.css,581,css,e32ab843,Ryan Lindberg,2026-04-02,22:04:04,-07:00,2026-04-02T22:04:04-07:00,0,0
style.css,582,css,e32ab843,Ryan Lindberg,2026-04-02,22:04:04,-07:00,2026-04-02T22:04:04-07:00,0,12
style.css,583,css,e32ab843,Ryan Lindberg,2026-04-02,22:04:04,-07:00,2026-04-02T22:04:04-07:00,0,27
style.css,584,css,e32ab843,Ryan Lindberg,2026-04-02,22:04:04,-07:00,2026-04-02T22:04:04-07:00,1,18
style.css,585,css,e32ab843,Ryan Lindberg,2026-04-02,22:04:04,-07:00,2026-04-02T22:04:04-07:00,0,0
style.css,586,css,e32ab843,Ryan Lindberg,2026-04-02,22:04:04,-07:00,2026-04-02T22:04:04-07:00,0,0
style.css,587,css,e32ab843,Ryan Lindberg,2026-04-02,22:04:04,-07:00,2026-04-02T22:04:04-07:00,0,28
style.css,588,css,e32ab843,Ryan Lindberg,2026-04-02,22:04:04,-07:00,2026-04-02T22:04:04-07:00,0,18
style.css,589,css,e32ab843,Ryan Lindberg,2026-04-02,22:04:04,-07:00,2026-04-02T22:04:04-07:00,1,12
style.css,590,css,e32ab843,Ryan Lindberg,2026-04-02,22:04:04,-07:00,2026-04-02T22:04:04-07:00,1,21
style.css,591,css,e32ab843,Ryan Lindberg,2026-04-02,22:04:04,-07:00,2026-04-02T22:04:04-07:00,1,8
style.css,592,css,e32ab843,Ryan Lindberg,2026-04-02,22:04:04,-07:00,2026-04-02T22:04:04-07:00,1,15
style.css,593,css,e32ab843,Ryan Lindberg,2026-04-02,22:04:04,-07:00,2026-04-02T22:04:04-07:00,0,0
style.css,594,css,e32ab843,Ryan Lindberg,2026-04-02,22:04:04,-07:00,2026-04-02T22:04:04-07:00,0,0
style.css,595,css,e32ab843,Ryan Lindberg,2026-04-02,22:04:04,-07:00,2026-04-02T22:04:04-07:00,0,24
style.css,596,css,e32ab843,Ryan Lindberg,2026-04-02,22:04:04,-07:00,2026-04-02T22:04:04-07:00,1,12
style.css,597,css,e32ab843,Ryan Lindberg,2026-04-02,22:04:04,-07:00,2026-04-02T22:04:04-07:00,1,21
style.css,598,css,e32ab843,Ryan Lindberg,2026-04-02,22:04:04,-07:00,2026-04-02T22:04:04-07:00,1,7
style.css,599,css,e32ab843,Ryan Lindberg,2026-04-02,22:04:04,-07:00,2026-04-02T22:04:04-07:00,1,14
style.css,600,css,e32ab843,Ryan Lindberg,2026-04-02,22:04:04,-07:00,2026-04-02T22:04:04-07:00,1,24
style.css,601,css,e32ab843,Ryan Lindberg,2026-04-02,22:04:04,-07:00,2026-04-02T22:04:04-07:00,1,20
style.css,602,css,e32ab843,Ryan Lindberg,2026-04-02,22:04:04,-07:00,2026-04-02T22:04:04-07:00,1,23
style.css,603,css,9962748b,Ryan Lindberg,2025-05-30,12:49:24,-07:00,2025-05-30T12:49:24-07:00,0,0
style.css,604,css,fd02e76a,Ryan Lindberg,2025-05-08,17:22:39,-07:00,2025-05-08T17:22:39-07:00,0,0
style.css,605,css,e32ab843,Ryan Lindberg,2026-04-02,22:04:04,-07:00,2026-04-02T22:04:04-07:00,0,23
style.css,606,css,e32ab843,Ryan Lindberg,2026-04-02,22:04:04,-07:00,2026-04-02T22:04:04-07:00,0,27
style.css,607,css,e32ab843,Ryan Lindberg,2026-04-02,22:04:04,-07:00,2026-04-02T22:04:04-07:00,1,10
style.css,608,css,e32ab843,Ryan Lindberg,2026-04-02,22:04:04,-07:00,2026-04-02T22:04:04-07:00,0,0
style.css,609,css,e32ab843,Ryan Lindberg,2026-04-02,22:04:04,-07:00,2026-04-02T22:04:04-07:00,0,0
style.css,610,css,e32ab843,Ryan Lindberg,2026-04-02,22:04:04,-07:00,2026-04-02T22:04:04-07:00,0,27
style.css,611,css,e32ab843,Ryan Lindberg,2026-04-02,22:04:04,-07:00,2026-04-02T22:04:04-07:00,1,16
style.css,612,css,e32ab843,Ryan Lindberg,2026-04-02,22:04:04,-07:00,2026-04-02T22:04:04-07:00,1,15
style.css,613,css,e32ab843,Ryan Lindberg,2026-04-02,22:04:04,-07:00,2026-04-02T22:04:04-07:00,0,0
style.css,614,css,e32ab843,Ryan Lindberg,2026-04-02,22:04:04,-07:00,2026-04-02T22:04:04-07:00,0,0
style.css,615,css,e32ab843,Ryan Lindberg,2026-04-02,22:04:04,-07:00,2026-04-02T22:04:04-07:00,0,16
style.css,616,css,e32ab843,Ryan Lindberg,2026-04-02,22:04:04,-07:00,2026-04-02T22:04:04-07:00,1,14
style.css,617,css,e32ab843,Ryan Lindberg,2026-04-02,22:04:04,-07:00,2026-04-02T22:04:04-07:00,0,0
style.css,618,css,e32ab843,Ryan Lindberg,2026-04-02,22:04:04,-07:00,2026-04-02T22:04:04-07:00,0,0
style.css,619,css,e32ab843,Ryan Lindberg,2026-04-02,22:04:04,-07:00,2026-04-02T22:04:04-07:00,0,14
style.css,620,css,e32ab843,Ryan Lindberg,2026-04-02,22:04:04,-07:00,2026-04-02T22:04:04-07:00,1,21
style.css,621,css,e32ab843,Ryan Lindberg,2026-04-02,22:04:04,-07:00,2026-04-02T22:04:04-07:00,1,16
style.css,622,css,e32ab843,Ryan Lindberg,2026-04-02,22:04:04,-07:00,2026-04-02T22:04:04-07:00,0,0
style.css,623,css,e32ab843,Ryan Lindberg,2026-04-02,22:04:04,-07:00,2026-04-02T22:04:04-07:00,0,0
style.css,624,css,e32ab843,Ryan Lindberg,2026-04-02,22:04:04,-07:00,2026-04-02T22:04:04-07:00,0,23
style.css,625,css,e32ab843,Ryan Lindberg,2026-04-02,22:04:04,-07:00,2026-04-02T22:04:04-07:00,0,10
style.css,626,css,e32ab843,Ryan Lindberg,2026-04-02,22:04:04,-07:00,2026-04-02T22:04:04-07:00,1,14
style.css,627,css,e32ab843,Ryan Lindberg,2026-04-02,22:04:04,-07:00,2026-04-02T22:04:04-07:00,1,18
style.css,628,css,e32ab843,Ryan Lindberg,2026-04-02,22:04:04,-07:00,2026-04-02T22:04:04-07:00,1,14
style.css,629,css,e32ab843,Ryan Lindberg,2026-04-02,22:04:04,-07:00,2026-04-02T22:04:04-07:00,0,0
style.css,630,css,e32ab843,Ryan Lindberg,2026-04-02,22:04:04,-07:00,2026-04-02T22:04:04-07:00,0,0
style.css,631,css,e32ab843,Ryan Lindberg,2026-04-02,22:04:04,-07:00,2026-04-02T22:04:04-07:00,0,10
style.css,632,css,e32ab843,Ryan Lindberg,2026-04-02,22:04:04,-07:00,2026-04-02T22:04:04-07:00,1,20
style.css,633,css,e32ab843,Ryan Lindberg,2026-04-02,22:04:04,-07:00,2026-04-02T22:04:04-07:00,1,30
style.css,634,css,e32ab843,Ryan Lindberg,2026-04-02,22:04:04,-07:00,2026-04-02T22:04:04-07:00,1,15
style.css,635,css,e32ab843,Ryan Lindberg,2026-04-02,22:04:04,-07:00,2026-04-02T22:04:04-07:00,1,14
style.css,636,css,e32ab843,Ryan Lindberg,2026-04-02,22:04:04,-07:00,2026-04-02T22:04:04-07:00,1,24
style.css,637,css,e32ab843,Ryan Lindberg,2026-04-02,22:04:04,-07:00,2026-04-02T22:04:04-07:00,1,20
style.css,638,css,e32ab843,Ryan Lindberg,2026-04-02,22:04:04,-07:00,2026-04-02T22:04:04-07:00,1,20
style.css,639,css,e32ab843,Ryan Lindberg,2026-04-02,22:04:04,-07:00,2026-04-02T22:04:04-07:00,1,21
style.css,640,css,e32ab843,Ryan Lindberg,2026-04-02,22:04:04,-07:00,2026-04-02T22:04:04-07:00,0,0
style.css,641,css,e32ab843,Ryan Lindberg,2026-04-02,22:04:04,-07:00,2026-04-02T22:04:04-07:00,0,0
style.css,642,css,e32ab843,Ryan Lindberg,2026-04-02,22:04:04,-07:00,2026-04-02T22:04:04-07:00,0,16
style.css,643,css,e32ab843,Ryan Lindberg,2026-04-02,22:04:04,-07:00,2026-04-02T22:04:04-07:00,1,12
style.css,644,css,e32ab843,Ryan Lindberg,2026-04-02,22:04:04,-07:00,2026-04-02T22:04:04-07:00,1,29
style.css,645,css,e32ab843,Ryan Lindberg,2026-04-02,22:04:04,-07:00,2026-04-02T22:04:04-07:00,1,8
style.css,646,css,e32ab843,Ryan Lindberg,2026-04-02,22:04:04,-07:00,2026-04-02T22:04:04-07:00,1,17
style.css,647,css,e32ab843,Ryan Lindberg,2026-04-02,22:04:04,-07:00,2026-04-02T22:04:04-07:00,0,0
style.css,648,css,e32ab843,Ryan Lindberg,2026-04-02,22:04:04,-07:00,2026-04-02T22:04:04-07:00,0,0
style.css,649,css,e32ab843,Ryan Lindberg,2026-04-02,22:04:04,-07:00,2026-04-02T22:04:04-07:00,0,18
style.css,650,css,e32ab843,Ryan Lindberg,2026-04-02,22:04:04,-07:00,2026-04-02T22:04:04-07:00,1,19
style.css,651,css,e32ab843,Ryan Lindberg,2026-04-02,22:04:04,-07:00,2026-04-02T22:04:04-07:00,1,20
style.css,652,css,e32ab843,Ryan Lindberg,2026-04-02,22:04:04,-07:00,2026-04-02T22:04:04-07:00,1,20
style.css,653,css,e32ab843,Ryan Lindberg,2026-04-02,22:04:04,-07:00,2026-04-02T22:04:04-07:00,0,0
style.css,654,css,e32ab843,Ryan Lindberg,2026-04-02,22:04:04,-07:00,2026-04-02T22:04:04-07:00,0,0
style.css,655,css,e32ab843,Ryan Lindberg,2026-04-02,22:04:04,-07:00,2026-04-02T22:04:04-07:00,0,9
style.css,656,css,e32ab843,Ryan Lindberg,2026-04-02,22:04:04,-07:00,2026-04-02T22:04:04-07:00,1,30
style.css,657,css,e32ab843,Ryan Lindberg,2026-04-02,22:04:04,-07:00,2026-04-02T22:04:04-07:00,1,21
style.css,658,css,e32ab843,Ryan Lindberg,2026-04-02,22:04:04,-07:00,2026-04-02T22:04:04-07:00,1,20
style.css,659,css,e32ab843,Ryan Lindberg,2026-04-02,22:04:04,-07:00,2026-04-02T22:04:04-07:00,0,0
style.css,660,css,e32ab843,Ryan Lindberg,2026-04-02,22:04:04,-07:00,2026-04-02T22:04:04-07:00,0,0
style.css,661,css,e32ab843,Ryan Lindberg,2026-04-02,22:04:04,-07:00,2026-04-02T22:04:04-07:00,0,28
style.css,662,css,e32ab843,Ryan Lindberg,2026-04-02,22:04:04,-07:00,2026-04-02T22:04:04-07:00,0,14
style.css,663,css,e32ab843,Ryan Lindberg,2026-04-02,22:04:04,-07:00,2026-04-02T22:04:04-07:00,1,12
style.css,664,css,e32ab843,Ryan Lindberg,2026-04-02,22:04:04,-07:00,2026-04-02T22:04:04-07:00,1,9
style.css,665,css,e32ab843,Ryan Lindberg,2026-04-02,22:04:04,-07:00,2026-04-02T22:04:04-07:00,1,15
style.css,666,css,e32ab843,Ryan Lindberg,2026-04-02,22:04:04,-07:00,2026-04-02T22:04:04-07:00,1,15
style.css,667,css,e32ab843,Ryan Lindberg,2026-04-02,22:04:04,-07:00,2026-04-02T22:04:04-07:00,1,15
style.css,668,css,e32ab843,Ryan Lindberg,2026-04-02,22:04:04,-07:00,2026-04-02T22:04:04-07:00,1,14
style.css,669,css,e32ab843,Ryan Lindberg,2026-04-02,22:04:04,-07:00,2026-04-02T22:04:04-07:00,0,0
style.css,670,css,e32ab843,Ryan Lindberg,2026-04-02,22:04:04,-07:00,2026-04-02T22:04:04-07:00,0,0
style.css,671,css,e32ab843,Ryan Lindberg,2026-04-02,22:04:04,-07:00,2026-04-02T22:04:04-07:00,0,11
style.css,672,css,e32ab843,Ryan Lindberg,2026-04-02,22:04:04,-07:00,2026-04-02T22:04:04-07:00,1,12
style.css,673,css,e32ab843,Ryan Lindberg,2026-04-02,22:04:04,-07:00,2026-04-02T22:04:04-07:00,1,36
style.css,674,css,e32ab843,Ryan Lindberg,2026-04-02,22:04:04,-07:00,2026-04-02T22:04:04-07:00,1,11
style.css,675,css,e32ab843,Ryan Lindberg,2026-04-02,22:04:04,-07:00,2026-04-02T22:04:04-07:00,1,15
style.css,676,css,e32ab843,Ryan Lindberg,2026-04-02,22:04:04,-07:00,2026-04-02T22:04:04-07:00,1,17
style.css,677,css,e32ab843,Ryan Lindberg,2026-04-02,22:04:04,-07:00,2026-04-02T22:04:04-07:00,1,14
style.css,678,css,e32ab843,Ryan Lindberg,2026-04-02,22:04:04,-07:00,2026-04-02T22:04:04-07:00,0,0
style.css,679,css,e32ab843,Ryan Lindberg,2026-04-02,22:04:04,-07:00,2026-04-02T22:04:04-07:00,0,0
style.css,680,css,e32ab843,Ryan Lindberg,2026-04-02,22:04:04,-07:00,2026-04-02T22:04:04-07:00,0,14
style.css,681,css,e32ab843,Ryan Lindberg,2026-04-02,22:04:04,-07:00,2026-04-02T22:04:04-07:00,1,16
style.css,682,css,e32ab843,Ryan Lindberg,2026-04-02,22:04:04,-07:00,2026-04-02T22:04:04-07:00,1,17
style.css,683,css,e32ab843,Ryan Lindberg,2026-04-02,22:04:04,-07:00,2026-04-02T22:04:04-07:00,1,10
style.css,684,css,e32ab843,Ryan Lindberg,2026-04-02,22:04:04,-07:00,2026-04-02T22:04:04-07:00,1,24
style.css,685,css,e32ab843,Ryan Lindberg,2026-04-02,22:04:04,-07:00,2026-04-02T22:04:04-07:00,1,13
style.css,686,css,e32ab843,Ryan Lindberg,2026-04-02,22:04:04,-07:00,2026-04-02T22:04:04-07:00,1,20
style.css,687,css,e32ab843,Ryan Lindberg,2026-04-02,22:04:04,-07:00,2026-04-02T22:04:04-07:00,0,0
style.css,688,css,e32ab843,Ryan Lindberg,2026-04-02,22:04:04,-07:00,2026-04-02T22:04:04-07:00,0,0
style.css,689,css,e32ab843,Ryan Lindberg,2026-04-02,22:04:04,-07:00,2026-04-02T22:04:04-07:00,0,14
style.css,690,css,e32ab843,Ryan Lindberg,2026-04-02,22:04:04,-07:00,2026-04-02T22:04:04-07:00,1,8
style.css,691,css,e32ab843,Ryan Lindberg,2026-04-02,22:04:04,-07:00,2026-04-02T22:04:04-07:00,1,10
style.css,692,css,e32ab843,Ryan Lindberg,2026-04-02,22:04:04,-07:00,2026-04-02T22:04:04-07:00,1,14
style.css,693,css,e32ab843,Ryan Lindberg,2026-04-02,22:04:04,-07:00,2026-04-02T22:04:04-07:00,1,15
style.css,694,css,e32ab843,Ryan Lindberg,2026-04-02,22:04:04,-07:00,2026-04-02T22:04:04-07:00,1,19
style.css,695,css,e32ab843,Ryan Lindberg,2026-04-02,22:04:04,-07:00,2026-04-02T22:04:04-07:00,0,0
style.css,696,css,52913e6e,Ryan Lindberg,2025-05-30,13:11:14,-07:00,2025-05-30T13:11:14-07:00,0,0
style.css,697,css,e32ab843,Ryan Lindberg,2026-04-02,22:04:04,-07:00,2026-04-02T22:04:04-07:00,0,25
style.css,698,css,fd02e76a,Ryan Lindberg,2025-05-08,17:22:39,-07:00,2025-05-08T17:22:39-07:00,0,6
style.css,699,css,e32ab843,Ryan Lindberg,2026-04-02,22:04:04,-07:00,2026-04-02T22:04:04-07:00,1,12
style.css,700,css,e32ab843,Ryan Lindberg,2026-04-02,22:04:04,-07:00,2026-04-02T22:04:04-07:00,1,9
style.css,701,css,e32ab843,Ryan Lindberg,2026-04-02,22:04:04,-07:00,2026-04-02T22:04:04-07:00,1,15
style.css,702,css,e32ab843,Ryan Lindberg,2026-04-02,22:04:04,-07:00,2026-04-02T22:04:04-07:00,1,15
style.css,703,css,e32ab843,Ryan Lindberg,2026-04-02,22:04:04,-07:00,2026-04-02T22:04:04-07:00,1,15
style.css,704,css,94ad751a,Ryan Lindberg,2025-05-08,18:07:00,-07:00,2025-05-08T18:07:00-07:00,0,0
style.css,705,css,94ad751a,Ryan Lindberg,2025-05-08,18:07:00,-07:00,2025-05-08T18:07:00-07:00,0,0
style.css,706,css,94ad751a,Ryan Lindberg,2025-05-08,18:07:00,-07:00,2025-05-08T18:07:00-07:00,0,9
style.css,707,css,94ad751a,Ryan Lindberg,2025-05-08,18:07:00,-07:00,2025-05-08T18:07:00-07:00,1,12
style.css,708,css,94ad751a,Ryan Lindberg,2025-05-08,18:07:00,-07:00,2025-05-08T18:07:00-07:00,1,36
style.css,709,css,e32ab843,Ryan Lindberg,2026-04-02,22:04:04,-07:00,2026-04-02T22:04:04-07:00,1,11
style.css,710,css,e32ab843,Ryan Lindberg,2026-04-02,22:04:04,-07:00,2026-04-02T22:04:04-07:00,1,15
style.css,711,css,52913e6e,Ryan Lindberg,2025-05-30,13:11:14,-07:00,2025-05-30T13:11:14-07:00,1,17
style.css,712,css,94ad751a,Ryan Lindberg,2025-05-08,18:07:00,-07:00,2025-05-08T18:07:00-07:00,0,0
style.css,713,css,94ad751a,Ryan Lindberg,2025-05-08,18:07:00,-07:00,2025-05-08T18:07:00-07:00,0,0
style.css,714,css,94ad751a,Ryan Lindberg,2025-05-08,18:07:00,-07:00,2025-05-08T18:07:00-07:00,0,12
style.css,715,css,94ad751a,Ryan Lindberg,2025-05-08,18:07:00,-07:00,2025-05-08T18:07:00-07:00,1,16
style.css,716,css,e32ab843,Ryan Lindberg,2026-04-02,22:04:04,-07:00,2026-04-02T22:04:04-07:00,1,13
style.css,717,css,e32ab843,Ryan Lindberg,2026-04-02,22:04:04,-07:00,2026-04-02T22:04:04-07:00,1,24
style.css,718,css,e32ab843,Ryan Lindberg,2026-04-02,22:04:04,-07:00,2026-04-02T22:04:04-07:00,1,20
style.css,719,css,fd02e76a,Ryan Lindberg,2025-05-08,17:22:39,-07:00,2025-05-08T17:22:39-07:00,0,0
style.css,720,css,94ad751a,Ryan Lindberg,2025-05-08,18:07:00,-07:00,2025-05-08T18:07:00-07:00,0,0
style.css,721,css,94ad751a,Ryan Lindberg,2025-05-08,18:07:00,-07:00,2025-05-08T18:07:00-07:00,0,12
style.css,722,css,94ad751a,Ryan Lindberg,2025-05-08,18:07:00,-07:00,2025-05-08T18:07:00-07:00,1,8
style.css,723,css,94ad751a,Ryan Lindberg,2025-05-08,18:07:00,-07:00,2025-05-08T18:07:00-07:00,1,10
style.css,724,css,e32ab843,Ryan Lindberg,2026-04-02,22:04:04,-07:00,2026-04-02T22:04:04-07:00,1,14
style.css,725,css,94ad751a,Ryan Lindberg,2025-05-08,18:07:00,-07:00,2025-05-08T18:07:00-07:00,1,15
style.css,726,css,e32ab843,Ryan Lindberg,2026-04-02,22:04:04,-07:00,2026-04-02T22:04:04-07:00,1,19
style.css,727,css,94ad751a,Ryan Lindberg,2025-05-08,18:07:00,-07:00,2025-05-08T18:07:00-07:00,0,0
style.css,728,css,94ad751a,Ryan Lindberg,2025-05-08,18:07:00,-07:00,2025-05-08T18:07:00-07:00,0,0
style.css,729,css,f09f5860,Ryan Lindberg,2025-05-08,20:02:56,-07:00,2025-05-08T20:02:56-07:00,0,10
style.css,730,css,bd90a30b,Ryan Lindberg,2025-05-08,20:15:00,-07:00,2025-05-08T20:15:00-07:00,1,28
style.css,731,css,f09f5860,Ryan Lindberg,2025-05-08,20:02:56,-07:00,2025-05-08T20:02:56-07:00,1,16
style.css,732,css,f09f5860,Ryan Lindberg,2025-05-08,20:02:56,-07:00,2025-05-08T20:02:56-07:00,0,0
style.css,733,css,f09f5860,Ryan Lindberg,2025-05-08,20:02:56,-07:00,2025-05-08T20:02:56-07:00,0,0
style.css,734,css,f09f5860,Ryan Lindberg,2025-05-08,20:02:56,-07:00,2025-05-08T20:02:56-07:00,0,7
style.css,735,css,9962748b,Ryan Lindberg,2025-05-30,12:49:24,-07:00,2025-05-30T12:49:24-07:00,1,12
style.css,736,css,9962748b,Ryan Lindberg,2025-05-30,12:49:24,-07:00,2025-05-30T12:49:24-07:00,1,30
style.css,737,css,e32ab843,Ryan Lindberg,2026-04-02,22:04:04,-07:00,2026-04-02T22:04:04-07:00,1,11
style.css,738,css,e32ab843,Ryan Lindberg,2026-04-02,22:04:04,-07:00,2026-04-02T22:04:04-07:00,1,26
style.css,739,css,e32ab843,Ryan Lindberg,2026-04-02,22:04:04,-07:00,2026-04-02T22:04:04-07:00,1,11
style.css,740,css,e32ab843,Ryan Lindberg,2026-04-02,22:04:04,-07:00,2026-04-02T22:04:04-07:00,1,30
style.css,741,css,e32ab843,Ryan Lindberg,2026-04-02,22:04:04,-07:00,2026-04-02T22:04:04-07:00,1,38
style.css,742,css,f09f5860,Ryan Lindberg,2025-05-08,20:02:56,-07:00,2025-05-08T20:02:56-07:00,0,0
style.css,743,css,f09f5860,Ryan Lindberg,2025-05-08,20:02:56,-07:00,2025-05-08T20:02:56-07:00,0,0
style.css,744,css,f09f5860,Ryan Lindberg,2025-05-08,20:02:56,-07:00,2025-05-08T20:02:56-07:00,0,10
style.css,745,css,9962748b,Ryan Lindberg,2025-05-30,12:49:24,-07:00,2025-05-30T12:49:24-07:00,1,8
style.css,746,css,e32ab843,Ryan Lindberg,2026-04-02,22:04:04,-07:00,2026-04-02T22:04:04-07:00,1,23
style.css,747,css,e32ab843,Ryan Lindberg,2026-04-02,22:04:04,-07:00,2026-04-02T22:04:04-07:00,1,14
style.css,748,css,e32ab843,Ryan Lindberg,2026-04-02,22:04:04,-07:00,2026-04-02T22:04:04-07:00,1,24
style.css,749,css,f09f5860,Ryan Lindberg,2025-05-08,20:02:56,-07:00,2025-05-08T20:02:56-07:00,0,0
style.css,750,css,f09f5860,Ryan Lindberg,2025-05-08,20:02:56,-07:00,2025-05-08T20:02:56-07:00,0,0
style.css,751,css,f09f5860,Ryan Lindberg,2025-05-08,20:02:56,-07:00,2025-05-08T20:02:56-07:00,0,10
style.css,752,css,9962748b,Ryan Lindberg,2025-05-30,12:49:24,-07:00,2025-05-30T12:49:24-07:00,1,8
style.css,753,css,e32ab843,Ryan Lindberg,2026-04-02,22:04:04,-07:00,2026-04-02T22:04:04-07:00,1,19
style.css,754,css,9962748b,Ryan Lindberg,2025-05-30,12:49:24,-07:00,2025-05-30T12:49:24-07:00,1,15
style.css,755,css,e32ab843,Ryan Lindberg,2026-04-02,22:04:04,-07:00,2026-04-02T22:04:04-07:00,1,14
style.css,756,css,f09f5860,Ryan Lindberg,2025-05-08,20:02:56,-07:00,2025-05-08T20:02:56-07:00,0,0
style.css,757,css,f09f5860,Ryan Lindberg,2025-05-08,20:02:56,-07:00,2025-05-08T20:02:56-07:00,0,0
style.css,758,css,f09f5860,Ryan Lindberg,2025-05-08,20:02:56,-07:00,2025-05-08T20:02:56-07:00,0,8
style.css,759,css,9962748b,Ryan Lindberg,2025-05-30,12:49:24,-07:00,2025-05-30T12:49:24-07:00,1,14
style.css,760,css,9962748b,Ryan Lindberg,2025-05-30,12:49:24,-07:00,2025-05-30T12:49:24-07:00,1,7
style.css,761,css,9962748b,Ryan Lindberg,2025-05-30,12:49:24,-07:00,2025-05-30T12:49:24-07:00,1,8
style.css,762,css,e32ab843,Ryan Lindberg,2026-04-02,22:04:04,-07:00,2026-04-02T22:04:04-07:00,1,19
style.css,763,css,9962748b,Ryan Lindberg,2025-05-30,12:49:24,-07:00,2025-05-30T12:49:24-07:00,1,24
style.css,764,css,e32ab843,Ryan Lindberg,2026-04-02,22:04:04,-07:00,2026-04-02T22:04:04-07:00,1,9
style.css,765,css,e32ab843,Ryan Lindberg,2026-04-02,22:04:04,-07:00,2026-04-02T22:04:04-07:00,1,11
style.css,766,css,f09f5860,Ryan Lindberg,2025-05-08,20:02:56,-07:00,2025-05-08T20:02:56-07:00,0,0
style.css,767,css,f09f5860,Ryan Lindberg,2025-05-08,20:02:56,-07:00,2025-05-08T20:02:56-07:00,0,0
style.css,768,css,bd90a30b,Ryan Lindberg,2025-05-08,20:15:00,-07:00,2025-05-08T20:15:00-07:00,0,22
style.css,769,css,9962748b,Ryan Lindberg,2025-05-30,12:49:24,-07:00,2025-05-30T12:49:24-07:00,1,9
style.css,770,css,f09f5860,Ryan Lindberg,2025-05-08,20:02:56,-07:00,2025-05-08T20:02:56-07:00,0,0
style.css,771,css,f09f5860,Ryan Lindberg,2025-05-08,20:02:56,-07:00,2025-05-08T20:02:56-07:00,0,0
style.css,772,css,6a15bb9c,Ryan Lindberg,2025-05-08,21:15:39,-07:00,2025-05-08T21:15:39-07:00,0,10
style.css,773,css,e32ab843,Ryan Lindberg,2026-04-02,22:04:04,-07:00,2026-04-02T22:04:04-07:00,1,19
style.css,774,css,6a15bb9c,Ryan Lindberg,2025-05-08,21:15:39,-07:00,2025-05-08T21:15:39-07:00,1,20
style.css,775,css,6a15bb9c,Ryan Lindberg,2025-05-08,21:15:39,-07:00,2025-05-08T21:15:39-07:00,1,15
style.css,776,css,6a15bb9c,Ryan Lindberg,2025-05-08,21:15:39,-07:00,2025-05-08T21:15:39-07:00,0,0
style.css,777,css,6a15bb9c,Ryan Lindberg,2025-05-08,21:15:39,-07:00,2025-05-08T21:15:39-07:00,0,0
style.css,778,css,f09f5860,Ryan Lindberg,2025-05-08,20:02:56,-07:00,2025-05-08T20:02:56-07:00,0,6
style.css,779,css,e32ab843,Ryan Lindberg,2026-04-02,22:04:04,-07:00,2026-04-02T22:04:04-07:00,1,26
style.css,780,css,9962748b,Ryan Lindberg,2025-05-30,12:49:24,-07:00,2025-05-30T12:49:24-07:00,1,23
style.css,781,css,9962748b,Ryan Lindberg,2025-05-30,12:49:24,-07:00,2025-05-30T12:49:24-07:00,1,22
style.css,782,css,f09f5860,Ryan Lindberg,2025-05-08,20:02:56,-07:00,2025-05-08T20:02:56-07:00,0,0
style.css,783,css,f09f5860,Ryan Lindberg,2025-05-08,20:02:56,-07:00,2025-05-08T20:02:56-07:00,0,0
style.css,784,css,f09f5860,Ryan Lindberg,2025-05-08,20:02:56,-07:00,2025-05-08T20:02:56-07:00,0,12
style.css,785,css,9962748b,Ryan Lindberg,2025-05-30,12:49:24,-07:00,2025-05-30T12:49:24-07:00,1,20
style.css,786,css,f09f5860,Ryan Lindberg,2025-05-08,20:02:56,-07:00,2025-05-08T20:02:56-07:00,0,0
style.css,787,css,f09f5860,Ryan Lindberg,2025-05-08,20:02:56,-07:00,2025-05-08T20:02:56-07:00,0,0
style.css,788,css,6f785ac5,Ryan Lindberg,2025-05-08,22:05:48,-07:00,2025-05-08T22:05:48-07:00,0,24
style.css,789,css,e32ab843,Ryan Lindberg,2026-04-02,22:04:04,-07:00,2026-04-02T22:04:04-07:00,1,27
style.css,790,css,6f785ac5,Ryan Lindberg,2025-05-08,22:05:48,-07:00,2025-05-08T22:05:48-07:00,0,0
style.css,791,css,6f785ac5,Ryan Lindberg,2025-05-08,22:05:48,-07:00,2025-05-08T22:05:48-07:00,0,0
style.css,792,css,e32ab843,Ryan Lindberg,2026-04-02,22:04:04,-07:00,2026-04-02T22:04:04-07:00,0,10
style.css,793,css,6f785ac5,Ryan Lindberg,2025-05-08,22:05:48,-07:00,2025-05-08T22:05:48-07:00,1,16
style.css,794,css,e32ab843,Ryan Lindberg,2026-04-02,22:04:04,-07:00,2026-04-02T22:04:04-07:00,1,20
style.css,795,css,6f785ac5,Ryan Lindberg,2025-05-08,22:05:48,-07:00,2025-05-08T22:05:48-07:00,1,18
style.css,796,css,6f785ac5,Ryan Lindberg,2025-05-08,22:05:48,-07:00,2025-05-08T22:05:48-07:00,1,20
style.css,797,css,6f785ac5,Ryan Lindberg,2025-05-08,22:05:48,-07:00,2025-05-08T22:05:48-07:00,1,42
style.css,798,css,6f785ac5,Ryan Lindberg,2025-05-08,22:05:48,-07:00,2025-05-08T22:05:48-07:00,0,0
style.css,799,css,6f785ac5,Ryan Lindberg,2025-05-08,22:05:48,-07:00,2025-05-08T22:05:48-07:00,0,0
style.css,800,css,6f785ac5,Ryan Lindberg,2025-05-08,22:05:48,-07:00,2025-05-08T22:05:48-07:00,0,15
style.css,801,css,e32ab843,Ryan Lindberg,2026-04-02,22:04:04,-07:00,2026-04-02T22:04:04-07:00,1,18
style.css,802,css,7b4402fe,Ryan Lindberg,2025-05-08,23:39:53,-07:00,2025-05-08T23:39:53-07:00,0,0
style.css,803,css,7b4402fe,Ryan Lindberg,2025-05-08,23:39:53,-07:00,2025-05-08T23:39:53-07:00,0,0
style.css,804,css,4bdb1027,Ryan Lindberg,2025-05-08,23:58:44,-07:00,2025-05-08T23:58:44-07:00,0,16
style.css,805,css,4bdb1027,Ryan Lindberg,2025-05-08,23:58:44,-07:00,2025-05-08T23:58:44-07:00,1,15
style.css,806,css,e32ab843,Ryan Lindberg,2026-04-02,22:04:04,-07:00,2026-04-02T22:04:04-07:00,1,14
style.css,807,css,e32ab843,Ryan Lindberg,2026-04-02,22:04:04,-07:00,2026-04-02T22:04:04-07:00,1,17
style.css,808,css,e32ab843,Ryan Lindberg,2026-04-02,22:04:04,-07:00,2026-04-02T22:04:04-07:00,1,17
style.css,809,css,4bdb1027,Ryan Lindberg,2025-05-08,23:58:44,-07:00,2025-05-08T23:58:44-07:00,0,0
style.css,810,css,4bdb1027,Ryan Lindberg,2025-05-08,23:58:44,-07:00,2025-05-08T23:58:44-07:00,0,0
style.css,811,css,4bdb1027,Ryan Lindberg,2025-05-08,23:58:44,-07:00,2025-05-08T23:58:44-07:00,0,19
style.css,812,css,4bdb1027,Ryan Lindberg,2025-05-08,23:58:44,-07:00,2025-05-08T23:58:44-07:00,1,12
style.css,813,css,4bdb1027,Ryan Lindberg,2025-05-08,23:58:44,-07:00,2025-05-08T23:58:44-07:00,1,30
style.css,814,css,e32ab843,Ryan Lindberg,2026-04-02,22:04:04,-07:00,2026-04-02T22:04:04-07:00,1,12
style.css,815,css,e32ab843,Ryan Lindberg,2026-04-02,22:04:04,-07:00,2026-04-02T22:04:04-07:00,1,15
style.css,816,css,e32ab843,Ryan Lindberg,2026-04-02,22:04:04,-07:00,2026-04-02T22:04:04-07:00,1,20
style.css,817,css,e32ab843,Ryan Lindberg,2026-04-02,22:04:04,-07:00,2026-04-02T22:04:04-07:00,1,16
style.css,818,css,e32ab843,Ryan Lindberg,2026-04-02,22:04:04,-07:00,2026-04-02T22:04:04-07:00,1,14
style.css,819,css,e32ab843,Ryan Lindberg,2026-04-02,22:04:04,-07:00,2026-04-02T22:04:04-07:00,1,17
style.css,820,css,e32ab843,Ryan Lindberg,2026-04-02,22:04:04,-07:00,2026-04-02T22:04:04-07:00,1,30
style.css,821,css,4bdb1027,Ryan Lindberg,2025-05-08,23:58:44,-07:00,2025-05-08T23:58:44-07:00,0,0
style.css,822,css,4bdb1027,Ryan Lindberg,2025-05-08,23:58:44,-07:00,2025-05-08T23:58:44-07:00,0,0
style.css,823,css,831d9e6b,Ryan Lindberg,2025-05-09,00:14:50,-07:00,2025-05-09T00:14:50-07:00,0,27
style.css,824,css,831d9e6b,Ryan Lindberg,2025-05-09,00:14:50,-07:00,2025-05-09T00:14:50-07:00,1,12
style.css,825,css,831d9e6b,Ryan Lindberg,2025-05-09,00:14:50,-07:00,2025-05-09T00:14:50-07:00,0,0
style.css,826,css,831d9e6b,Ryan Lindberg,2025-05-09,00:14:50,-07:00,2025-05-09T00:14:50-07:00,0,0
style.css,827,css,4bdb1027,Ryan Lindberg,2025-05-08,23:58:44,-07:00,2025-05-08T23:58:44-07:00,0,22
style.css,828,css,4bdb1027,Ryan Lindberg,2025-05-08,23:58:44,-07:00,2025-05-08T23:58:44-07:00,1,15
style.css,829,css,4bdb1027,Ryan Lindberg,2025-05-08,23:58:44,-07:00,2025-05-08T23:58:44-07:00,1,24
style.css,830,css,4bdb1027,Ryan Lindberg,2025-05-08,23:58:44,-07:00,2025-05-08T23:58:44-07:00,1,21
style.css,831,css,e32ab843,Ryan Lindberg,2026-04-02,22:04:04,-07:00,2026-04-02T22:04:04-07:00,1,23
style.css,832,css,4bdb1027,Ryan Lindberg,2025-05-08,23:58:44,-07:00,2025-05-08T23:58:44-07:00,0,0
style.css,833,css,4bdb1027,Ryan Lindberg,2025-05-08,23:58:44,-07:00,2025-05-08T23:58:44-07:00,0,0
style.css,834,css,4bdb1027,Ryan Lindberg,2025-05-08,23:58:44,-07:00,2025-05-08T23:58:44-07:00,0,22
style.css,835,css,4bdb1027,Ryan Lindberg,2025-05-08,23:58:44,-07:00,2025-05-08T23:58:44-07:00,1,8
style.css,836,css,4bdb1027,Ryan Lindberg,2025-05-08,23:58:44,-07:00,2025-05-08T23:58:44-07:00,1,16
style.css,837,css,e32ab843,Ryan Lindberg,2026-04-02,22:04:04,-07:00,2026-04-02T22:04:04-07:00,1,34
style.css,838,css,e32ab843,Ryan Lindberg,2026-04-02,22:04:04,-07:00,2026-04-02T22:04:04-07:00,1,17
style.css,839,css,4bdb1027,Ryan Lindberg,2025-05-08,23:58:44,-07:00,2025-05-08T23:58:44-07:00,0,0
style.css,840,css,752645fe,Ryan Lindberg,2025-05-21,17:04:15,-07:00,2025-05-21T17:04:15-07:00,0,0
style.css,841,css,752645fe,Ryan Lindberg,2025-05-21,17:04:15,-07:00,2025-05-21T17:04:15-07:00,0,17
style.css,842,css,94a6cb29,Ryan Lindberg,2025-05-21,17:43:53,-07:00,2025-05-21T17:43:53-07:00,1,12
style.css,843,css,94a6cb29,Ryan Lindberg,2025-05-21,17:43:53,-07:00,2025-05-21T17:43:53-07:00,1,30
style.css,844,css,94a6cb29,Ryan Lindberg,2025-05-21,17:43:53,-07:00,2025-05-21T17:43:53-07:00,1,28
style.css,845,css,94a6cb29,Ryan Lindberg,2025-05-21,17:43:53,-07:00,2025-05-21T17:43:53-07:00,1,16
style.css,846,css,94a6cb29,Ryan Lindberg,2025-05-21,17:43:53,-07:00,2025-05-21T17:43:53-07:00,1,17
style.css,847,css,752645fe,Ryan Lindberg,2025-05-21,17:04:15,-07:00,2025-05-21T17:04:15-07:00,1,6
style.css,848,css,e32ab843,Ryan Lindberg,2026-04-02,22:04:04,-07:00,2026-04-02T22:04:04-07:00,1,17
style.css,849,css,94a6cb29,Ryan Lindberg,2025-05-21,17:43:53,-07:00,2025-05-21T17:43:53-07:00,0,0
style.css,850,css,94a6cb29,Ryan Lindberg,2025-05-21,17:43:53,-07:00,2025-05-21T17:43:53-07:00,0,0
style.css,851,css,94a6cb29,Ryan Lindberg,2025-05-21,17:43:53,-07:00,2025-05-21T17:43:53-07:00,0,23
style.css,852,css,94a6cb29,Ryan Lindberg,2025-05-21,17:43:53,-07:00,2025-05-21T17:43:53-07:00,1,13
style.css,853,css,94a6cb29,Ryan Lindberg,2025-05-21,17:43:53,-07:00,2025-05-21T17:43:53-07:00,1,10
style.css,854,css,94a6cb29,Ryan Lindberg,2025-05-21,17:43:53,-07:00,2025-05-21T17:43:53-07:00,1,11
style.css,855,css,e32ab843,Ryan Lindberg,2026-04-02,22:04:04,-07:00,2026-04-02T22:04:04-07:00,1,14
style.css,856,css,94a6cb29,Ryan Lindberg,2025-05-21,17:43:53,-07:00,2025-05-21T17:43:53-07:00,1,17
style.css,857,css,e32ab843,Ryan Lindberg,2026-04-02,22:04:04,-07:00,2026-04-02T22:04:04-07:00,1,24
style.css,858,css,752645fe,Ryan Lindberg,2025-05-21,17:04:15,-07:00,2025-05-21T17:04:15-07:00,0,0
style.css,859,css,752645fe,Ryan Lindberg,2025-05-21,17:04:15,-07:00,2025-05-21T17:04:15-07:00,0,0
style.css,860,css,752645fe,Ryan Lindberg,2025-05-21,17:04:15,-07:00,2025-05-21T17:04:15-07:00,0,22
style.css,861,css,94a6cb29,Ryan Lindberg,2025-05-21,17:43:53,-07:00,2025-05-21T17:43:53-07:00,1,13
style.css,862,css,94a6cb29,Ryan Lindberg,2025-05-21,17:43:53,-07:00,2025-05-21T17:43:53-07:00,1,10
style.css,863,css,94a6cb29,Ryan Lindberg,2025-05-21,17:43:53,-07:00,2025-05-21T17:43:53-07:00,1,16
style.css,864,css,94a6cb29,Ryan Lindberg,2025-05-21,17:43:53,-07:00,2025-05-21T17:43:53-07:00,1,13
style.css,865,css,e32ab843,Ryan Lindberg,2026-04-02,22:04:04,-07:00,2026-04-02T22:04:04-07:00,1,14
style.css,866,css,9962748b,Ryan Lindberg,2025-05-30,12:49:24,-07:00,2025-05-30T12:49:24-07:00,0,0
style.css,867,css,94a6cb29,Ryan Lindberg,2025-05-21,17:43:53,-07:00,2025-05-21T17:43:53-07:00,0,0
style.css,868,css,94a6cb29,Ryan Lindberg,2025-05-21,17:43:53,-07:00,2025-05-21T17:43:53-07:00,0,14
style.css,869,css,94a6cb29,Ryan Lindberg,2025-05-21,17:43:53,-07:00,2025-05-21T17:43:53-07:00,1,13
style.css,870,css,94a6cb29,Ryan Lindberg,2025-05-21,17:43:53,-07:00,2025-05-21T17:43:53-07:00,1,10
style.css,871,css,94a6cb29,Ryan Lindberg,2025-05-21,17:43:53,-07:00,2025-05-21T17:43:53-07:00,1,10
style.css,872,css,94a6cb29,Ryan Lindberg,2025-05-21,17:43:53,-07:00,2025-05-21T17:43:53-07:00,1,17
style.css,873,css,52913e6e,Ryan Lindberg,2025-05-30,13:11:14,-07:00,2025-05-30T13:11:14-07:00,0,0
style.css,874,css,52913e6e,Ryan Lindberg,2025-05-30,13:11:14,-07:00,2025-05-30T13:11:14-07:00,0,0
style.css,875,css,52913e6e,Ryan Lindberg,2025-05-30,13:11:14,-07:00,2025-05-30T13:11:14-07:00,0,6
style.css,876,css,52913e6e,Ryan Lindberg,2025-05-30,13:11:14,-07:00,2025-05-30T13:11:14-07:00,1,12
style.css,877,css,e32ab843,Ryan Lindberg,2026-04-02,22:04:04,-07:00,2026-04-02T22:04:04-07:00,1,29
style.css,878,css,e32ab843,Ryan Lindberg,2026-04-02,22:04:04,-07:00,2026-04-02T22:04:04-07:00,1,15
style.css,879,css,e32ab843,Ryan Lindberg,2026-04-02,22:04:04,-07:00,2026-04-02T22:04:04-07:00,1,11
style.css,880,css,52913e6e,Ryan Lindberg,2025-05-30,13:11:14,-07:00,2025-05-30T13:11:14-07:00,0,0
style.css,881,css,52913e6e,Ryan Lindberg,2025-05-30,13:11:14,-07:00,2025-05-30T13:11:14-07:00,0,0
style.css,882,css,e32ab843,Ryan Lindberg,2026-04-02,22:04:04,-07:00,2026-04-02T22:04:04-07:00,0,23
style.css,883,css,e32ab843,Ryan Lindberg,2026-04-02,22:04:04,-07:00,2026-04-02T22:04:04-07:00,1,18
style.css,884,css,52913e6e,Ryan Lindberg,2025-05-30,13:11:14,-07:00,2025-05-30T13:11:14-07:00,1,12
style.css,885,css,e32ab843,Ryan Lindberg,2026-04-02,22:04:04,-07:00,2026-04-02T22:04:04-07:00,1,29
style.css,886,css,e32ab843,Ryan Lindberg,2026-04-02,22:04:04,-07:00,2026-04-02T22:04:04-07:00,1,13
style.css,887,css,e32ab843,Ryan Lindberg,2026-04-02,22:04:04,-07:00,2026-04-02T22:04:04-07:00,1,43
style.css,888,css,52913e6e,Ryan Lindberg,2025-05-30,13:11:14,-07:00,2025-05-30T13:11:14-07:00,0,0
style.css,889,css,52913e6e,Ryan Lindberg,2025-05-30,13:11:14,-07:00,2025-05-30T13:11:14-07:00,0,0
style.css,890,css,52913e6e,Ryan Lindberg,2025-05-30,13:11:14,-07:00,2025-05-30T13:11:14-07:00,0,34
style.css,891,css,52913e6e,Ryan Lindberg,2025-05-30,13:11:14,-07:00,2025-05-30T13:11:14-07:00,1,18
style.css,892,css,52913e6e,Ryan Lindberg,2025-05-30,13:11:14,-07:00,2025-05-30T13:11:14-07:00,0,0
style.css,893,css,52913e6e,Ryan Lindberg,2025-05-30,13:11:14,-07:00,2025-05-30T13:11:14-07:00,0,0
style.css,894,css,e32ab843,Ryan Lindberg,2026-04-02,22:04:04,-07:00,2026-04-02T22:04:04-07:00,0,9
style.css,895,css,52913e6e,Ryan Lindberg,2025-05-30,13:11:14,-07:00,2025-05-30T13:11:14-07:00,1,13
style.css,896,css,e32ab843,Ryan Lindberg,2026-04-02,22:04:04,-07:00,2026-04-02T22:04:04-07:00,1,34
style.css,897,css,e32ab843,Ryan Lindberg,2026-04-02,22:04:04,-07:00,2026-04-02T22:04:04-07:00,1,14
style.css,898,css,52913e6e,Ryan Lindberg,2025-05-30,13:11:14,-07:00,2025-05-30T13:11:14-07:00,1,18
style.css,899,css,52913e6e,Ryan Lindberg,2025-05-30,13:11:14,-07:00,2025-05-30T13:11:14-07:00,1,15
style.css,900,css,52913e6e,Ryan Lindberg,2025-05-30,13:11:14,-07:00,2025-05-30T13:11:14-07:00,1,22
style.css,901,css,52913e6e,Ryan Lindberg,2025-05-30,13:11:14,-07:00,2025-05-30T13:11:14-07:00,0,0
style.css,902,css,52913e6e,Ryan Lindberg,2025-05-30,13:11:14,-07:00,2025-05-30T13:11:14-07:00,0,0
style.css,903,css,e32ab843,Ryan Lindberg,2026-04-02,22:04:04,-07:00,2026-04-02T22:04:04-07:00,0,17
style.css,904,css,52913e6e,Ryan Lindberg,2025-05-30,13:11:14,-07:00,2025-05-30T13:11:14-07:00,1,13
style.css,905,css,e32ab843,Ryan Lindberg,2026-04-02,22:04:04,-07:00,2026-04-02T22:04:04-07:00,1,13
style.css,906,css,52913e6e,Ryan Lindberg,2025-05-30,13:11:14,-07:00,2025-05-30T13:11:14-07:00,1,11
style.css,907,css,e32ab843,Ryan Lindberg,2026-04-02,22:04:04,-07:00,2026-04-02T22:04:04-07:00,1,14
style.css,908,css,52913e6e,Ryan Lindberg,2025-05-30,13:11:14,-07:00,2025-05-30T13:11:14-07:00,0,0
style.css,909,css,52913e6e,Ryan Lindberg,2025-05-30,13:11:14,-07:00,2025-05-30T13:11:14-07:00,0,0
style.css,910,css,e32ab843,Ryan Lindberg,2026-04-02,22:04:04,-07:00,2026-04-02T22:04:04-07:00,0,9
style.css,911,css,52913e6e,Ryan Lindberg,2025-05-30,13:11:14,-07:00,2025-05-30T13:11:14-07:00,1,13
style.css,912,css,52913e6e,Ryan Lindberg,2025-05-30,13:11:14,-07:00,2025-05-30T13:11:14-07:00,1,12
style.css,913,css,52913e6e,Ryan Lindberg,2025-05-30,13:11:14,-07:00,2025-05-30T13:11:14-07:00,1,14
style.css,914,css,52913e6e,Ryan Lindberg,2025-05-30,13:11:14,-07:00,2025-05-30T13:11:14-07:00,1,22
style.css,915,css,52913e6e,Ryan Lindberg,2025-05-30,13:11:14,-07:00,2025-05-30T13:11:14-07:00,1,24
style.css,916,css,e32ab843,Ryan Lindberg,2026-04-02,22:04:04,-07:00,2026-04-02T22:04:04-07:00,1,7
style.css,917,css,e32ab843,Ryan Lindberg,2026-04-02,22:04:04,-07:00,2026-04-02T22:04:04-07:00,1,15
style.css,918,css,52913e6e,Ryan Lindberg,2025-05-30,13:11:14,-07:00,2025-05-30T13:11:14-07:00,1,13
style.css,919,css,52913e6e,Ryan Lindberg,2025-05-30,13:11:14,-07:00,2025-05-30T13:11:14-07:00,0,0
style.css,920,css,52913e6e,Ryan Lindberg,2025-05-30,13:11:14,-07:00,2025-05-30T13:11:14-07:00,0,0
style.css,921,css,e32ab843,Ryan Lindberg,2026-04-02,22:04:04,-07:00,2026-04-02T22:04:04-07:00,0,4
style.css,922,css,52913e6e,Ryan Lindberg,2025-05-30,13:11:14,-07:00,2025-05-30T13:11:14-07:00,1,20
style.css,923,css,e32ab843,Ryan Lindberg,2026-04-02,22:04:04,-07:00,2026-04-02T22:04:04-07:00,1,9
style.css,924,css,e32ab843,Ryan Lindberg,2026-04-02,22:04:04,-07:00,2026-04-02T22:04:04-07:00,1,10
style.css,925,css,ca13ee46,Ryan Lindberg,2025-05-30,18:17:59,-07:00,2025-05-30T18:17:59-07:00,1,23
style.css,926,css,965947bf,Ryan Lindberg,2025-06-13,18:59:55,-07:00,2025-06-13T18:59:55-07:00,0,0
style.css,927,css,965947bf,Ryan Lindberg,2025-06-13,18:59:55,-07:00,2025-06-13T18:59:55-07:00,0,0
style.css,928,css,e32ab843,Ryan Lindberg,2026-04-02,22:04:04,-07:00,2026-04-02T22:04:04-07:00,0,25
style.css,929,css,965947bf,Ryan Lindberg,2025-06-13,18:59:55,-07:00,2025-06-13T18:59:55-07:00,0,10
style.css,930,css,e32ab843,Ryan Lindberg,2026-04-02,22:04:04,-07:00,2026-04-02T22:04:04-07:00,1,20
style.css,931,css,e32ab843,Ryan Lindberg,2026-04-02,22:04:04,-07:00,2026-04-02T22:04:04-07:00,1,17
style.css,932,css,e32ab843,Ryan Lindberg,2026-04-02,22:04:04,-07:00,2026-04-02T22:04:04-07:00,1,34
style.css,933,css,e32ab843,Ryan Lindberg,2026-04-02,22:04:04,-07:00,2026-04-02T22:04:04-07:00,1,14
style.css,934,css,965947bf,Ryan Lindberg,2025-06-13,18:59:55,-07:00,2025-06-13T18:59:55-07:00,1,8
style.css,935,css,e32ab843,Ryan Lindberg,2026-04-02,22:04:04,-07:00,2026-04-02T22:04:04-07:00,1,27
style.css,936,css,e32ab843,Ryan Lindberg,2026-04-02,22:04:04,-07:00,2026-04-02T22:04:04-07:00,1,16
style.css,937,css,965947bf,Ryan Lindberg,2025-06-13,18:59:55,-07:00,2025-06-13T18:59:55-07:00,1,18
style.css,938,css,965947bf,Ryan Lindberg,2025-06-13,18:59:55,-07:00,2025-06-13T18:59:55-07:00,0,0
style.css,939,css,965947bf,Ryan Lindberg,2025-06-13,18:59:55,-07:00,2025-06-13T18:59:55-07:00,0,0
style.css,940,css,965947bf,Ryan Lindberg,2025-06-13,18:59:55,-07:00,2025-06-13T18:59:55-07:00,0,14
style.css,941,css,e32ab843,Ryan Lindberg,2026-04-02,22:04:04,-07:00,2026-04-02T22:04:04-07:00,1,14
style.css,942,css,e32ab843,Ryan Lindberg,2026-04-02,22:04:04,-07:00,2026-04-02T22:04:04-07:00,1,17
style.css,943,css,e32ab843,Ryan Lindberg,2026-04-02,22:04:04,-07:00,2026-04-02T22:04:04-07:00,1,9
style.css,944,css,e32ab843,Ryan Lindberg,2026-04-02,22:04:04,-07:00,2026-04-02T22:04:04-07:00,1,5
style.css,945,css,e32ab843,Ryan Lindberg,2026-04-02,22:04:04,-07:00,2026-04-02T22:04:04-07:00,1,18
style.css,946,css,965947bf,Ryan Lindberg,2025-06-13,18:59:55,-07:00,2025-06-13T18:59:55-07:00,0,0
style.css,947,css,965947bf,Ryan Lindberg,2025-06-13,18:59:55,-07:00,2025-06-13T18:59:55-07:00,0,0
style.css,948,css,965947bf,Ryan Lindberg,2025-06-13,18:59:55,-07:00,2025-06-13T18:59:55-07:00,0,13
style.css,949,css,e32ab843,Ryan Lindberg,2026-04-02,22:04:04,-07:00,2026-04-02T22:04:04-07:00,1,14
style.css,950,css,e32ab843,Ryan Lindberg,2026-04-02,22:04:04,-07:00,2026-04-02T22:04:04-07:00,1,19
style.css,951,css,e32ab843,Ryan Lindberg,2026-04-02,22:04:04,-07:00,2026-04-02T22:04:04-07:00,1,24
style.css,952,css,e32ab843,Ryan Lindberg,2026-04-02,22:04:04,-07:00,2026-04-02T22:04:04-07:00,1,20
style.css,953,css,e32ab843,Ryan Lindberg,2026-04-02,22:04:04,-07:00,2026-04-02T22:04:04-07:00,1,37
style.css,954,css,e32ab843,Ryan Lindberg,2026-04-02,22:04:04,-07:00,2026-04-02T22:04:04-07:00,1,18
style.css,955,css,e32ab843,Ryan Lindberg,2026-04-02,22:04:04,-07:00,2026-04-02T22:04:04-07:00,1,17
style.css,956,css,e32ab843,Ryan Lindberg,2026-04-02,22:04:04,-07:00,2026-04-02T22:04:04-07:00,1,20
style.css,957,css,e32ab843,Ryan Lindberg,2026-04-02,22:04:04,-07:00,2026-04-02T22:04:04-07:00,1,14
style.css,958,css,965947bf,Ryan Lindberg,2025-06-13,18:59:55,-07:00,2025-06-13T18:59:55-07:00,0,0
style.css,959,css,965947bf,Ryan Lindberg,2025-06-13,18:59:55,-07:00,2025-06-13T18:59:55-07:00,0,0
style.css,960,css,965947bf,Ryan Lindberg,2025-06-13,18:59:55,-07:00,2025-06-13T18:59:55-07:00,0,25
style.css,961,css,e32ab843,Ryan Lindberg,2026-04-02,22:04:04,-07:00,2026-04-02T22:04:04-07:00,1,14
style.css,962,css,e32ab843,Ryan Lindberg,2026-04-02,22:04:04,-07:00,2026-04-02T22:04:04-07:00,1,17
style.css,963,css,965947bf,Ryan Lindberg,2025-06-13,18:59:55,-07:00,2025-06-13T18:59:55-07:00,1,12
style.css,964,css,e32ab843,Ryan Lindberg,2026-04-02,22:04:04,-07:00,2026-04-02T22:04:04-07:00,1,8
style.css,965,css,e32ab843,Ryan Lindberg,2026-04-02,22:04:04,-07:00,2026-04-02T22:04:04-07:00,1,26
style.css,966,css,965947bf,Ryan Lindberg,2025-06-13,18:59:55,-07:00,2025-06-13T18:59:55-07:00,0,0
style.css,967,css,965947bf,Ryan Lindberg,2025-06-13,18:59:55,-07:00,2025-06-13T18:59:55-07:00,0,0
style.css,968,css,965947bf,Ryan Lindberg,2025-06-13,18:59:55,-07:00,2025-06-13T18:59:55-07:00,0,31
style.css,969,css,965947bf,Ryan Lindberg,2025-06-13,18:59:55,-07:00,2025-06-13T18:59:55-07:00,1,12
style.css,970,css,965947bf,Ryan Lindberg,2025-06-13,18:59:55,-07:00,2025-06-13T18:59:55-07:00,1,21
style.css,971,css,e32ab843,Ryan Lindberg,2026-04-02,22:04:04,-07:00,2026-04-02T22:04:04-07:00,1,7
style.css,972,css,e32ab843,Ryan Lindberg,2026-04-02,22:04:04,-07:00,2026-04-02T22:04:04-07:00,1,22
style.css,973,css,965947bf,Ryan Lindberg,2025-06-13,18:59:55,-07:00,2025-06-13T18:59:55-07:00,0,0
style.css,974,css,965947bf,Ryan Lindberg,2025-06-13,18:59:55,-07:00,2025-06-13T18:59:55-07:00,0,0
style.css,975,css,965947bf,Ryan Lindberg,2025-06-13,18:59:55,-07:00,2025-06-13T18:59:55-07:00,0,31
style.css,976,css,e32ab843,Ryan Lindberg,2026-04-02,22:04:04,-07:00,2026-04-02T22:04:04-07:00,1,19
style.css,977,css,965947bf,Ryan Lindberg,2025-06-13,18:59:55,-07:00,2025-06-13T18:59:55-07:00,1,15
style.css,978,css,e32ab843,Ryan Lindberg,2026-04-02,22:04:04,-07:00,2026-04-02T22:04:04-07:00,1,14
style.css,979,css,e32ab843,Ryan Lindberg,2026-04-02,22:04:04,-07:00,2026-04-02T22:04:04-07:00,1,24
style.css,980,css,e32ab843,Ryan Lindberg,2026-04-02,22:04:04,-07:00,2026-04-02T22:04:04-07:00,1,20
style.css,981,css,e32ab843,Ryan Lindberg,2026-04-02,22:04:04,-07:00,2026-04-02T22:04:04-07:00,1,17
style.css,982,css,e32ab843,Ryan Lindberg,2026-04-02,22:04:04,-07:00,2026-04-02T22:04:04-07:00,1,15
style.css,983,css,965947bf,Ryan Lindberg,2025-06-13,18:59:55,-07:00,2025-06-13T18:59:55-07:00,0,0
style.css,984,css,965947bf,Ryan Lindberg,2025-06-13,18:59:55,-07:00,2025-06-13T18:59:55-07:00,0,0
style.css,985,css,965947bf,Ryan Lindberg,2025-06-13,18:59:55,-07:00,2025-06-13T18:59:55-07:00,0,17
style.css,986,css,965947bf,Ryan Lindberg,2025-06-13,18:59:55,-07:00,2025-06-13T18:59:55-07:00,1,12
style.css,987,css,e32ab843,Ryan Lindberg,2026-04-02,22:04:04,-07:00,2026-04-02T22:04:04-07:00,1,7
style.css,988,css,965947bf,Ryan Lindberg,2025-06-13,18:59:55,-07:00,2025-06-13T18:59:55-07:00,1,14
style.css,989,css,965947bf,Ryan Lindberg,2025-06-13,18:59:55,-07:00,2025-06-13T18:59:55-07:00,0,0
style.css,990,css,965947bf,Ryan Lindberg,2025-06-13,18:59:55,-07:00,2025-06-13T18:59:55-07:00,0,0
style.css,991,css,965947bf,Ryan Lindberg,2025-06-13,18:59:55,-07:00,2025-06-13T18:59:55-07:00,0,16
style.css,992,css,965947bf,Ryan Lindberg,2025-06-13,18:59:55,-07:00,2025-06-13T18:59:55-07:00,1,22
style.css,993,css,e32ab843,Ryan Lindberg,2026-04-02,22:04:04,-07:00,2026-04-02T22:04:04-07:00,1,30
style.css,994,css,e32ab843,Ryan Lindberg,2026-04-02,22:04:04,-07:00,2026-04-02T22:04:04-07:00,1,17
style.css,995,css,e32ab843,Ryan Lindberg,2026-04-02,22:04:04,-07:00,2026-04-02T22:04:04-07:00,1,14
style.css,996,css,e32ab843,Ryan Lindberg,2026-04-02,22:04:04,-07:00,2026-04-02T22:04:04-07:00,1,15
style.css,997,css,e32ab843,Ryan Lindberg,2026-04-02,22:04:04,-07:00,2026-04-02T22:04:04-07:00,1,15
style.css,998,css,e32ab843,Ryan Lindberg,2026-04-02,22:04:04,-07:00,2026-04-02T22:04:04-07:00,1,34
style.css,999,css,822198d4,Ryan Lindberg,2025-07-08,21:21:21,-07:00,2025-07-08T21:21:21-07:00,1,14
style.css,1000,css,e32ab843,Ryan Lindberg,2026-04-02,22:04:04,-07:00,2026-04-02T22:04:04-07:00,1,19
style.css,1001,css,e32ab843,Ryan Lindberg,2026-04-02,22:04:04,-07:00,2026-04-02T22:04:04-07:00,1,24
style.css,1002,css,822198d4,Ryan Lindberg,2025-07-08,21:21:21,-07:00,2025-07-08T21:21:21-07:00,1,16
style.css,1003,css,822198d4,Ryan Lindberg,2025-07-08,21:21:21,-07:00,2025-07-08T21:21:21-07:00,0,0
style.css,1004,css,822198d4,Ryan Lindberg,2025-07-08,21:21:21,-07:00,2025-07-08T21:21:21-07:00,0,0
style.css,1005,css,822198d4,Ryan Lindberg,2025-07-08,21:21:21,-07:00,2025-07-08T21:21:21-07:00,0,22
style.css,1006,css,e32ab843,Ryan Lindberg,2026-04-02,22:04:04,-07:00,2026-04-02T22:04:04-07:00,1,24
style.css,1007,css,e32ab843,Ryan Lindberg,2026-04-02,22:04:04,-07:00,2026-04-02T22:04:04-07:00,1,13
style.css,1008,css,e32ab843,Ryan Lindberg,2026-04-02,22:04:04,-07:00,2026-04-02T22:04:04-07:00,1,26
style.css,1009,css,822198d4,Ryan Lindberg,2025-07-08,21:21:21,-07:00,2025-07-08T21:21:21-07:00,0,0
style.css,1010,css,822198d4,Ryan Lindberg,2025-07-08,21:21:21,-07:00,2025-07-08T21:21:21-07:00,0,0
style.css,1011,css,822198d4,Ryan Lindberg,2025-07-08,21:21:21,-07:00,2025-07-08T21:21:21-07:00,0,23
style.css,1012,css,e32ab843,Ryan Lindberg,2026-04-02,22:04:04,-07:00,2026-04-02T22:04:04-07:00,1,24
style.css,1013,css,e32ab843,Ryan Lindberg,2026-04-02,22:04:04,-07:00,2026-04-02T22:04:04-07:00,1,13
style.css,1014,css,e32ab843,Ryan Lindberg,2026-04-02,22:04:04,-07:00,2026-04-02T22:04:04-07:00,1,26
style.css,1015,css,822198d4,Ryan Lindberg,2025-07-08,21:21:21,-07:00,2025-07-08T21:21:21-07:00,0,0
style.css,1016,css,822198d4,Ryan Lindberg,2025-07-08,21:21:21,-07:00,2025-07-08T21:21:21-07:00,0,0
style.css,1017,css,822198d4,Ryan Lindberg,2025-07-08,21:21:21,-07:00,2025-07-08T21:21:21-07:00,0,20
style.css,1018,css,822198d4,Ryan Lindberg,2025-07-08,21:21:21,-07:00,2025-07-08T21:21:21-07:00,1,17
style.css,1019,css,e32ab843,Ryan Lindberg,2026-04-02,22:04:04,-07:00,2026-04-02T22:04:04-07:00,1,23
style.css,1020,css,e32ab843,Ryan Lindberg,2026-04-02,22:04:04,-07:00,2026-04-02T22:04:04-07:00,1,12
style.css,1021,css,e32ab843,Ryan Lindberg,2026-04-02,22:04:04,-07:00,2026-04-02T22:04:04-07:00,1,14
style.css,1022,css,965947bf,Ryan Lindberg,2025-06-13,18:59:55,-07:00,2025-06-13T18:59:55-07:00,0,0
style.css,1023,css,965947bf,Ryan Lindberg,2025-06-13,18:59:55,-07:00,2025-06-13T18:59:55-07:00,0,0
style.css,1024,css,965947bf,Ryan Lindberg,2025-06-13,18:59:55,-07:00,2025-06-13T18:59:55-07:00,0,13
style.css,1025,css,965947bf,Ryan Lindberg,2025-06-13,18:59:55,-07:00,2025-06-13T18:59:55-07:00,1,11
style.css,1026,css,e32ab843,Ryan Lindberg,2026-04-02,22:04:04,-07:00,2026-04-02T22:04:04-07:00,1,35
style.css,1027,css,e32ab843,Ryan Lindberg,2026-04-02,22:04:04,-07:00,2026-04-02T22:04:04-07:00,1,13
style.css,1028,css,965947bf,Ryan Lindberg,2025-06-13,18:59:55,-07:00,2025-06-13T18:59:55-07:00,0,0
style.css,1029,css,965947bf,Ryan Lindberg,2025-06-13,18:59:55,-07:00,2025-06-13T18:59:55-07:00,0,0
style.css,1030,css,965947bf,Ryan Lindberg,2025-06-13,18:59:55,-07:00,2025-06-13T18:59:55-07:00,0,22
style.css,1031,css,e32ab843,Ryan Lindberg,2026-04-02,22:04:04,-07:00,2026-04-02T22:04:04-07:00,1,14
style.css,1032,css,e32ab843,Ryan Lindberg,2026-04-02,22:04:04,-07:00,2026-04-02T22:04:04-07:00,1,8
style.css,1033,css,e32ab843,Ryan Lindberg,2026-04-02,22:04:04,-07:00,2026-04-02T22:04:04-07:00,1,9
style.css,1034,css,965947bf,Ryan Lindberg,2025-06-13,18:59:55,-07:00,2025-06-13T18:59:55-07:00,0,0
style.css,1035,css,965947bf,Ryan Lindberg,2025-06-13,18:59:55,-07:00,2025-06-13T18:59:55-07:00,0,0
style.css,1036,css,965947bf,Ryan Lindberg,2025-06-13,18:59:55,-07:00,2025-06-13T18:59:55-07:00,0,21
style.css,1037,css,e32ab843,Ryan Lindberg,2026-04-02,22:04:04,-07:00,2026-04-02T22:04:04-07:00,1,18
style.css,1038,css,e32ab843,Ryan Lindberg,2026-04-02,22:04:04,-07:00,2026-04-02T22:04:04-07:00,1,19
style.css,1039,css,e32ab843,Ryan Lindberg,2026-04-02,22:04:04,-07:00,2026-04-02T22:04:04-07:00,1,44
style.css,1040,css,e32ab843,Ryan Lindberg,2026-04-02,22:04:04,-07:00,2026-04-02T22:04:04-07:00,0,0
style.css,1041,css,e32ab843,Ryan Lindberg,2026-04-02,22:04:04,-07:00,2026-04-02T22:04:04-07:00,0,0
style.css,1042,css,e32ab843,Ryan Lindberg,2026-04-02,22:04:04,-07:00,2026-04-02T22:04:04-07:00,0,32
style.css,1043,css,e32ab843,Ryan Lindberg,2026-04-02,22:04:04,-07:00,2026-04-02T22:04:04-07:00,1,18
style.css,1044,css,965947bf,Ryan Lindberg,2025-06-13,18:59:55,-07:00,2025-06-13T18:59:55-07:00,0,0
style.css,1045,css,965947bf,Ryan Lindberg,2025-06-13,18:59:55,-07:00,2025-06-13T18:59:55-07:00,0,0
style.css,1046,css,965947bf,Ryan Lindberg,2025-06-13,18:59:55,-07:00,2025-06-13T18:59:55-07:00,0,24
style.css,1047,css,e32ab843,Ryan Lindberg,2026-04-02,22:04:04,-07:00,2026-04-02T22:04:04-07:00,1,14
style.css,1048,css,965947bf,Ryan Lindberg,2025-06-13,18:59:55,-07:00,2025-06-13T18:59:55-07:00,1,15
style.css,1049,css,e32ab843,Ryan Lindberg,2026-04-02,22:04:04,-07:00,2026-04-02T22:04:04-07:00,1,16
style.css,1050,css,e32ab843,Ryan Lindberg,2026-04-02,22:04:04,-07:00,2026-04-02T22:04:04-07:00,1,19
style.css,1051,css,965947bf,Ryan Lindberg,2025-06-13,18:59:55,-07:00,2025-06-13T18:59:55-07:00,0,0
style.css,1052,css,965947bf,Ryan Lindberg,2025-06-13,18:59:55,-07:00,2025-06-13T18:59:55-07:00,0,0
style.css,1053,css,965947bf,Ryan Lindberg,2025-06-13,18:59:55,-07:00,2025-06-13T18:59:55-07:00,0,26
style.css,1054,css,e32ab843,Ryan Lindberg,2026-04-02,22:04:04,-07:00,2026-04-02T22:04:04-07:00,1,19
style.css,1055,css,e32ab843,Ryan Lindberg,2026-04-02,22:04:04,-07:00,2026-04-02T22:04:04-07:00,1,20
style.css,1056,css,965947bf,Ryan Lindberg,2025-06-13,18:59:55,-07:00,2025-06-13T18:59:55-07:00,0,0
style.css,1057,css,965947bf,Ryan Lindberg,2025-06-13,18:59:55,-07:00,2025-06-13T18:59:55-07:00,0,0
style.css,1058,css,965947bf,Ryan Lindberg,2025-06-13,18:59:55,-07:00,2025-06-13T18:59:55-07:00,0,32
style.css,1059,css,e32ab843,Ryan Lindberg,2026-04-02,22:04:04,-07:00,2026-04-02T22:04:04-07:00,1,25
style.css,1060,css,e32ab843,Ryan Lindberg,2026-04-02,22:04:04,-07:00,2026-04-02T22:04:04-07:00,1,25
style.css,1061,css,965947bf,Ryan Lindberg,2025-06-13,18:59:55,-07:00,2025-06-13T18:59:55-07:00,0,0
style.css,1062,css,965947bf,Ryan Lindberg,2025-06-13,18:59:55,-07:00,2025-06-13T18:59:55-07:00,0,0
style.css,1063,css,965947bf,Ryan Lindberg,2025-06-13,18:59:55,-07:00,2025-06-13T18:59:55-07:00,0,19
style.css,1064,css,e32ab843,Ryan Lindberg,2026-04-02,22:04:04,-07:00,2026-04-02T22:04:04-07:00,1,23
style.css,1065,css,e32ab843,Ryan Lindberg,2026-04-02,22:04:04,-07:00,2026-04-02T22:04:04-07:00,1,16
style.css,1066,css,e32ab843,Ryan Lindberg,2026-04-02,22:04:04,-07:00,2026-04-02T22:04:04-07:00,1,14
style.css,1067,css,965947bf,Ryan Lindberg,2025-06-13,18:59:55,-07:00,2025-06-13T18:59:55-07:00,0,0
style.css,1068,css,965947bf,Ryan Lindberg,2025-06-13,18:59:55,-07:00,2025-06-13T18:59:55-07:00,0,0
style.css,1069,css,965947bf,Ryan Lindberg,2025-06-13,18:59:55,-07:00,2025-06-13T18:59:55-07:00,0,30
style.css,1070,css,965947bf,Ryan Lindberg,2025-06-13,18:59:55,-07:00,2025-06-13T18:59:55-07:00,1,12
style.css,1071,css,965947bf,Ryan Lindberg,2025-06-13,18:59:55,-07:00,2025-06-13T18:59:55-07:00,1,14
style.css,1072,css,e32ab843,Ryan Lindberg,2026-04-02,22:04:04,-07:00,2026-04-02T22:04:04-07:00,1,7
style.css,1073,css,e32ab843,Ryan Lindberg,2026-04-02,22:04:04,-07:00,2026-04-02T22:04:04-07:00,1,17
style.css,1074,css,965947bf,Ryan Lindberg,2025-06-13,18:59:55,-07:00,2025-06-13T18:59:55-07:00,0,0
style.css,1075,css,965947bf,Ryan Lindberg,2025-06-13,18:59:55,-07:00,2025-06-13T18:59:55-07:00,0,0
style.css,1076,css,965947bf,Ryan Lindberg,2025-06-13,18:59:55,-07:00,2025-06-13T18:59:55-07:00,0,25
style.css,1077,css,965947bf,Ryan Lindberg,2025-06-13,18:59:55,-07:00,2025-06-13T18:59:55-07:00,1,22
style.css,1078,css,e32ab843,Ryan Lindberg,2026-04-02,22:04:04,-07:00,2026-04-02T22:04:04-07:00,1,30
style.css,1079,css,e32ab843,Ryan Lindberg,2026-04-02,22:04:04,-07:00,2026-04-02T22:04:04-07:00,1,23
style.css,1080,css,e32ab843,Ryan Lindberg,2026-04-02,22:04:04,-07:00,2026-04-02T22:04:04-07:00,1,13
style.css,1081,css,e32ab843,Ryan Lindberg,2026-04-02,22:04:04,-07:00,2026-04-02T22:04:04-07:00,1,15
style.css,1082,css,e32ab843,Ryan Lindberg,2026-04-02,22:04:04,-07:00,2026-04-02T22:04:04-07:00,1,15
style.css,1083,css,e32ab843,Ryan Lindberg,2026-04-02,22:04:04,-07:00,2026-04-02T22:04:04-07:00,1,24
style.css,1084,css,965947bf,Ryan Lindberg,2025-06-13,18:59:55,-07:00,2025-06-13T18:59:55-07:00,0,0
style.css,1085,css,965947bf,Ryan Lindberg,2025-06-13,18:59:55,-07:00,2025-06-13T18:59:55-07:00,0,0
style.css,1086,css,965947bf,Ryan Lindberg,2025-06-13,18:59:55,-07:00,2025-06-13T18:59:55-07:00,0,16
style.css,1087,css,e32ab843,Ryan Lindberg,2026-04-02,22:04:04,-07:00,2026-04-02T22:04:04-07:00,1,23
style.css,1088,css,e32ab843,Ryan Lindberg,2026-04-02,22:04:04,-07:00,2026-04-02T22:04:04-07:00,1,14
style.css,1089,css,e32ab843,Ryan Lindberg,2026-04-02,22:04:04,-07:00,2026-04-02T22:04:04-07:00,1,17
style.css,1090,css,e32ab843,Ryan Lindberg,2026-04-02,22:04:04,-07:00,2026-04-02T22:04:04-07:00,0,0
style.css,1091,css,e32ab843,Ryan Lindberg,2026-04-02,22:04:04,-07:00,2026-04-02T22:04:04-07:00,0,0
style.css,1092,css,e32ab843,Ryan Lindberg,2026-04-02,22:04:04,-07:00,2026-04-02T22:04:04-07:00,0,35
style.css,1093,css,e32ab843,Ryan Lindberg,2026-04-02,22:04:04,-07:00,2026-04-02T22:04:04-07:00,0,8
style.css,1094,css,e32ab843,Ryan Lindberg,2026-04-02,22:04:04,-07:00,2026-04-02T22:04:04-07:00,1,19
style.css,1095,css,e32ab843,Ryan Lindberg,2026-04-02,22:04:04,-07:00,2026-04-02T22:04:04-07:00,1,12
style.css,1096,css,e32ab843,Ryan Lindberg,2026-04-02,22:04:04,-07:00,2026-04-02T22:04:04-07:00,1,16
style.css,1097,css,e32ab843,Ryan Lindberg,2026-04-02,22:04:04,-07:00,2026-04-02T22:04:04-07:00,0,0
style.css,1098,css,e32ab843,Ryan Lindberg,2026-04-02,22:04:04,-07:00,2026-04-02T22:04:04-07:00,0,0
style.css,1099,css,e32ab843,Ryan Lindberg,2026-04-02,22:04:04,-07:00,2026-04-02T22:04:04-07:00,0,12
style.css,1100,css,e32ab843,Ryan Lindberg,2026-04-02,22:04:04,-07:00,2026-04-02T22:04:04-07:00,1,35
style.css,1101,css,e32ab843,Ryan Lindberg,2026-04-02,22:04:04,-07:00,2026-04-02T22:04:04-07:00,1,13
style.css,1102,css,e32ab843,Ryan Lindberg,2026-04-02,22:04:04,-07:00,2026-04-02T22:04:04-07:00,0,0
style.css,1103,css,e32ab843,Ryan Lindberg,2026-04-02,22:04:04,-07:00,2026-04-02T22:04:04-07:00,0,0
style.css,1104,css,e32ab843,Ryan Lindberg,2026-04-02,22:04:04,-07:00,2026-04-02T22:04:04-07:00,0,19
style.css,1105,css,e32ab843,Ryan Lindberg,2026-04-02,22:04:04,-07:00,2026-04-02T22:04:04-07:00,0,16
style.css,1106,css,e32ab843,Ryan Lindberg,2026-04-02,22:04:04,-07:00,2026-04-02T22:04:04-07:00,1,21
style.css,1107,css,e32ab843,Ryan Lindberg,2026-04-02,22:04:04,-07:00,2026-04-02T22:04:04-07:00,1,23
style.css,1108,css,e32ab843,Ryan Lindberg,2026-04-02,22:04:04,-07:00,2026-04-02T22:04:04-07:00,0,0
style.css,1109,css,e32ab843,Ryan Lindberg,2026-04-02,22:04:04,-07:00,2026-04-02T22:04:04-07:00,0,0
style.css,1110,css,e32ab843,Ryan Lindberg,2026-04-02,22:04:04,-07:00,2026-04-02T22:04:04-07:00,0,13
style.css,1111,css,e32ab843,Ryan Lindberg,2026-04-02,22:04:04,-07:00,2026-04-02T22:04:04-07:00,1,20
style.css,1112,css,e32ab843,Ryan Lindberg,2026-04-02,22:04:04,-07:00,2026-04-02T22:04:04-07:00,1,9
style.css,1113,css,e32ab843,Ryan Lindberg,2026-04-02,22:04:04,-07:00,2026-04-02T22:04:04-07:00,1,11
style.css,1114,css,e32ab843,Ryan Lindberg,2026-04-02,22:04:04,-07:00,2026-04-02T22:04:04-07:00,1,24
style.css,1115,css,e32ab843,Ryan Lindberg,2026-04-02,22:04:04,-07:00,2026-04-02T22:04:04-07:00,1,36
style.css,1116,css,e32ab843,Ryan Lindberg,2026-04-02,22:04:04,-07:00,2026-04-02T22:04:04-07:00,1,21
style.css,1117,css,e32ab843,Ryan Lindberg,2026-04-02,22:04:04,-07:00,2026-04-02T22:04:04-07:00,1,15
style.css,1118,css,e32ab843,Ryan Lindberg,2026-04-02,22:04:04,-07:00,2026-04-02T22:04:04-07:00,0,0
style.css,1119,css,e32ab843,Ryan Lindberg,2026-04-02,22:04:04,-07:00,2026-04-02T22:04:04-07:00,0,0
style.css,1120,css,e32ab843,Ryan Lindberg,2026-04-02,22:04:04,-07:00,2026-04-02T22:04:04-07:00,0,21
style.css,1121,css,e32ab843,Ryan Lindberg,2026-04-02,22:04:04,-07:00,2026-04-02T22:04:04-07:00,0,5
style.css,1122,css,e32ab843,Ryan Lindberg,2026-04-02,22:04:04,-07:00,2026-04-02T22:04:04-07:00,1,21
style.css,1123,css,e32ab843,Ryan Lindberg,2026-04-02,22:04:04,-07:00,2026-04-02T22:04:04-07:00,1,20
style.css,1124,css,e32ab843,Ryan Lindberg,2026-04-02,22:04:04,-07:00,2026-04-02T22:04:04-07:00,0,0
style.css,1125,css,e32ab843,Ryan Lindberg,2026-04-02,22:04:04,-07:00,2026-04-02T22:04:04-07:00,0,0
style.css,1126,css,e32ab843,Ryan Lindberg,2026-04-02,22:04:04,-07:00,2026-04-02T22:04:04-07:00,0,26
style.css,1127,css,e32ab843,Ryan Lindberg,2026-04-02,22:04:04,-07:00,2026-04-02T22:04:04-07:00,0,25
style.css,1128,css,e32ab843,Ryan Lindberg,2026-04-02,22:04:04,-07:00,2026-04-02T22:04:04-07:00,1,3
style.css,1129,css,e32ab843,Ryan Lindberg,2026-04-02,22:04:04,-07:00,2026-04-02T22:04:04-07:00,1,10
style.css,1130,css,e32ab843,Ryan Lindberg,2026-04-02,22:04:04,-07:00,2026-04-02T22:04:04-07:00,2,27
style.css,1131,css,e32ab843,Ryan Lindberg,2026-04-02,22:04:04,-07:00,2026-04-02T22:04:04-07:00,1,0
style.css,1132,css,e32ab843,Ryan Lindberg,2026-04-02,22:04:04,-07:00,2026-04-02T22:04:04-07:00,0,0
style.css,1133,css,e32ab843,Ryan Lindberg,2026-04-02,22:04:04,-07:00,2026-04-02T22:04:04-07:00,1,9
style.css,1134,css,e32ab843,Ryan Lindberg,2026-04-02,22:04:04,-07:00,2026-04-02T22:04:04-07:00,1,16
style.css,1135,css,e32ab843,Ryan Lindberg,2026-04-02,22:04:04,-07:00,2026-04-02T22:04:04-07:00,2,25
style.css,1136,css,e32ab843,Ryan Lindberg,2026-04-02,22:04:04,-07:00,2026-04-02T22:04:04-07:00,1,0
style.css,1137,css,e32ab843,Ryan Lindberg,2026-04-02,22:04:04,-07:00,2026-04-02T22:04:04-07:00,0,0
style.css,1138,css,e32ab843,Ryan Lindberg,2026-04-02,22:04:04,-07:00,2026-04-02T22:04:04-07:00,1,10
style.css,1139,css,e32ab843,Ryan Lindberg,2026-04-02,22:04:04,-07:00,2026-04-02T22:04:04-07:00,2,25
style.css,1140,css,e32ab843,Ryan Lindberg,2026-04-02,22:04:04,-07:00,2026-04-02T22:04:04-07:00,1,0
style.css,1141,css,e32ab843,Ryan Lindberg,2026-04-02,22:04:04,-07:00,2026-04-02T22:04:04-07:00,0,0
style.css,1142,css,e32ab843,Ryan Lindberg,2026-04-02,22:04:04,-07:00,2026-04-02T22:04:04-07:00,1,9
style.css,1143,css,e32ab843,Ryan Lindberg,2026-04-02,22:04:04,-07:00,2026-04-02T22:04:04-07:00,2,25
style.css,1144,css,e32ab843,Ryan Lindberg,2026-04-02,22:04:04,-07:00,2026-04-02T22:04:04-07:00,1,0
style.css,1145,css,e32ab843,Ryan Lindberg,2026-04-02,22:04:04,-07:00,2026-04-02T22:04:04-07:00,0,0
style.css,1146,css,e32ab843,Ryan Lindberg,2026-04-02,22:04:04,-07:00,2026-04-02T22:04:04-07:00,1,18
style.css,1147,css,e32ab843,Ryan Lindberg,2026-04-02,22:04:04,-07:00,2026-04-02T22:04:04-07:00,2,14
style.css,1148,css,e32ab843,Ryan Lindberg,2026-04-02,22:04:04,-07:00,2026-04-02T22:04:04-07:00,2,10
style.css,1149,css,e32ab843,Ryan Lindberg,2026-04-02,22:04:04,-07:00,2026-04-02T22:04:04-07:00,2,8
style.css,1150,css,e32ab843,Ryan Lindberg,2026-04-02,22:04:04,-07:00,2026-04-02T22:04:04-07:00,1,0
style.css,1151,css,e32ab843,Ryan Lindberg,2026-04-02,22:04:04,-07:00,2026-04-02T22:04:04-07:00,0,0
style.css,1152,css,e32ab843,Ryan Lindberg,2026-04-02,22:04:04,-07:00,2026-04-02T22:04:04-07:00,1,3
style.css,1153,css,e32ab843,Ryan Lindberg,2026-04-02,22:04:04,-07:00,2026-04-02T22:04:04-07:00,2,14
style.css,1154,css,e32ab843,Ryan Lindberg,2026-04-02,22:04:04,-07:00,2026-04-02T22:04:04-07:00,1,0
style.css,1155,css,e32ab843,Ryan Lindberg,2026-04-02,22:04:04,-07:00,2026-04-02T22:04:04-07:00,0,0
style.css,1156,css,e32ab843,Ryan Lindberg,2026-04-02,22:04:04,-07:00,2026-04-02T22:04:04-07:00,1,5
style.css,1157,css,e32ab843,Ryan Lindberg,2026-04-02,22:04:04,-07:00,2026-04-02T22:04:04-07:00,2,15
style.css,1158,css,e32ab843,Ryan Lindberg,2026-04-02,22:04:04,-07:00,2026-04-02T22:04:04-07:00,2,14
style.css,1159,css,e32ab843,Ryan Lindberg,2026-04-02,22:04:04,-07:00,2026-04-02T22:04:04-07:00,1,0
style.css,1160,css,e32ab843,Ryan Lindberg,2026-04-02,22:04:04,-07:00,2026-04-02T22:04:04-07:00,0,0
style.css,1161,css,e32ab843,Ryan Lindberg,2026-04-02,22:04:04,-07:00,2026-04-02T22:04:04-07:00,1,15
style.css,1162,css,e32ab843,Ryan Lindberg,2026-04-02,22:04:04,-07:00,2026-04-02T22:04:04-07:00,2,14
style.css,1163,css,e32ab843,Ryan Lindberg,2026-04-02,22:04:04,-07:00,2026-04-02T22:04:04-07:00,1,0
style.css,1164,css,e32ab843,Ryan Lindberg,2026-04-02,22:04:04,-07:00,2026-04-02T22:04:04-07:00,0,0
style.css,1165,css,e32ab843,Ryan Lindberg,2026-04-02,22:04:04,-07:00,2026-04-02T22:04:04-07:00,1,10
style.css,1166,css,e32ab843,Ryan Lindberg,2026-04-02,22:04:04,-07:00,2026-04-02T22:04:04-07:00,1,9
style.css,1167,css,e32ab843,Ryan Lindberg,2026-04-02,22:04:04,-07:00,2026-04-02T22:04:04-07:00,2,36
style.css,1168,css,e32ab843,Ryan Lindberg,2026-04-02,22:04:04,-07:00,2026-04-02T22:04:04-07:00,1,0
style.css,1169,css,e32ab843,Ryan Lindberg,2026-04-02,22:04:04,-07:00,2026-04-02T22:04:04-07:00,0,0
style.css,1170,css,e32ab843,Ryan Lindberg,2026-04-02,22:04:04,-07:00,2026-04-02T22:04:04-07:00,1,11
style.css,1171,css,e32ab843,Ryan Lindberg,2026-04-02,22:04:04,-07:00,2026-04-02T22:04:04-07:00,2,13
style.css,1172,css,e32ab843,Ryan Lindberg,2026-04-02,22:04:04,-07:00,2026-04-02T22:04:04-07:00,1,0
style.css,1173,css,e32ab843,Ryan Lindberg,2026-04-02,22:04:04,-07:00,2026-04-02T22:04:04-07:00,0,0
style.css,1174,css,e32ab843,Ryan Lindberg,2026-04-02,22:04:04,-07:00,2026-04-02T22:04:04-07:00,1,24
style.css,1175,css,e32ab843,Ryan Lindberg,2026-04-02,22:04:04,-07:00,2026-04-02T22:04:04-07:00,2,15
style.css,1176,css,e32ab843,Ryan Lindberg,2026-04-02,22:04:04,-07:00,2026-04-02T22:04:04-07:00,1,0
style.css,1177,css,e32ab843,Ryan Lindberg,2026-04-02,22:04:04,-07:00,2026-04-02T22:04:04-07:00,0,0
style.css,1178,css,e32ab843,Ryan Lindberg,2026-04-02,22:04:04,-07:00,2026-04-02T22:04:04-07:00,0,0
style.css,1179,css,e32ab843,Ryan Lindberg,2026-04-02,22:04:04,-07:00,2026-04-02T22:04:04-07:00,0,60
style.css,1180,css,e32ab843,Ryan Lindberg,2026-04-02,22:04:04,-07:00,2026-04-02T22:04:04-07:00,0,4
style.css,1181,css,e32ab843,Ryan Lindberg,2026-04-02,22:04:04,-07:00,2026-04-02T22:04:04-07:00,1,12
style.css,1182,css,e32ab843,Ryan Lindberg,2026-04-02,22:04:04,-07:00,2026-04-02T22:04:04-07:00,1,21
style.css,1183,css,e32ab843,Ryan Lindberg,2026-04-02,22:04:04,-07:00,2026-04-02T22:04:04-07:00,1,7
style.css,1184,css,e32ab843,Ryan Lindberg,2026-04-02,22:04:04,-07:00,2026-04-02T22:04:04-07:00,0,0
style.css,1185,css,e32ab843,Ryan Lindberg,2026-04-02,22:04:04,-07:00,2026-04-02T22:04:04-07:00,0,0
style.css,1186,css,e32ab843,Ryan Lindberg,2026-04-02,22:04:04,-07:00,2026-04-02T22:04:04-07:00,0,5
style.css,1187,css,e32ab843,Ryan Lindberg,2026-04-02,22:04:04,-07:00,2026-04-02T22:04:04-07:00,1,14
style.css,1188,css,e32ab843,Ryan Lindberg,2026-04-02,22:04:04,-07:00,2026-04-02T22:04:04-07:00,1,24
style.css,1189,css,e32ab843,Ryan Lindberg,2026-04-02,22:04:04,-07:00,2026-04-02T22:04:04-07:00,1,20
style.css,1190,css,e32ab843,Ryan Lindberg,2026-04-02,22:04:04,-07:00,2026-04-02T22:04:04-07:00,1,23
style.css,1191,css,e32ab843,Ryan Lindberg,2026-04-02,22:04:04,-07:00,2026-04-02T22:04:04-07:00,1,12
style.css,1192,css,e32ab843,Ryan Lindberg,2026-04-02,22:04:04,-07:00,2026-04-02T22:04:04-07:00,1,21
style.css,1193,css,e32ab843,Ryan Lindberg,2026-04-02,22:04:04,-07:00,2026-04-02T22:04:04-07:00,1,7
style.css,1194,css,965947bf,Ryan Lindberg,2025-06-13,18:59:55,-07:00,2025-06-13T18:59:55-07:00,0,0
style.css,1195,css,e973df73,Ryan Lindberg,2026-04-03,17:15:09,-07:00,2026-04-03T17:15:09-07:00,0,0
style.css,1196,css,e973df73,Ryan Lindberg,2026-04-03,17:15:09,-07:00,2026-04-03T17:15:09-07:00,0,41
style.css,1197,css,e973df73,Ryan Lindberg,2026-04-03,17:15:09,-07:00,2026-04-03T17:15:09-07:00,0,0
style.css,1198,css,e973df73,Ryan Lindberg,2026-04-03,17:15:09,-07:00,2026-04-03T17:15:09-07:00,0,33
style.css,1199,css,e973df73,Ryan Lindberg,2026-04-03,17:15:09,-07:00,2026-04-03T17:15:09-07:00,0,15
style.css,1200,css,e973df73,Ryan Lindberg,2026-04-03,17:15:09,-07:00,2026-04-03T17:15:09-07:00,1,14
style.css,1201,css,e973df73,Ryan Lindberg,2026-04-03,17:15:09,-07:00,2026-04-03T17:15:09-07:00,1,7
style.css,1202,css,e973df73,Ryan Lindberg,2026-04-03,17:15:09,-07:00,2026-04-03T17:15:09-07:00,1,10
style.css,1203,css,e973df73,Ryan Lindberg,2026-04-03,17:15:09,-07:00,2026-04-03T17:15:09-07:00,1,19
style.css,1204,css,e973df73,Ryan Lindberg,2026-04-03,17:15:09,-07:00,2026-04-03T17:15:09-07:00,0,0
style.css,1205,css,e973df73,Ryan Lindberg,2026-04-03,17:15:09,-07:00,2026-04-03T17:15:09-07:00,0,0
style.css,1206,css,e973df73,Ryan Lindberg,2026-04-03,17:15:09,-07:00,2026-04-03T17:15:09-07:00,0,41
style.css,1207,css,e973df73,Ryan Lindberg,2026-04-03,17:15:09,-07:00,2026-04-03T17:15:09-07:00,0,15
style.css,1208,css,e973df73,Ryan Lindberg,2026-04-03,17:15:09,-07:00,2026-04-03T17:15:09-07:00,1,14
style.css,1209,css,e973df73,Ryan Lindberg,2026-04-03,17:15:09,-07:00,2026-04-03T17:15:09-07:00,1,6
style.css,1210,css,e973df73,Ryan Lindberg,2026-04-03,17:15:09,-07:00,2026-04-03T17:15:09-07:00,1,5
style.css,1211,css,e973df73,Ryan Lindberg,2026-04-03,17:15:09,-07:00,2026-04-03T17:15:09-07:00,1,10
style.css,1212,css,e973df73,Ryan Lindberg,2026-04-03,17:15:09,-07:00,2026-04-03T17:15:09-07:00,1,12
style.css,1213,css,e973df73,Ryan Lindberg,2026-04-03,17:15:09,-07:00,2026-04-03T17:15:09-07:00,1,9
style.css,1214,css,e973df73,Ryan Lindberg,2026-04-03,17:15:09,-07:00,2026-04-03T17:15:09-07:00,1,19
style.css,1215,css,e973df73,Ryan Lindberg,2026-04-03,17:15:09,-07:00,2026-04-03T17:15:09-07:00,1,15
style.css,1216,css,e973df73,Ryan Lindberg,2026-04-03,17:15:09,-07:00,2026-04-03T17:15:09-07:00,0,0
style.css,1217,css,e973df73,Ryan Lindberg,2026-04-03,17:15:09,-07:00,2026-04-03T17:15:09-07:00,0,0
style.css,1218,css,e973df73,Ryan Lindberg,2026-04-03,17:15:09,-07:00,2026-04-03T17:15:09-07:00,0,14
style.css,1219,css,e973df73,Ryan Lindberg,2026-04-03,17:15:09,-07:00,2026-04-03T17:15:09-07:00,1,17
style.css,1220,css,e973df73,Ryan Lindberg,2026-04-03,17:15:09,-07:00,2026-04-03T17:15:09-07:00,1,6
style.css,1221,css,e973df73,Ryan Lindberg,2026-04-03,17:15:09,-07:00,2026-04-03T17:15:09-07:00,1,5
style.css,1222,css,e973df73,Ryan Lindberg,2026-04-03,17:15:09,-07:00,2026-04-03T17:15:09-07:00,1,10
style.css,1223,css,e973df73,Ryan Lindberg,2026-04-03,17:15:09,-07:00,2026-04-03T17:15:09-07:00,1,11
style.css,1224,css,e973df73,Ryan Lindberg,2026-04-03,17:15:09,-07:00,2026-04-03T17:15:09-07:00,1,26
style.css,1225,css,e973df73,Ryan Lindberg,2026-04-03,17:15:09,-07:00,2026-04-03T17:15:09-07:00,2,5
style.css,1226,css,e973df73,Ryan Lindberg,2026-04-03,17:15:09,-07:00,2026-04-03T17:15:09-07:00,2,13
style.css,1227,css,e973df73,Ryan Lindberg,2026-04-03,17:15:09,-07:00,2026-04-03T17:15:09-07:00,2,24
style.css,1228,css,e973df73,Ryan Lindberg,2026-04-03,17:15:09,-07:00,2026-04-03T17:15:09-07:00,2,24
style.css,1229,css,e973df73,Ryan Lindberg,2026-04-03,17:15:09,-07:00,2026-04-03T17:15:09-07:00,2,24
style.css,1230,css,e973df73,Ryan Lindberg,2026-04-03,17:15:09,-07:00,2026-04-03T17:15:09-07:00,2,14
style.css,1231,css,e973df73,Ryan Lindberg,2026-04-03,17:15:09,-07:00,2026-04-03T17:15:09-07:00,1,0
style.css,1232,css,e973df73,Ryan Lindberg,2026-04-03,17:15:09,-07:00,2026-04-03T17:15:09-07:00,1,47
style.css,1233,css,e973df73,Ryan Lindberg,2026-04-03,17:15:09,-07:00,2026-04-03T17:15:09-07:00,1,19
style.css,1234,css,e973df73,Ryan Lindberg,2026-04-03,17:15:09,-07:00,2026-04-03T17:15:09-07:00,0,0
style.css,1235,css,e973df73,Ryan Lindberg,2026-04-03,17:15:09,-07:00,2026-04-03T17:15:09-07:00,0,0
style.css,1236,css,e973df73,Ryan Lindberg,2026-04-03,17:15:09,-07:00,2026-04-03T17:15:09-07:00,0,24
style.css,1237,css,e973df73,Ryan Lindberg,2026-04-03,17:15:09,-07:00,2026-04-03T17:15:09-07:00,1,18
style.css,1238,css,e973df73,Ryan Lindberg,2026-04-03,17:15:09,-07:00,2026-04-03T17:15:09-07:00,1,30
style.css,1239,css,e973df73,Ryan Lindberg,2026-04-03,17:15:09,-07:00,2026-04-03T17:15:09-07:00,0,0
style.css,1240,css,e973df73,Ryan Lindberg,2026-04-03,17:15:09,-07:00,2026-04-03T17:15:09-07:00,0,0
style.css,1241,css,e973df73,Ryan Lindberg,2026-04-03,17:15:09,-07:00,2026-04-03T17:15:09-07:00,0,28
style.css,1242,css,e973df73,Ryan Lindberg,2026-04-03,17:15:09,-07:00,2026-04-03T17:15:09-07:00,0,13
style.css,1243,css,e973df73,Ryan Lindberg,2026-04-03,17:15:09,-07:00,2026-04-03T17:15:09-07:00,1,18
style.css,1244,css,e973df73,Ryan Lindberg,2026-04-03,17:15:09,-07:00,2026-04-03T17:15:09-07:00,1,17
style.css,1245,css,e973df73,Ryan Lindberg,2026-04-03,17:15:09,-07:00,2026-04-03T17:15:09-07:00,0,0
style.css,1246,css,e973df73,Ryan Lindberg,2026-04-03,17:15:09,-07:00,2026-04-03T17:15:09-07:00,0,0
style.css,1247,css,e973df73,Ryan Lindberg,2026-04-03,17:15:09,-07:00,2026-04-03T17:15:09-07:00,0,10
style.css,1248,css,e973df73,Ryan Lindberg,2026-04-03,17:15:09,-07:00,2026-04-03T17:15:09-07:00,1,18
style.css,1249,css,e973df73,Ryan Lindberg,2026-04-03,17:15:09,-07:00,2026-04-03T17:15:09-07:00,1,13
style.css,1250,css,e973df73,Ryan Lindberg,2026-04-03,17:15:09,-07:00,2026-04-03T17:15:09-07:00,1,24
style.css,1251,css,e973df73,Ryan Lindberg,2026-04-03,17:15:09,-07:00,2026-04-03T17:15:09-07:00,1,76
style.css,1252,css,e973df73,Ryan Lindberg,2026-04-03,17:15:09,-07:00,2026-04-03T17:15:09-07:00,1,17
style.css,1253,css,e973df73,Ryan Lindberg,2026-04-03,17:15:09,-07:00,2026-04-03T17:15:09-07:00,1,8
style.css,1254,css,e973df73,Ryan Lindberg,2026-04-03,17:15:09,-07:00,2026-04-03T17:15:09-07:00,1,34
style.css,1255,css,e973df73,Ryan Lindberg,2026-04-03,17:15:09,-07:00,2026-04-03T17:15:09-07:00,1,14
style.css,1256,css,e973df73,Ryan Lindberg,2026-04-03,17:15:09,-07:00,2026-04-03T17:15:09-07:00,1,15
style.css,1257,css,e973df73,Ryan Lindberg,2026-04-03,17:15:09,-07:00,2026-04-03T17:15:09-07:00,1,15
style.css,1258,css,e973df73,Ryan Lindberg,2026-04-03,17:15:09,-07:00,2026-04-03T17:15:09-07:00,1,15
style.css,1259,css,e973df73,Ryan Lindberg,2026-04-03,17:15:09,-07:00,2026-04-03T17:15:09-07:00,0,0
style.css,1260,css,e973df73,Ryan Lindberg,2026-04-03,17:15:09,-07:00,2026-04-03T17:15:09-07:00,0,0
style.css,1261,css,e973df73,Ryan Lindberg,2026-04-03,17:15:09,-07:00,2026-04-03T17:15:09-07:00,0,11
style.css,1262,css,e973df73,Ryan Lindberg,2026-04-03,17:15:09,-07:00,2026-04-03T17:15:09-07:00,1,9
style.css,1263,css,e973df73,Ryan Lindberg,2026-04-03,17:15:09,-07:00,2026-04-03T17:15:09-07:00,1,42
style.css,1264,css,e973df73,Ryan Lindberg,2026-04-03,17:15:09,-07:00,2026-04-03T17:15:09-07:00,0,0
style.css,1265,css,e973df73,Ryan Lindberg,2026-04-03,17:15:09,-07:00,2026-04-03T17:15:09-07:00,0,0
style.css,1266,css,e973df73,Ryan Lindberg,2026-04-03,17:15:09,-07:00,2026-04-03T17:15:09-07:00,0,23
style.css,1267,css,e973df73,Ryan Lindberg,2026-04-03,17:15:09,-07:00,2026-04-03T17:15:09-07:00,1,47
style.css,1268,css,e973df73,Ryan Lindberg,2026-04-03,17:15:09,-07:00,2026-04-03T17:15:09-07:00,1,42
style.css,1269,css,e973df73,Ryan Lindberg,2026-04-03,17:15:09,-07:00,2026-04-03T17:15:09-07:00,0,0
style.css,1270,css,e973df73,Ryan Lindberg,2026-04-03,17:15:09,-07:00,2026-04-03T17:15:09-07:00,0,0
style.css,1271,css,e973df73,Ryan Lindberg,2026-04-03,17:15:09,-07:00,2026-04-03T17:15:09-07:00,0,14
style.css,1272,css,e973df73,Ryan Lindberg,2026-04-03,17:15:09,-07:00,2026-04-03T17:15:09-07:00,1,13
style.css,1273,css,e973df73,Ryan Lindberg,2026-04-03,17:15:09,-07:00,2026-04-03T17:15:09-07:00,1,16
style.css,1274,css,e973df73,Ryan Lindberg,2026-04-03,17:15:09,-07:00,2026-04-03T17:15:09-07:00,1,16
style.css,1275,css,e973df73,Ryan Lindberg,2026-04-03,17:15:09,-07:00,2026-04-03T17:15:09-07:00,0,0
style.css,1276,css,e973df73,Ryan Lindberg,2026-04-03,17:15:09,-07:00,2026-04-03T17:15:09-07:00,0,0
style.css,1277,css,e973df73,Ryan Lindberg,2026-04-03,17:15:09,-07:00,2026-04-03T17:15:09-07:00,0,14
style.css,1278,css,e973df73,Ryan Lindberg,2026-04-03,17:15:09,-07:00,2026-04-03T17:15:09-07:00,1,34
style.css,1279,css,e973df73,Ryan Lindberg,2026-04-03,17:15:09,-07:00,2026-04-03T17:15:09-07:00,1,14
style.css,1280,css,e973df73,Ryan Lindberg,2026-04-03,17:15:09,-07:00,2026-04-03T17:15:09-07:00,1,13
style.css,1281,css,e973df73,Ryan Lindberg,2026-04-03,17:15:09,-07:00,2026-04-03T17:15:09-07:00,1,24
style.css,1282,css,e973df73,Ryan Lindberg,2026-04-03,17:15:09,-07:00,2026-04-03T17:15:09-07:00,1,21
style.css,1283,css,e973df73,Ryan Lindberg,2026-04-03,17:15:09,-07:00,2026-04-03T17:15:09-07:00,1,14
style.css,1284,css,e973df73,Ryan Lindberg,2026-04-03,17:15:09,-07:00,2026-04-03T17:15:09-07:00,1,9
style.css,1285,css,e973df73,Ryan Lindberg,2026-04-03,17:15:09,-07:00,2026-04-03T17:15:09-07:00,1,50
style.css,1286,css,e973df73,Ryan Lindberg,2026-04-03,17:15:09,-07:00,2026-04-03T17:15:09-07:00,0,0
style.css,1287,css,e973df73,Ryan Lindberg,2026-04-03,17:15:09,-07:00,2026-04-03T17:15:09-07:00,0,0
style.css,1288,css,e973df73,Ryan Lindberg,2026-04-03,17:15:09,-07:00,2026-04-03T17:15:09-07:00,0,29
style.css,1289,css,e973df73,Ryan Lindberg,2026-04-03,17:15:09,-07:00,2026-04-03T17:15:09-07:00,1,18
style.css,1290,css,e973df73,Ryan Lindberg,2026-04-03,17:15:09,-07:00,2026-04-03T17:15:09-07:00,1,18
style.css,1291,css,e973df73,Ryan Lindberg,2026-04-03,17:15:09,-07:00,2026-04-03T17:15:09-07:00,0,0
style.css,1292,css,e973df73,Ryan Lindberg,2026-04-03,17:15:09,-07:00,2026-04-03T17:15:09-07:00,0,0
style.css,1293,css,e973df73,Ryan Lindberg,2026-04-03,17:15:09,-07:00,2026-04-03T17:15:09-07:00,0,38
style.css,1294,css,e973df73,Ryan Lindberg,2026-04-03,17:15:09,-07:00,2026-04-03T17:15:09-07:00,0,13
style.css,1295,css,e973df73,Ryan Lindberg,2026-04-03,17:15:09,-07:00,2026-04-03T17:15:09-07:00,1,12
style.css,1296,css,e973df73,Ryan Lindberg,2026-04-03,17:15:09,-07:00,2026-04-03T17:15:09-07:00,1,18
style.css,1297,css,e973df73,Ryan Lindberg,2026-04-03,17:15:09,-07:00,2026-04-03T17:15:09-07:00,1,7
style.css,1298,css,e973df73,Ryan Lindberg,2026-04-03,17:15:09,-07:00,2026-04-03T17:15:09-07:00,1,13
style.css,1299,css,e973df73,Ryan Lindberg,2026-04-03,17:15:09,-07:00,2026-04-03T17:15:09-07:00,1,17
style.css,1300,css,e973df73,Ryan Lindberg,2026-04-03,17:15:09,-07:00,2026-04-03T17:15:09-07:00,0,0
style.css,1301,css,e973df73,Ryan Lindberg,2026-04-03,17:15:09,-07:00,2026-04-03T17:15:09-07:00,0,0
style.css,1302,css,e973df73,Ryan Lindberg,2026-04-03,17:15:09,-07:00,2026-04-03T17:15:09-07:00,0,13
style.css,1303,css,e973df73,Ryan Lindberg,2026-04-03,17:15:09,-07:00,2026-04-03T17:15:09-07:00,1,6
style.css,1304,css,e973df73,Ryan Lindberg,2026-04-03,17:15:09,-07:00,2026-04-03T17:15:09-07:00,1,10
style.css,1305,css,e973df73,Ryan Lindberg,2026-04-03,17:15:09,-07:00,2026-04-03T17:15:09-07:00,1,35
style.css,1306,css,e973df73,Ryan Lindberg,2026-04-03,17:15:09,-07:00,2026-04-03T17:15:09-07:00,0,0
style.css,1307,css,e973df73,Ryan Lindberg,2026-04-03,17:15:09,-07:00,2026-04-03T17:15:09-07:00,0,0
style.css,1308,css,e973df73,Ryan Lindberg,2026-04-03,17:15:09,-07:00,2026-04-03T17:15:09-07:00,0,15
style.css,1309,css,e973df73,Ryan Lindberg,2026-04-03,17:15:09,-07:00,2026-04-03T17:15:09-07:00,1,12
style.css,1310,css,e973df73,Ryan Lindberg,2026-04-03,17:15:09,-07:00,2026-04-03T17:15:09-07:00,1,18
style.css,1311,css,e973df73,Ryan Lindberg,2026-04-03,17:15:09,-07:00,2026-04-03T17:15:09-07:00,1,7
style.css,1312,css,e973df73,Ryan Lindberg,2026-04-03,17:15:09,-07:00,2026-04-03T17:15:09-07:00,1,13
style.css,1313,css,e973df73,Ryan Lindberg,2026-04-03,17:15:09,-07:00,2026-04-03T17:15:09-07:00,0,0
style.css,1314,css,e973df73,Ryan Lindberg,2026-04-03,17:15:09,-07:00,2026-04-03T17:15:09-07:00,0,0
style.css,1315,css,e973df73,Ryan Lindberg,2026-04-03,17:15:09,-07:00,2026-04-03T17:15:09-07:00,0,18
style.css,1316,css,e973df73,Ryan Lindberg,2026-04-03,17:15:09,-07:00,2026-04-03T17:15:09-07:00,1,47
style.css,1317,css,e973df73,Ryan Lindberg,2026-04-03,17:15:09,-07:00,2026-04-03T17:15:09-07:00,0,0
style.css,1318,css,e973df73,Ryan Lindberg,2026-04-03,17:15:09,-07:00,2026-04-03T17:15:09-07:00,0,0
style.css,1319,css,e973df73,Ryan Lindberg,2026-04-03,17:15:09,-07:00,2026-04-03T17:15:09-07:00,0,24
style.css,1320,css,e973df73,Ryan Lindberg,2026-04-03,17:15:09,-07:00,2026-04-03T17:15:09-07:00,1,24
style.css,1321,css,e973df73,Ryan Lindberg,2026-04-03,17:15:09,-07:00,2026-04-03T17:15:09-07:00,1,19
style.css,1322,css,e973df73,Ryan Lindberg,2026-04-03,17:15:09,-07:00,2026-04-03T17:15:09-07:00,0,0
style.css,1323,css,e973df73,Ryan Lindberg,2026-04-03,17:15:09,-07:00,2026-04-03T17:15:09-07:00,0,0
style.css,1324,css,e973df73,Ryan Lindberg,2026-04-03,17:15:09,-07:00,2026-04-03T17:15:09-07:00,0,14
style.css,1325,css,e973df73,Ryan Lindberg,2026-04-03,17:15:09,-07:00,2026-04-03T17:15:09-07:00,1,44
style.css,1326,css,e973df73,Ryan Lindberg,2026-04-03,17:15:09,-07:00,2026-04-03T17:15:09-07:00,1,23
style.css,1327,css,e973df73,Ryan Lindberg,2026-04-03,17:15:09,-07:00,2026-04-03T17:15:09-07:00,0,0
style.css,1328,css,e973df73,Ryan Lindberg,2026-04-03,17:15:09,-07:00,2026-04-03T17:15:09-07:00,0,0
style.css,1329,css,e973df73,Ryan Lindberg,2026-04-03,17:15:09,-07:00,2026-04-03T17:15:09-07:00,0,25
style.css,1330,css,e973df73,Ryan Lindberg,2026-04-03,17:15:09,-07:00,2026-04-03T17:15:09-07:00,1,31
style.css,1331,css,e973df73,Ryan Lindberg,2026-04-03,17:15:09,-07:00,2026-04-03T17:15:09-07:00,1,31
style.css,1332,css,e973df73,Ryan Lindberg,2026-04-03,17:15:09,-07:00,2026-04-03T17:15:09-07:00,0,0
style.css,1333,css,e973df73,Ryan Lindberg,2026-04-03,17:15:09,-07:00,2026-04-03T17:15:09-07:00,0,0
style.css,1334,css,e973df73,Ryan Lindberg,2026-04-03,17:15:09,-07:00,2026-04-03T17:15:09-07:00,0,14
style.css,1335,css,e973df73,Ryan Lindberg,2026-04-03,17:15:09,-07:00,2026-04-03T17:15:09-07:00,1,34
style.css,1336,css,e973df73,Ryan Lindberg,2026-04-03,17:15:09,-07:00,2026-04-03T17:15:09-07:00,1,13
style.css,1337,css,e973df73,Ryan Lindberg,2026-04-03,17:15:09,-07:00,2026-04-03T17:15:09-07:00,1,19
style.css,1338,css,e973df73,Ryan Lindberg,2026-04-03,17:15:09,-07:00,2026-04-03T17:15:09-07:00,1,11
style.css,1339,css,e973df73,Ryan Lindberg,2026-04-03,17:15:09,-07:00,2026-04-03T17:15:09-07:00,1,24
style.css,1340,css,e973df73,Ryan Lindberg,2026-04-03,17:15:09,-07:00,2026-04-03T17:15:09-07:00,1,20
style.css,1341,css,e973df73,Ryan Lindberg,2026-04-03,17:15:09,-07:00,2026-04-03T17:15:09-07:00,0,0
style.css,1342,css,e973df73,Ryan Lindberg,2026-04-03,17:15:09,-07:00,2026-04-03T17:15:09-07:00,0,0
style.css,1343,css,e973df73,Ryan Lindberg,2026-04-03,17:15:09,-07:00,2026-04-03T17:15:09-07:00,0,15
style.css,1344,css,e973df73,Ryan Lindberg,2026-04-03,17:15:09,-07:00,2026-04-03T17:15:09-07:00,1,11
style.css,1345,css,e973df73,Ryan Lindberg,2026-04-03,17:15:09,-07:00,2026-04-03T17:15:09-07:00,1,11
style.css,1346,css,e973df73,Ryan Lindberg,2026-04-03,17:15:09,-07:00,2026-04-03T17:15:09-07:00,1,15
style.css,1347,css,e973df73,Ryan Lindberg,2026-04-03,17:15:09,-07:00,2026-04-03T17:15:09-07:00,1,37
style.css,1348,css,e973df73,Ryan Lindberg,2026-04-03,17:15:09,-07:00,2026-04-03T17:15:09-07:00,1,30
style.css,1349,css,e973df73,Ryan Lindberg,2026-04-03,17:15:09,-07:00,2026-04-03T17:15:09-07:00,1,17
style.css,1350,css,e973df73,Ryan Lindberg,2026-04-03,17:15:09,-07:00,2026-04-03T17:15:09-07:00,0,0
style.css,1351,css,e973df73,Ryan Lindberg,2026-04-03,17:15:09,-07:00,2026-04-03T17:15:09-07:00,0,0
style.css,1352,css,e973df73,Ryan Lindberg,2026-04-03,17:15:09,-07:00,2026-04-03T17:15:09-07:00,0,21
style.css,1353,css,e973df73,Ryan Lindberg,2026-04-03,17:15:09,-07:00,2026-04-03T17:15:09-07:00,1,34
style.css,1354,css,e973df73,Ryan Lindberg,2026-04-03,17:15:09,-07:00,2026-04-03T17:15:09-07:00,1,13
style.css,1355,css,e973df73,Ryan Lindberg,2026-04-03,17:15:09,-07:00,2026-04-03T17:15:09-07:00,1,19
style.css,1356,css,e973df73,Ryan Lindberg,2026-04-03,17:15:09,-07:00,2026-04-03T17:15:09-07:00,1,11
style.css,1357,css,e973df73,Ryan Lindberg,2026-04-03,17:15:09,-07:00,2026-04-03T17:15:09-07:00,1,18
style.css,1358,css,e973df73,Ryan Lindberg,2026-04-03,17:15:09,-07:00,2026-04-03T17:15:09-07:00,1,17
style.css,1359,css,e973df73,Ryan Lindberg,2026-04-03,17:15:09,-07:00,2026-04-03T17:15:09-07:00,1,7
style.css,1360,css,e973df73,Ryan Lindberg,2026-04-03,17:15:09,-07:00,2026-04-03T17:15:09-07:00,1,43
style.css,1361,css,e973df73,Ryan Lindberg,2026-04-03,17:15:09,-07:00,2026-04-03T17:15:09-07:00,0,0
style.css,1362,css,e973df73,Ryan Lindberg,2026-04-03,17:15:09,-07:00,2026-04-03T17:15:09-07:00,0,0
style.css,1363,css,e973df73,Ryan Lindberg,2026-04-03,17:15:09,-07:00,2026-04-03T17:15:09-07:00,0,24
style.css,1364,css,e973df73,Ryan Lindberg,2026-04-03,17:15:09,-07:00,2026-04-03T17:15:09-07:00,1,19
style.css,1365,css,e973df73,Ryan Lindberg,2026-04-03,17:15:09,-07:00,2026-04-03T17:15:09-07:00,1,18
style.css,1366,css,e973df73,Ryan Lindberg,2026-04-03,17:15:09,-07:00,2026-04-03T17:15:09-07:00,0,0
style.css,1367,css,e973df73,Ryan Lindberg,2026-04-03,17:15:09,-07:00,2026-04-03T17:15:09-07:00,0,0
style.css,1368,css,e973df73,Ryan Lindberg,2026-04-03,17:15:09,-07:00,2026-04-03T17:15:09-07:00,0,50
style.css,1369,css,e973df73,Ryan Lindberg,2026-04-03,17:15:09,-07:00,2026-04-03T17:15:09-07:00,0,25
style.css,1370,css,e973df73,Ryan Lindberg,2026-04-03,17:15:09,-07:00,2026-04-03T17:15:09-07:00,1,15
style.css,1371,css,e973df73,Ryan Lindberg,2026-04-03,17:15:09,-07:00,2026-04-03T17:15:09-07:00,2,12
style.css,1372,css,e973df73,Ryan Lindberg,2026-04-03,17:15:09,-07:00,2026-04-03T17:15:09-07:00,1,0
style.css,1373,css,e973df73,Ryan Lindberg,2026-04-03,17:15:09,-07:00,2026-04-03T17:15:09-07:00,0,0
style.css,1374,css,e973df73,Ryan Lindberg,2026-04-03,17:15:09,-07:00,2026-04-03T17:15:09-07:00,1,10
style.css,1375,css,e973df73,Ryan Lindberg,2026-04-03,17:15:09,-07:00,2026-04-03T17:15:09-07:00,2,13
style.css,1376,css,e973df73,Ryan Lindberg,2026-04-03,17:15:09,-07:00,2026-04-03T17:15:09-07:00,2,16
style.css,1377,css,e973df73,Ryan Lindberg,2026-04-03,17:15:09,-07:00,2026-04-03T17:15:09-07:00,1,0
style.css,1378,css,e973df73,Ryan Lindberg,2026-04-03,17:15:09,-07:00,2026-04-03T17:15:09-07:00,0,0
style.css,1379,css,e973df73,Ryan Lindberg,2026-04-03,17:15:09,-07:00,2026-04-03T17:15:09-07:00,1,15
style.css,1380,css,e973df73,Ryan Lindberg,2026-04-03,17:15:09,-07:00,2026-04-03T17:15:09-07:00,2,10
style.css,1381,css,e973df73,Ryan Lindberg,2026-04-03,17:15:09,-07:00,2026-04-03T17:15:09-07:00,1,0
style.css,1382,css,e973df73,Ryan Lindberg,2026-04-03,17:15:09,-07:00,2026-04-03T17:15:09-07:00,0,0
style.css,1383,css,e973df73,Ryan Lindberg,2026-04-03,17:15:09,-07:00,2026-04-03T17:15:09-07:00,0,0
style.css,1384,css,e973df73,Ryan Lindberg,2026-04-03,17:15:09,-07:00,2026-04-03T17:15:09-07:00,0,26
style.css,1385,css,e973df73,Ryan Lindberg,2026-04-03,17:15:09,-07:00,2026-04-03T17:15:09-07:00,1,15
style.css,1386,css,e973df73,Ryan Lindberg,2026-04-03,17:15:09,-07:00,2026-04-03T17:15:09-07:00,2,12
style.css,1387,css,e973df73,Ryan Lindberg,2026-04-03,17:15:09,-07:00,2026-04-03T17:15:09-07:00,1,0
style.css,1388,css,e973df73,Ryan Lindberg,2026-04-03,17:15:09,-07:00,2026-04-03T17:15:09-07:00,0,0
style.css,1389,css,e973df73,Ryan Lindberg,2026-04-03,17:15:09,-07:00,2026-04-03T17:15:09-07:00,0,0
style.css,1390,css,e973df73,Ryan Lindberg,2026-04-03,17:15:09,-07:00,2026-04-03T17:15:09-07:00,0,45
style.css,1391,css,e973df73,Ryan Lindberg,2026-04-03,17:15:09,-07:00,2026-04-03T17:15:09-07:00,0,23
style.css,1392,css,e973df73,Ryan Lindberg,2026-04-03,17:15:09,-07:00,2026-04-03T17:15:09-07:00,1,18
style.css,1393,css,e973df73,Ryan Lindberg,2026-04-03,17:15:09,-07:00,2026-04-03T17:15:09-07:00,1,19
style.css,1394,css,e973df73,Ryan Lindberg,2026-04-03,17:15:09,-07:00,2026-04-03T17:15:09-07:00,1,38
style.css,1395,css,e973df73,Ryan Lindberg,2026-04-03,17:15:09,-07:00,2026-04-03T17:15:09-07:00,0,0
style.css,1396,css,e973df73,Ryan Lindberg,2026-04-03,17:15:09,-07:00,2026-04-03T17:15:09-07:00,0,0
style.css,1397,css,e973df73,Ryan Lindberg,2026-04-03,17:15:09,-07:00,2026-04-03T17:15:09-07:00,0,22
style.css,1398,css,e973df73,Ryan Lindberg,2026-04-03,17:15:09,-07:00,2026-04-03T17:15:09-07:00,1,14
style.css,1399,css,e973df73,Ryan Lindberg,2026-04-03,17:15:09,-07:00,2026-04-03T17:15:09-07:00,1,19
style.css,1400,css,e973df73,Ryan Lindberg,2026-04-03,17:15:09,-07:00,2026-04-03T17:15:09-07:00,1,24
style.css,1401,css,e973df73,Ryan Lindberg,2026-04-03,17:15:09,-07:00,2026-04-03T17:15:09-07:00,1,21
style.css,1402,css,e973df73,Ryan Lindberg,2026-04-03,17:15:09,-07:00,2026-04-03T17:15:09-07:00,1,17
style.css,1403,css,e973df73,Ryan Lindberg,2026-04-03,17:15:09,-07:00,2026-04-03T17:15:09-07:00,1,15
style.css,1404,css,e973df73,Ryan Lindberg,2026-04-03,17:15:09,-07:00,2026-04-03T17:15:09-07:00,0,0
style.css,1405,css,e973df73,Ryan Lindberg,2026-04-03,17:15:09,-07:00,2026-04-03T17:15:09-07:00,0,0
style.css,1406,css,e973df73,Ryan Lindberg,2026-04-03,17:15:09,-07:00,2026-04-03T17:15:09-07:00,0,21
style.css,1407,css,e973df73,Ryan Lindberg,2026-04-03,17:15:09,-07:00,2026-04-03T17:15:09-07:00,1,12
style.css,1408,css,e973df73,Ryan Lindberg,2026-04-03,17:15:09,-07:00,2026-04-03T17:15:09-07:00,1,18
style.css,1409,css,e973df73,Ryan Lindberg,2026-04-03,17:15:09,-07:00,2026-04-03T17:15:09-07:00,1,8
style.css,1410,css,e973df73,Ryan Lindberg,2026-04-03,17:15:09,-07:00,2026-04-03T17:15:09-07:00,1,14
style.css,1411,css,e973df73,Ryan Lindberg,2026-04-03,17:15:09,-07:00,2026-04-03T17:15:09-07:00,0,0
style.css,1412,css,e973df73,Ryan Lindberg,2026-04-03,17:15:09,-07:00,2026-04-03T17:15:09-07:00,0,0
style.css,1413,css,e973df73,Ryan Lindberg,2026-04-03,17:15:09,-07:00,2026-04-03T17:15:09-07:00,0,21
style.css,1414,css,e973df73,Ryan Lindberg,2026-04-03,17:15:09,-07:00,2026-04-03T17:15:09-07:00,1,23
style.css,1415,css,e973df73,Ryan Lindberg,2026-04-03,17:15:09,-07:00,2026-04-03T17:15:09-07:00,1,14
style.css,1416,css,e973df73,Ryan Lindberg,2026-04-03,17:15:09,-07:00,2026-04-03T17:15:09-07:00,1,21
style.css,1417,css,e973df73,Ryan Lindberg,2026-04-03,17:15:09,-07:00,2026-04-03T17:15:09-07:00,1,24
style.css,1418,css,e973df73,Ryan Lindberg,2026-04-03,17:15:09,-07:00,2026-04-03T17:15:09-07:00,0,0
style.css,1419,css,e973df73,Ryan Lindberg,2026-04-03,17:15:09,-07:00,2026-04-03T17:15:09-07:00,0,0
style.css,1420,css,e973df73,Ryan Lindberg,2026-04-03,17:15:09,-07:00,2026-04-03T17:15:09-07:00,0,36
style.css,1421,css,e973df73,Ryan Lindberg,2026-04-03,17:15:09,-07:00,2026-04-03T17:15:09-07:00,1,22
style.css,1422,css,e973df73,Ryan Lindberg,2026-04-03,17:15:09,-07:00,2026-04-03T17:15:09-07:00,1,30
style.css,1423,css,e973df73,Ryan Lindberg,2026-04-03,17:15:09,-07:00,2026-04-03T17:15:09-07:00,1,23
style.css,1424,css,e973df73,Ryan Lindberg,2026-04-03,17:15:09,-07:00,2026-04-03T17:15:09-07:00,1,13
style.css,1425,css,e973df73,Ryan Lindberg,2026-04-03,17:15:09,-07:00,2026-04-03T17:15:09-07:00,1,15
style.css,1426,css,e973df73,Ryan Lindberg,2026-04-03,17:15:09,-07:00,2026-04-03T17:15:09-07:00,1,24
style.css,1427,css,e973df73,Ryan Lindberg,2026-04-03,17:15:09,-07:00,2026-04-03T17:15:09-07:00,1,20
style.css,1428,css,e973df73,Ryan Lindberg,2026-04-03,17:15:09,-07:00,2026-04-03T17:15:09-07:00,1,15
style.css,1429,css,e973df73,Ryan Lindberg,2026-04-03,17:15:09,-07:00,2026-04-03T17:15:09-07:00,0,0
style.css,1430,css,e973df73,Ryan Lindberg,2026-04-03,17:15:09,-07:00,2026-04-03T17:15:09-07:00,0,0
style.css,1431,css,e973df73,Ryan Lindberg,2026-04-03,17:15:09,-07:00,2026-04-03T17:15:09-07:00,0,24
style.css,1432,css,e973df73,Ryan Lindberg,2026-04-03,17:15:09,-07:00,2026-04-03T17:15:09-07:00,1,15
style.css,1433,css,e973df73,Ryan Lindberg,2026-04-03,17:15:09,-07:00,2026-04-03T17:15:09-07:00,1,15
style.css,1434,css,e973df73,Ryan Lindberg,2026-04-03,17:15:09,-07:00,2026-04-03T17:15:09-07:00,0,0
style.css,1435,css,e973df73,Ryan Lindberg,2026-04-03,17:15:09,-07:00,2026-04-03T17:15:09-07:00,0,0
style.css,1436,css,e973df73,Ryan Lindberg,2026-04-03,17:15:09,-07:00,2026-04-03T17:15:09-07:00,0,26
style.css,1437,css,e973df73,Ryan Lindberg,2026-04-03,17:15:09,-07:00,2026-04-03T17:15:09-07:00,1,17
style.css,1438,css,e973df73,Ryan Lindberg,2026-04-03,17:15:09,-07:00,2026-04-03T17:15:09-07:00,1,17
style.css,1439,css,e973df73,Ryan Lindberg,2026-04-03,17:15:09,-07:00,2026-04-03T17:15:09-07:00,1,14
style.css,1440,css,e973df73,Ryan Lindberg,2026-04-03,17:15:09,-07:00,2026-04-03T17:15:09-07:00,0,0
style.css,1441,css,e973df73,Ryan Lindberg,2026-04-03,17:15:09,-07:00,2026-04-03T17:15:09-07:00,0,0
style.css,1442,css,e973df73,Ryan Lindberg,2026-04-03,17:15:09,-07:00,2026-04-03T17:15:09-07:00,0,27
style.css,1443,css,e973df73,Ryan Lindberg,2026-04-03,17:15:09,-07:00,2026-04-03T17:15:09-07:00,1,14
style.css,1444,css,e973df73,Ryan Lindberg,2026-04-03,17:15:09,-07:00,2026-04-03T17:15:09-07:00,1,19
style.css,1445,css,e973df73,Ryan Lindberg,2026-04-03,17:15:09,-07:00,2026-04-03T17:15:09-07:00,1,24
style.css,1446,css,e973df73,Ryan Lindberg,2026-04-03,17:15:09,-07:00,2026-04-03T17:15:09-07:00,1,21
style.css,1447,css,e973df73,Ryan Lindberg,2026-04-03,17:15:09,-07:00,2026-04-03T17:15:09-07:00,1,20
style.css,1448,css,e973df73,Ryan Lindberg,2026-04-03,17:15:09,-07:00,2026-04-03T17:15:09-07:00,1,18
style.css,1449,css,e973df73,Ryan Lindberg,2026-04-03,17:15:09,-07:00,2026-04-03T17:15:09-07:00,1,43
style.css,1450,css,e973df73,Ryan Lindberg,2026-04-03,17:15:09,-07:00,2026-04-03T17:15:09-07:00,0,0
style.css,1451,css,e973df73,Ryan Lindberg,2026-04-03,17:15:09,-07:00,2026-04-03T17:15:09-07:00,0,0
style.css,1452,css,0a63bcfd,Ryan Lindberg,2026-04-27,19:21:42,-07:00,2026-04-27T19:21:42-07:00,0,25
style.css,1453,css,0a63bcfd,Ryan Lindberg,2026-04-27,19:21:42,-07:00,2026-04-27T19:21:42-07:00,0,31
style.css,1454,css,0a63bcfd,Ryan Lindberg,2026-04-27,19:21:42,-07:00,2026-04-27T19:21:42-07:00,1,15
style.css,1455,css,0a63bcfd,Ryan Lindberg,2026-04-27,19:21:42,-07:00,2026-04-27T19:21:42-07:00,1,14
style.css,1456,css,0a63bcfd,Ryan Lindberg,2026-04-27,19:21:42,-07:00,2026-04-27T19:21:42-07:00,1,13
style.css,1457,css,0a63bcfd,Ryan Lindberg,2026-04-27,19:21:42,-07:00,2026-04-27T19:21:42-07:00,0,0
style.css,1458,css,0a63bcfd,Ryan Lindberg,2026-04-27,19:21:42,-07:00,2026-04-27T19:21:42-07:00,0,0
style.css,1459,css,e973df73,Ryan Lindberg,2026-04-03,17:15:09,-07:00,2026-04-03T17:15:09-07:00,0,35
style.css,1460,css,e973df73,Ryan Lindberg,2026-04-03,17:15:09,-07:00,2026-04-03T17:15:09-07:00,1,35
style.css,1461,css,e973df73,Ryan Lindberg,2026-04-03,17:15:09,-07:00,2026-04-03T17:15:09-07:00,1,13
style.css,1462,css,e973df73,Ryan Lindberg,2026-04-03,17:15:09,-07:00,2026-04-03T17:15:09-07:00,1,17
style.css,1463,css,e973df73,Ryan Lindberg,2026-04-03,17:15:09,-07:00,2026-04-03T17:15:09-07:00,1,26
style.css,1464,css,e973df73,Ryan Lindberg,2026-04-03,17:15:09,-07:00,2026-04-03T17:15:09-07:00,1,23
style.css,1465,css,e973df73,Ryan Lindberg,2026-04-03,17:15:09,-07:00,2026-04-03T17:15:09-07:00,1,17
style.css,1466,css,e973df73,Ryan Lindberg,2026-04-03,17:15:09,-07:00,2026-04-03T17:15:09-07:00,1,14
style.css,1467,css,e973df73,Ryan Lindberg,2026-04-03,17:15:09,-07:00,2026-04-03T17:15:09-07:00,1,15
style.css,1468,css,e973df73,Ryan Lindberg,2026-04-03,17:15:09,-07:00,2026-04-03T17:15:09-07:00,0,0
style.css,1469,css,e973df73,Ryan Lindberg,2026-04-03,17:15:09,-07:00,2026-04-03T17:15:09-07:00,0,0
style.css,1470,css,e973df73,Ryan Lindberg,2026-04-03,17:15:09,-07:00,2026-04-03T17:15:09-07:00,0,21
style.css,1471,css,e973df73,Ryan Lindberg,2026-04-03,17:15:09,-07:00,2026-04-03T17:15:09-07:00,1,19
style.css,1472,css,e973df73,Ryan Lindberg,2026-04-03,17:15:09,-07:00,2026-04-03T17:15:09-07:00,1,20
style.css,1473,css,e973df73,Ryan Lindberg,2026-04-03,17:15:09,-07:00,2026-04-03T17:15:09-07:00,1,14
style.css,1474,css,e973df73,Ryan Lindberg,2026-04-03,17:15:09,-07:00,2026-04-03T17:15:09-07:00,1,24
style.css,1475,css,e973df73,Ryan Lindberg,2026-04-03,17:15:09,-07:00,2026-04-03T17:15:09-07:00,1,20
style.css,1476,css,e973df73,Ryan Lindberg,2026-04-03,17:15:09,-07:00,2026-04-03T17:15:09-07:00,0,0
style.css,1477,css,e973df73,Ryan Lindberg,2026-04-03,17:15:09,-07:00,2026-04-03T17:15:09-07:00,0,0
style.css,1478,css,e973df73,Ryan Lindberg,2026-04-03,17:15:09,-07:00,2026-04-03T17:15:09-07:00,0,27
style.css,1479,css,e973df73,Ryan Lindberg,2026-04-03,17:15:09,-07:00,2026-04-03T17:15:09-07:00,1,25
style.css,1480,css,e973df73,Ryan Lindberg,2026-04-03,17:15:09,-07:00,2026-04-03T17:15:09-07:00,1,25
style.css,1481,css,e973df73,Ryan Lindberg,2026-04-03,17:15:09,-07:00,2026-04-03T17:15:09-07:00,0,0
style.css,1482,css,0fc20afd,Ryan Lindberg,2026-05-15,14:52:46,-07:00,2026-05-15T14:52:46-07:00,0,0
style.css,1483,css,0fc20afd,Ryan Lindberg,2026-05-15,14:52:46,-07:00,2026-05-15T14:52:46-07:00,0,36
style.css,1484,css,0fc20afd,Ryan Lindberg,2026-05-15,14:52:46,-07:00,2026-05-15T14:52:46-07:00,1,13
style.css,1485,css,0fc20afd,Ryan Lindberg,2026-05-15,14:52:46,-07:00,2026-05-15T14:52:46-07:00,1,26
style.css,1486,css,0fc20afd,Ryan Lindberg,2026-05-15,14:52:46,-07:00,2026-05-15T14:52:46-07:00,0,0
style.css,1487,css,0fc20afd,Ryan Lindberg,2026-05-15,14:52:46,-07:00,2026-05-15T14:52:46-07:00,0,0
style.css,1488,css,0fc20afd,Ryan Lindberg,2026-05-15,14:52:46,-07:00,2026-05-15T14:52:46-07:00,0,49
style.css,1489,css,0fc20afd,Ryan Lindberg,2026-05-15,14:52:46,-07:00,2026-05-15T14:52:46-07:00,1,9
style.css,1490,css,0fc20afd,Ryan Lindberg,2026-05-15,14:52:46,-07:00,2026-05-15T14:52:46-07:00,0,0
style.css,1491,css,0fc20afd,Ryan Lindberg,2026-05-15,14:52:46,-07:00,2026-05-15T14:52:46-07:00,0,0
style.css,1492,css,0fc20afd,Ryan Lindberg,2026-05-15,14:52:46,-07:00,2026-05-15T14:52:46-07:00,0,40
style.css,1493,css,0fc20afd,Ryan Lindberg,2026-05-15,14:52:46,-07:00,2026-05-15T14:52:46-07:00,1,10
style.css,1494,css,0fc20afd,Ryan Lindberg,2026-05-15,14:52:46,-07:00,2026-05-15T14:52:46-07:00,1,11
style.css,1495,css,0fc20afd,Ryan Lindberg,2026-05-15,14:52:46,-07:00,2026-05-15T14:52:46-07:00,1,13
style.css,1496,css,0fc20afd,Ryan Lindberg,2026-05-15,14:52:46,-07:00,2026-05-15T14:52:46-07:00,1,30
style.css,1497,css,0fc20afd,Ryan Lindberg,2026-05-15,14:52:46,-07:00,2026-05-15T14:52:46-07:00,0,0
style.css,1498,css,0fc20afd,Ryan Lindberg,2026-05-15,14:52:46,-07:00,2026-05-15T14:52:46-07:00,0,0
style.css,1499,css,0fc20afd,Ryan Lindberg,2026-05-15,14:52:46,-07:00,2026-05-15T14:52:46-07:00,0,41
style.css,1500,css,0fc20afd,Ryan Lindberg,2026-05-15,14:52:46,-07:00,2026-05-15T14:52:46-07:00,1,14
style.css,1501,css,0fc20afd,Ryan Lindberg,2026-05-15,14:52:46,-07:00,2026-05-15T14:52:46-07:00,0,0
index.js,1,js,00000000,Not Committed Yet,2026-05-19,15:18:38,-07:00,2026-05-19T15:18:38-07:00,0,95
index.js,2,js,d2a5a19a,Ryan Lindberg,2025-04-24,16:07:57,-07:00,2025-04-24T16:07:57-07:00,0,0
index.js,3,js,b058d76c,Ryan Lindberg,2025-04-24,16:30:14,-07:00,2025-04-24T16:30:14-07:00,0,0
index.js,4,js,b058d76c,Ryan Lindberg,2025-04-24,16:30:14,-07:00,2025-04-24T16:30:14-07:00,0,23
index.js,5,js,d2a5a19a,Ryan Lindberg,2025-04-24,16:07:57,-07:00,2025-04-24T16:07:57-07:00,0,54
index.js,6,js,d2a5a19a,Ryan Lindberg,2025-04-24,16:07:57,-07:00,2025-04-24T16:07:57-07:00,0,42
index.js,7,js,d2a5a19a,Ryan Lindberg,2025-04-24,16:07:57,-07:00,2025-04-24T16:07:57-07:00,0,60
index.js,8,js,d2a5a19a,Ryan Lindberg,2025-04-24,16:07:57,-07:00,2025-04-24T16:07:57-07:00,0,0
index.js,9,js,d2a5a19a,Ryan Lindberg,2025-04-24,16:07:57,-07:00,2025-04-24T16:07:57-07:00,0,54
index.js,10,js,b058d76c,Ryan Lindberg,2025-04-24,16:30:14,-07:00,2025-04-24T16:30:14-07:00,0,0
index.js,11,js,b058d76c,Ryan Lindberg,2025-04-24,16:30:14,-07:00,2025-04-24T16:30:14-07:00,0,0
index.js,12,js,b058d76c,Ryan Lindberg,2025-04-24,16:30:14,-07:00,2025-04-24T16:30:14-07:00,0,21
index.js,13,js,00000000,Not Committed Yet,2026-05-19,15:18:38,-07:00,2026-05-19T15:18:38-07:00,0,51
index.js,14,js,00000000,Not Committed Yet,2026-05-19,15:18:38,-07:00,2026-05-19T15:18:38-07:00,2,32
index.js,15,js,00000000,Not Committed Yet,2026-05-19,15:18:38,-07:00,2026-05-19T15:18:38-07:00,2,39
index.js,16,js,00000000,Not Committed Yet,2026-05-19,15:18:38,-07:00,2026-05-19T15:18:38-07:00,0,1
index.js,17,js,b058d76c,Ryan Lindberg,2025-04-24,16:30:14,-07:00,2025-04-24T16:30:14-07:00,0,60
index.js,18,js,b058d76c,Ryan Lindberg,2025-04-24,16:30:14,-07:00,2025-04-24T16:30:14-07:00,0,0
index.js,19,js,b058d76c,Ryan Lindberg,2025-04-24,16:30:14,-07:00,2025-04-24T16:30:14-07:00,0,17
index.js,20,js,00000000,Not Committed Yet,2026-05-19,15:18:38,-07:00,2026-05-19T15:18:38-07:00,2,40
index.js,21,js,329a9696,Ryan Lindberg,2025-04-28,21:55:18,-07:00,2025-04-28T21:55:18-07:00,2,24
index.js,22,js,b058d76c,Ryan Lindberg,2025-04-24,16:30:14,-07:00,2025-04-24T16:30:14-07:00,2,21
index.js,23,js,b058d76c,Ryan Lindberg,2025-04-24,16:30:14,-07:00,2025-04-24T16:30:14-07:00,3,55
index.js,24,js,b058d76c,Ryan Lindberg,2025-04-24,16:30:14,-07:00,2025-04-24T16:30:14-07:00,3,49
index.js,25,js,b058d76c,Ryan Lindberg,2025-04-24,16:30:14,-07:00,2025-04-24T16:30:14-07:00,3,49
index.js,26,js,00000000,Not Committed Yet,2026-05-19,15:18:38,-07:00,2026-05-19T15:18:38-07:00,3,41
index.js,27,js,b058d76c,Ryan Lindberg,2025-04-24,16:30:14,-07:00,2025-04-24T16:30:14-07:00,2,3
index.js,28,js,b058d76c,Ryan Lindberg,2025-04-24,16:30:14,-07:00,2025-04-24T16:30:14-07:00,1,0
index.js,29,js,b058d76c,Ryan Lindberg,2025-04-24,16:30:14,-07:00,2025-04-24T16:30:14-07:00,0,0
index.html,1,html,24169512,Ryan Lindberg,2025-04-02,16:25:22,-07:00,2025-04-02T16:25:22-07:00,0,13
index.html,2,html,24169512,Ryan Lindberg,2025-04-02,16:25:22,-07:00,2025-04-02T16:25:22-07:00,0,14
index.html,3,html,329a9696,Ryan Lindberg,2025-04-28,21:55:18,-07:00,2025-04-28T21:55:18-07:00,0,0
index.html,4,html,24169512,Ryan Lindberg,2025-04-02,16:25:22,-07:00,2025-04-02T16:25:22-07:00,0,4
index.html,5,html,24169512,Ryan Lindberg,2025-04-02,16:25:22,-07:00,2025-04-02T16:25:22-07:00,2,20
index.html,6,html,24169512,Ryan Lindberg,2025-04-02,16:25:22,-07:00,2025-04-02T16:25:22-07:00,2,68
index.html,7,html,e32ab843,Ryan Lindberg,2026-04-02,22:04:04,-07:00,2026-04-02T22:04:04-07:00,2,32
index.html,8,html,94a6cb29,Ryan Lindberg,2025-05-21,17:43:53,-07:00,2025-05-21T17:43:53-07:00,2,38
index.html,9,html,e32ab843,Ryan Lindberg,2026-04-02,22:04:04,-07:00,2026-04-02T22:04:04-07:00,2,35
index.html,10,html,e973df73,Ryan Lindberg,2026-04-03,17:15:09,-07:00,2026-04-03T17:15:09-07:00,4,137
index.html,11,html,24169512,Ryan Lindberg,2025-04-02,16:25:22,-07:00,2025-04-02T16:25:22-07:00,0,5
index.html,12,html,24169512,Ryan Lindberg,2025-04-02,16:25:22,-07:00,2025-04-02T16:25:22-07:00,0,0
index.html,13,html,24169512,Ryan Lindberg,2025-04-02,16:25:22,-07:00,2025-04-02T16:25:22-07:00,0,4
index.html,14,html,e32ab843,Ryan Lindberg,2026-04-02,22:04:04,-07:00,2026-04-02T22:04:04-07:00,2,37
index.html,15,html,e32ab843,Ryan Lindberg,2026-04-02,22:04:04,-07:00,2026-04-02T22:04:04-07:00,0,0
index.html,16,html,e32ab843,Ryan Lindberg,2026-04-02,22:04:04,-07:00,2026-04-02T22:04:04-07:00,2,23
index.html,17,html,e32ab843,Ryan Lindberg,2026-04-02,22:04:04,-07:00,2026-04-02T22:04:04-07:00,4,23
index.html,18,html,e32ab843,Ryan Lindberg,2026-04-02,22:04:04,-07:00,2026-04-02T22:04:04-07:00,6,20
index.html,19,html,e32ab843,Ryan Lindberg,2026-04-02,22:04:04,-07:00,2026-04-02T22:04:04-07:00,6,53
index.html,20,html,e32ab843,Ryan Lindberg,2026-04-02,22:04:04,-07:00,2026-04-02T22:04:04-07:00,4,4
index.html,21,html,e32ab843,Ryan Lindberg,2026-04-02,22:04:04,-07:00,2026-04-02T22:04:04-07:00,2,4
index.html,22,html,e32ab843,Ryan Lindberg,2026-04-02,22:04:04,-07:00,2026-04-02T22:04:04-07:00,0,0
index.html,23,html,e32ab843,Ryan Lindberg,2026-04-02,22:04:04,-07:00,2026-04-02T22:04:04-07:00,2,21
index.html,24,html,e32ab843,Ryan Lindberg,2026-04-02,22:04:04,-07:00,2026-04-02T22:04:04-07:00,4,3
index.html,25,html,e32ab843,Ryan Lindberg,2026-04-02,22:04:04,-07:00,2026-04-02T22:04:04-07:00,6,18
index.html,26,html,e32ab843,Ryan Lindberg,2026-04-02,22:04:04,-07:00,2026-04-02T22:04:04-07:00,8,27
index.html,27,html,e32ab843,Ryan Lindberg,2026-04-02,22:04:04,-07:00,2026-04-02T22:04:04-07:00,10,28
index.html,28,html,e32ab843,Ryan Lindberg,2026-04-02,22:04:04,-07:00,2026-04-02T22:04:04-07:00,12,33
index.html,29,html,e32ab843,Ryan Lindberg,2026-04-02,22:04:04,-07:00,2026-04-02T22:04:04-07:00,12,31
index.html,30,html,e32ab843,Ryan Lindberg,2026-04-02,22:04:04,-07:00,2026-04-02T22:04:04-07:00,12,31
index.html,31,html,e32ab843,Ryan Lindberg,2026-04-02,22:04:04,-07:00,2026-04-02T22:04:04-07:00,10,5
index.html,32,html,e32ab843,Ryan Lindberg,2026-04-02,22:04:04,-07:00,2026-04-02T22:04:04-07:00,10,37
index.html,33,html,e32ab843,Ryan Lindberg,2026-04-02,22:04:04,-07:00,2026-04-02T22:04:04-07:00,8,4
index.html,34,html,e32ab843,Ryan Lindberg,2026-04-02,22:04:04,-07:00,2026-04-02T22:04:04-07:00,8,23
index.html,35,html,d6d4c459,Ryan Lindberg,2026-05-07,19:20:24,-07:00,2026-05-07T19:20:24-07:00,10,96
index.html,36,html,d6d4c459,Ryan Lindberg,2026-05-07,19:20:24,-07:00,2026-05-07T19:20:24-07:00,12,102
index.html,37,html,eab3e411,Ryan Lindberg,2026-05-07,19:36:33,-07:00,2026-05-07T19:36:33-07:00,12,119
index.html,38,html,d6d4c459,Ryan Lindberg,2026-05-07,19:20:24,-07:00,2026-05-07T19:20:24-07:00,12,90
index.html,39,html,d6d4c459,Ryan Lindberg,2026-05-07,19:20:24,-07:00,2026-05-07T19:20:24-07:00,12,92
index.html,40,html,d6d4c459,Ryan Lindberg,2026-05-07,19:20:24,-07:00,2026-05-07T19:20:24-07:00,12,50
index.html,41,html,d6d4c459,Ryan Lindberg,2026-05-07,19:20:24,-07:00,2026-05-07T19:20:24-07:00,10,93
index.html,42,html,eab3e411,Ryan Lindberg,2026-05-07,19:36:33,-07:00,2026-05-07T19:36:33-07:00,12,315
index.html,43,html,d6d4c459,Ryan Lindberg,2026-05-07,19:20:24,-07:00,2026-05-07T19:20:24-07:00,12,96
index.html,44,html,d6d4c459,Ryan Lindberg,2026-05-07,19:20:24,-07:00,2026-05-07T19:20:24-07:00,12,92
index.html,45,html,d6d4c459,Ryan Lindberg,2026-05-07,19:20:24,-07:00,2026-05-07T19:20:24-07:00,12,91
index.html,46,html,d6d4c459,Ryan Lindberg,2026-05-07,19:20:24,-07:00,2026-05-07T19:20:24-07:00,12,91
index.html,47,html,d6d4c459,Ryan Lindberg,2026-05-07,19:20:24,-07:00,2026-05-07T19:20:24-07:00,12,98
index.html,48,html,d6d4c459,Ryan Lindberg,2026-05-07,19:20:24,-07:00,2026-05-07T19:20:24-07:00,12,16
index.html,49,html,d6d4c459,Ryan Lindberg,2026-05-07,19:20:24,-07:00,2026-05-07T19:20:24-07:00,10,90
index.html,50,html,eab3e411,Ryan Lindberg,2026-05-07,19:36:33,-07:00,2026-05-07T19:36:33-07:00,12,730
index.html,51,html,e32ab843,Ryan Lindberg,2026-04-02,22:04:04,-07:00,2026-04-02T22:04:04-07:00,8,4
index.html,52,html,e32ab843,Ryan Lindberg,2026-04-02,22:04:04,-07:00,2026-04-02T22:04:04-07:00,8,65
index.html,53,html,e32ab843,Ryan Lindberg,2026-04-02,22:04:04,-07:00,2026-04-02T22:04:04-07:00,6,4
index.html,54,html,e32ab843,Ryan Lindberg,2026-04-02,22:04:04,-07:00,2026-04-02T22:04:04-07:00,4,4
index.html,55,html,e32ab843,Ryan Lindberg,2026-04-02,22:04:04,-07:00,2026-04-02T22:04:04-07:00,0,0
index.html,56,html,e32ab843,Ryan Lindberg,2026-04-02,22:04:04,-07:00,2026-04-02T22:04:04-07:00,4,3
index.html,57,html,e32ab843,Ryan Lindberg,2026-04-02,22:04:04,-07:00,2026-04-02T22:04:04-07:00,6,18
index.html,58,html,e32ab843,Ryan Lindberg,2026-04-02,22:04:04,-07:00,2026-04-02T22:04:04-07:00,8,27
index.html,59,html,e32ab843,Ryan Lindberg,2026-04-02,22:04:04,-07:00,2026-04-02T22:04:04-07:00,10,28
index.html,60,html,e32ab843,Ryan Lindberg,2026-04-02,22:04:04,-07:00,2026-04-02T22:04:04-07:00,12,33
index.html,61,html,e32ab843,Ryan Lindberg,2026-04-02,22:04:04,-07:00,2026-04-02T22:04:04-07:00,12,31
index.html,62,html,e32ab843,Ryan Lindberg,2026-04-02,22:04:04,-07:00,2026-04-02T22:04:04-07:00,12,31
index.html,63,html,e32ab843,Ryan Lindberg,2026-04-02,22:04:04,-07:00,2026-04-02T22:04:04-07:00,10,5
index.html,64,html,e32ab843,Ryan Lindberg,2026-04-02,22:04:04,-07:00,2026-04-02T22:04:04-07:00,10,47
index.html,65,html,e32ab843,Ryan Lindberg,2026-04-02,22:04:04,-07:00,2026-04-02T22:04:04-07:00,8,4
index.html,66,html,e32ab843,Ryan Lindberg,2026-04-02,22:04:04,-07:00,2026-04-02T22:04:04-07:00,8,43
index.html,67,html,e32ab843,Ryan Lindberg,2026-04-02,22:04:04,-07:00,2026-04-02T22:04:04-07:00,10,41
index.html,68,html,e32ab843,Ryan Lindberg,2026-04-02,22:04:04,-07:00,2026-04-02T22:04:04-07:00,12,73
index.html,69,html,e32ab843,Ryan Lindberg,2026-04-02,22:04:04,-07:00,2026-04-02T22:04:04-07:00,8,4
index.html,70,html,e32ab843,Ryan Lindberg,2026-04-02,22:04:04,-07:00,2026-04-02T22:04:04-07:00,8,28
index.html,71,html,e32ab843,Ryan Lindberg,2026-04-02,22:04:04,-07:00,2026-04-02T22:04:04-07:00,10,54
index.html,72,html,e32ab843,Ryan Lindberg,2026-04-02,22:04:04,-07:00,2026-04-02T22:04:04-07:00,8,4
index.html,73,html,e32ab843,Ryan Lindberg,2026-04-02,22:04:04,-07:00,2026-04-02T22:04:04-07:00,6,4
index.html,74,html,e32ab843,Ryan Lindberg,2026-04-02,22:04:04,-07:00,2026-04-02T22:04:04-07:00,4,4
index.html,75,html,e32ab843,Ryan Lindberg,2026-04-02,22:04:04,-07:00,2026-04-02T22:04:04-07:00,2,4
index.html,76,html,e32ab843,Ryan Lindberg,2026-04-02,22:04:04,-07:00,2026-04-02T22:04:04-07:00,0,0
index.html,77,html,e32ab843,Ryan Lindberg,2026-04-02,22:04:04,-07:00,2026-04-02T22:04:04-07:00,2,29
index.html,78,html,e32ab843,Ryan Lindberg,2026-04-02,22:04:04,-07:00,2026-04-02T22:04:04-07:00,0,0
index.html,79,html,e32ab843,Ryan Lindberg,2026-04-02,22:04:04,-07:00,2026-04-02T22:04:04-07:00,2,18
index.html,80,html,e32ab843,Ryan Lindberg,2026-04-02,22:04:04,-07:00,2026-04-02T22:04:04-07:00,4,27
index.html,81,html,e32ab843,Ryan Lindberg,2026-04-02,22:04:04,-07:00,2026-04-02T22:04:04-07:00,6,28
index.html,82,html,e32ab843,Ryan Lindberg,2026-04-02,22:04:04,-07:00,2026-04-02T22:04:04-07:00,8,33
index.html,83,html,e32ab843,Ryan Lindberg,2026-04-02,22:04:04,-07:00,2026-04-02T22:04:04-07:00,8,31
index.html,84,html,e32ab843,Ryan Lindberg,2026-04-02,22:04:04,-07:00,2026-04-02T22:04:04-07:00,8,31
index.html,85,html,e32ab843,Ryan Lindberg,2026-04-02,22:04:04,-07:00,2026-04-02T22:04:04-07:00,6,5
index.html,86,html,e32ab843,Ryan Lindberg,2026-04-02,22:04:04,-07:00,2026-04-02T22:04:04-07:00,6,47
index.html,87,html,e32ab843,Ryan Lindberg,2026-04-02,22:04:04,-07:00,2026-04-02T22:04:04-07:00,4,4
index.html,88,html,e32ab843,Ryan Lindberg,2026-04-02,22:04:04,-07:00,2026-04-02T22:04:04-07:00,4,23
index.html,89,html,e32ab843,Ryan Lindberg,2026-04-02,22:04:04,-07:00,2026-04-02T22:04:04-07:00,6,26
index.html,90,html,e32ab843,Ryan Lindberg,2026-04-02,22:04:04,-07:00,2026-04-02T22:04:04-07:00,4,4
index.html,91,html,e32ab843,Ryan Lindberg,2026-04-02,22:04:04,-07:00,2026-04-02T22:04:04-07:00,4,96
index.html,92,html,e32ab843,Ryan Lindberg,2026-04-02,22:04:04,-07:00,2026-04-02T22:04:04-07:00,2,4
index.html,93,html,e32ab843,Ryan Lindberg,2026-04-02,22:04:04,-07:00,2026-04-02T22:04:04-07:00,0,0
index.html,94,html,e973df73,Ryan Lindberg,2026-04-03,17:15:09,-07:00,2026-04-03T17:15:09-07:00,2,29
index.html,95,html,e973df73,Ryan Lindberg,2026-04-03,17:15:09,-07:00,2026-04-03T17:15:09-07:00,0,0
index.html,96,html,e32ab843,Ryan Lindberg,2026-04-02,22:04:04,-07:00,2026-04-02T22:04:04-07:00,2,18
index.html,97,html,e32ab843,Ryan Lindberg,2026-04-02,22:04:04,-07:00,2026-04-02T22:04:04-07:00,4,27
index.html,98,html,e32ab843,Ryan Lindberg,2026-04-02,22:04:04,-07:00,2026-04-02T22:04:04-07:00,6,28
index.html,99,html,e32ab843,Ryan Lindberg,2026-04-02,22:04:04,-07:00,2026-04-02T22:04:04-07:00,8,33
index.html,100,html,e32ab843,Ryan Lindberg,2026-04-02,22:04:04,-07:00,2026-04-02T22:04:04-07:00,8,31
index.html,101,html,e32ab843,Ryan Lindberg,2026-04-02,22:04:04,-07:00,2026-04-02T22:04:04-07:00,8,31
index.html,102,html,e32ab843,Ryan Lindberg,2026-04-02,22:04:04,-07:00,2026-04-02T22:04:04-07:00,6,5
index.html,103,html,e32ab843,Ryan Lindberg,2026-04-02,22:04:04,-07:00,2026-04-02T22:04:04-07:00,6,54
index.html,104,html,e32ab843,Ryan Lindberg,2026-04-02,22:04:04,-07:00,2026-04-02T22:04:04-07:00,4,4
index.html,105,html,e32ab843,Ryan Lindberg,2026-04-02,22:04:04,-07:00,2026-04-02T22:04:04-07:00,4,23
index.html,106,html,e32ab843,Ryan Lindberg,2026-04-02,22:04:04,-07:00,2026-04-02T22:04:04-07:00,6,28
index.html,107,html,e32ab843,Ryan Lindberg,2026-04-02,22:04:04,-07:00,2026-04-02T22:04:04-07:00,4,4
index.html,108,html,e32ab843,Ryan Lindberg,2026-04-02,22:04:04,-07:00,2026-04-02T22:04:04-07:00,4,64
index.html,109,html,e32ab843,Ryan Lindberg,2026-04-02,22:04:04,-07:00,2026-04-02T22:04:04-07:00,2,4
index.html,110,html,b058d76c,Ryan Lindberg,2025-04-24,16:30:14,-07:00,2025-04-24T16:30:14-07:00,0,0
index.html,111,html,df664b1f,Ryan Lindberg,2025-04-16,12:49:40,-07:00,2025-04-16T12:49:40-07:00,2,45
index.html,112,html,d2a5a19a,Ryan Lindberg,2025-04-24,16:07:57,-07:00,2025-04-24T16:07:57-07:00,2,50
index.html,113,html,e973df73,Ryan Lindberg,2026-04-03,17:15:09,-07:00,2026-04-03T17:15:09-07:00,2,50
index.html,114,html,1d30113a,Ryan Lindberg,2025-04-28,23:13:18,-07:00,2025-04-28T23:13:18-07:00,0,5
index.html,115,html,329a9696,Ryan Lindberg,2025-04-28,21:55:18,-07:00,2025-04-28T21:55:18-07:00,0,0
index.html,116,html,12c2b127,Ryan Lindberg,2026-04-03,21:46:38,-07:00,2026-04-03T21:46:38-07:00,0,5
icons.js,1,js,e32ab843,Ryan Lindberg,2026-04-02,22:04:04,-07:00,2026-04-02T22:04:04-07:00,0,51
icons.js,2,js,e32ab843,Ryan Lindberg,2026-04-02,22:04:04,-07:00,2026-04-02T22:04:04-07:00,0,0
icons.js,3,js,e32ab843,Ryan Lindberg,2026-04-02,22:04:04,-07:00,2026-04-02T22:04:04-07:00,0,52
icons.js,4,js,e32ab843,Ryan Lindberg,2026-04-02,22:04:04,-07:00,2026-04-02T22:04:04-07:00,0,29
icons.js,5,js,e32ab843,Ryan Lindberg,2026-04-02,22:04:04,-07:00,2026-04-02T22:04:04-07:00,0,28
icons.js,6,js,e32ab843,Ryan Lindberg,2026-04-02,22:04:04,-07:00,2026-04-02T22:04:04-07:00,1,33
icons.js,7,js,e32ab843,Ryan Lindberg,2026-04-02,22:04:04,-07:00,2026-04-02T22:04:04-07:00,1,31
icons.js,8,js,e32ab843,Ryan Lindberg,2026-04-02,22:04:04,-07:00,2026-04-02T22:04:04-07:00,1,31
icons.js,9,js,e32ab843,Ryan Lindberg,2026-04-02,22:04:04,-07:00,2026-04-02T22:04:04-07:00,0,7
icons.js,10,js,e32ab843,Ryan Lindberg,2026-04-02,22:04:04,-07:00,2026-04-02T22:04:04-07:00,0,0
icons.js,11,js,e32ab843,Ryan Lindberg,2026-04-02,22:04:04,-07:00,2026-04-02T22:04:04-07:00,0,29
icons.js,12,js,e32ab843,Ryan Lindberg,2026-04-02,22:04:04,-07:00,2026-04-02T22:04:04-07:00,0,127
icons.js,13,js,e32ab843,Ryan Lindberg,2026-04-02,22:04:04,-07:00,2026-04-02T22:04:04-07:00,1,58
icons.js,14,js,e32ab843,Ryan Lindberg,2026-04-02,22:04:04,-07:00,2026-04-02T22:04:04-07:00,1,58
icons.js,15,js,e32ab843,Ryan Lindberg,2026-04-02,22:04:04,-07:00,2026-04-02T22:04:04-07:00,1,59
icons.js,16,js,e32ab843,Ryan Lindberg,2026-04-02,22:04:04,-07:00,2026-04-02T22:04:04-07:00,1,58
icons.js,17,js,e32ab843,Ryan Lindberg,2026-04-02,22:04:04,-07:00,2026-04-02T22:04:04-07:00,1,59
icons.js,18,js,e32ab843,Ryan Lindberg,2026-04-02,22:04:04,-07:00,2026-04-02T22:04:04-07:00,1,58
icons.js,19,js,e32ab843,Ryan Lindberg,2026-04-02,22:04:04,-07:00,2026-04-02T22:04:04-07:00,1,59
icons.js,20,js,e32ab843,Ryan Lindberg,2026-04-02,22:04:04,-07:00,2026-04-02T22:04:04-07:00,1,59
icons.js,21,js,e32ab843,Ryan Lindberg,2026-04-02,22:04:04,-07:00,2026-04-02T22:04:04-07:00,1,60
icons.js,22,js,e32ab843,Ryan Lindberg,2026-04-02,22:04:04,-07:00,2026-04-02T22:04:04-07:00,1,58
icons.js,23,js,e32ab843,Ryan Lindberg,2026-04-02,22:04:04,-07:00,2026-04-02T22:04:04-07:00,1,58
icons.js,24,js,e32ab843,Ryan Lindberg,2026-04-02,22:04:04,-07:00,2026-04-02T22:04:04-07:00,1,58
icons.js,25,js,e32ab843,Ryan Lindberg,2026-04-02,22:04:04,-07:00,2026-04-02T22:04:04-07:00,1,59
icons.js,26,js,e32ab843,Ryan Lindberg,2026-04-02,22:04:04,-07:00,2026-04-02T22:04:04-07:00,1,59
icons.js,27,js,e32ab843,Ryan Lindberg,2026-04-02,22:04:04,-07:00,2026-04-02T22:04:04-07:00,1,59
icons.js,28,js,e32ab843,Ryan Lindberg,2026-04-02,22:04:04,-07:00,2026-04-02T22:04:04-07:00,1,59
icons.js,29,js,e32ab843,Ryan Lindberg,2026-04-02,22:04:04,-07:00,2026-04-02T22:04:04-07:00,0,6
icons.js,30,js,e32ab843,Ryan Lindberg,2026-04-02,22:04:04,-07:00,2026-04-02T22:04:04-07:00,0,0
icons.js,31,js,e32ab843,Ryan Lindberg,2026-04-02,22:04:04,-07:00,2026-04-02T22:04:04-07:00,0,32
icons.js,32,js,e32ab843,Ryan Lindberg,2026-04-02,22:04:04,-07:00,2026-04-02T22:04:04-07:00,0,135
icons.js,33,js,e32ab843,Ryan Lindberg,2026-04-02,22:04:04,-07:00,2026-04-02T22:04:04-07:00,1,58
icons.js,34,js,e32ab843,Ryan Lindberg,2026-04-02,22:04:04,-07:00,2026-04-02T22:04:04-07:00,1,59
icons.js,35,js,e32ab843,Ryan Lindberg,2026-04-02,22:04:04,-07:00,2026-04-02T22:04:04-07:00,1,58
icons.js,36,js,e32ab843,Ryan Lindberg,2026-04-02,22:04:04,-07:00,2026-04-02T22:04:04-07:00,1,59
icons.js,37,js,e32ab843,Ryan Lindberg,2026-04-02,22:04:04,-07:00,2026-04-02T22:04:04-07:00,1,89
icons.js,38,js,e32ab843,Ryan Lindberg,2026-04-02,22:04:04,-07:00,2026-04-02T22:04:04-07:00,0,6
icons.js,39,js,e32ab843,Ryan Lindberg,2026-04-02,22:04:04,-07:00,2026-04-02T22:04:04-07:00,0,0
icons.js,40,js,e32ab843,Ryan Lindberg,2026-04-02,22:04:04,-07:00,2026-04-02T22:04:04-07:00,0,21
icons.js,41,js,e32ab843,Ryan Lindberg,2026-04-02,22:04:04,-07:00,2026-04-02T22:04:04-07:00,0,129
icons.js,42,js,e32ab843,Ryan Lindberg,2026-04-02,22:04:04,-07:00,2026-04-02T22:04:04-07:00,1,68
icons.js,43,js,e32ab843,Ryan Lindberg,2026-04-02,22:04:04,-07:00,2026-04-02T22:04:04-07:00,0,6
icons.js,44,js,e32ab843,Ryan Lindberg,2026-04-02,22:04:04,-07:00,2026-04-02T22:04:04-07:00,0,0
icons.js,45,js,e32ab843,Ryan Lindberg,2026-04-02,22:04:04,-07:00,2026-04-02T22:04:04-07:00,0,20
icons.js,46,js,e32ab843,Ryan Lindberg,2026-04-02,22:04:04,-07:00,2026-04-02T22:04:04-07:00,0,129
icons.js,47,js,e32ab843,Ryan Lindberg,2026-04-02,22:04:04,-07:00,2026-04-02T22:04:04-07:00,1,58
icons.js,48,js,e32ab843,Ryan Lindberg,2026-04-02,22:04:04,-07:00,2026-04-02T22:04:04-07:00,1,74
icons.js,49,js,e32ab843,Ryan Lindberg,2026-04-02,22:04:04,-07:00,2026-04-02T22:04:04-07:00,1,73
icons.js,50,js,e32ab843,Ryan Lindberg,2026-04-02,22:04:04,-07:00,2026-04-02T22:04:04-07:00,0,6
icons.js,51,js,e32ab843,Ryan Lindberg,2026-04-02,22:04:04,-07:00,2026-04-02T22:04:04-07:00,0,0
icons.js,52,js,e32ab843,Ryan Lindberg,2026-04-02,22:04:04,-07:00,2026-04-02T22:04:04-07:00,0,29
icons.js,53,js,e32ab843,Ryan Lindberg,2026-04-02,22:04:04,-07:00,2026-04-02T22:04:04-07:00,0,133
icons.js,54,js,e32ab843,Ryan Lindberg,2026-04-02,22:04:04,-07:00,2026-04-02T22:04:04-07:00,1,91
icons.js,55,js,e32ab843,Ryan Lindberg,2026-04-02,22:04:04,-07:00,2026-04-02T22:04:04-07:00,1,49
icons.js,56,js,e32ab843,Ryan Lindberg,2026-04-02,22:04:04,-07:00,2026-04-02T22:04:04-07:00,1,58
icons.js,57,js,e32ab843,Ryan Lindberg,2026-04-02,22:04:04,-07:00,2026-04-02T22:04:04-07:00,0,6
icons.js,58,js,e32ab843,Ryan Lindberg,2026-04-02,22:04:04,-07:00,2026-04-02T22:04:04-07:00,0,0
icons.js,59,js,e32ab843,Ryan Lindberg,2026-04-02,22:04:04,-07:00,2026-04-02T22:04:04-07:00,0,18
icons.js,60,js,e32ab843,Ryan Lindberg,2026-04-02,22:04:04,-07:00,2026-04-02T22:04:04-07:00,0,125
icons.js,61,js,e32ab843,Ryan Lindberg,2026-04-02,22:04:04,-07:00,2026-04-02T22:04:04-07:00,1,91
icons.js,62,js,e32ab843,Ryan Lindberg,2026-04-02,22:04:04,-07:00,2026-04-02T22:04:04-07:00,1,82
icons.js,63,js,e32ab843,Ryan Lindberg,2026-04-02,22:04:04,-07:00,2026-04-02T22:04:04-07:00,0,6
icons.js,64,js,e32ab843,Ryan Lindberg,2026-04-02,22:04:04,-07:00,2026-04-02T22:04:04-07:00,0,0
icons.js,65,js,e32ab843,Ryan Lindberg,2026-04-02,22:04:04,-07:00,2026-04-02T22:04:04-07:00,0,22
icons.js,66,js,e32ab843,Ryan Lindberg,2026-04-02,22:04:04,-07:00,2026-04-02T22:04:04-07:00,0,121
icons.js,67,js,e32ab843,Ryan Lindberg,2026-04-02,22:04:04,-07:00,2026-04-02T22:04:04-07:00,1,58
icons.js,68,js,e32ab843,Ryan Lindberg,2026-04-02,22:04:04,-07:00,2026-04-02T22:04:04-07:00,1,58
icons.js,69,js,e32ab843,Ryan Lindberg,2026-04-02,22:04:04,-07:00,2026-04-02T22:04:04-07:00,1,58
icons.js,70,js,e32ab843,Ryan Lindberg,2026-04-02,22:04:04,-07:00,2026-04-02T22:04:04-07:00,1,58
icons.js,71,js,e32ab843,Ryan Lindberg,2026-04-02,22:04:04,-07:00,2026-04-02T22:04:04-07:00,1,58
icons.js,72,js,e32ab843,Ryan Lindberg,2026-04-02,22:04:04,-07:00,2026-04-02T22:04:04-07:00,1,58
icons.js,73,js,e32ab843,Ryan Lindberg,2026-04-02,22:04:04,-07:00,2026-04-02T22:04:04-07:00,0,6
icons.js,74,js,e32ab843,Ryan Lindberg,2026-04-02,22:04:04,-07:00,2026-04-02T22:04:04-07:00,0,0
icons.js,75,js,e32ab843,Ryan Lindberg,2026-04-02,22:04:04,-07:00,2026-04-02T22:04:04-07:00,0,14
icons.js,76,js,e32ab843,Ryan Lindberg,2026-04-02,22:04:04,-07:00,2026-04-02T22:04:04-07:00,0,53
icons.js,77,js,e32ab843,Ryan Lindberg,2026-04-02,22:04:04,-07:00,2026-04-02T22:04:04-07:00,0,0
icons.js,78,js,e32ab843,Ryan Lindberg,2026-04-02,22:04:04,-07:00,2026-04-02T22:04:04-07:00,0,25
icons.js,79,js,e32ab843,Ryan Lindberg,2026-04-02,22:04:04,-07:00,2026-04-02T22:04:04-07:00,0,34
icons.js,80,js,e32ab843,Ryan Lindberg,2026-04-02,22:04:04,-07:00,2026-04-02T22:04:04-07:00,1,76
icons.js,81,js,e32ab843,Ryan Lindberg,2026-04-02,22:04:04,-07:00,2026-04-02T22:04:04-07:00,0,0
icons.js,82,js,e32ab843,Ryan Lindberg,2026-04-02,22:04:04,-07:00,2026-04-02T22:04:04-07:00,0,0
icons.js,83,js,e32ab843,Ryan Lindberg,2026-04-02,22:04:04,-07:00,2026-04-02T22:04:04-07:00,0,22
icons.js,84,js,e32ab843,Ryan Lindberg,2026-04-02,22:04:04,-07:00,2026-04-02T22:04:04-07:00,0,65
icons.js,85,js,e32ab843,Ryan Lindberg,2026-04-02,22:04:04,-07:00,2026-04-02T22:04:04-07:00,1,26
icons.js,86,js,e32ab843,Ryan Lindberg,2026-04-02,22:04:04,-07:00,2026-04-02T22:04:04-07:00,2,51
icons.js,87,js,e32ab843,Ryan Lindberg,2026-04-02,22:04:04,-07:00,2026-04-02T22:04:04-07:00,2,3
icons.js,88,js,e32ab843,Ryan Lindberg,2026-04-02,22:04:04,-07:00,2026-04-02T22:04:04-07:00,1,6
icons.js,89,js,e32ab843,Ryan Lindberg,2026-04-02,22:04:04,-07:00,2026-04-02T22:04:04-07:00,0,18
icons.js,90,js,e32ab843,Ryan Lindberg,2026-04-02,22:04:04,-07:00,2026-04-02T22:04:04-07:00,1,27
icons.js,91,js,e32ab843,Ryan Lindberg,2026-04-02,22:04:04,-07:00,2026-04-02T22:04:04-07:00,2,15
icons.js,92,js,e32ab843,Ryan Lindberg,2026-04-02,22:04:04,-07:00,2026-04-02T22:04:04-07:00,2,40
icons.js,93,js,e32ab843,Ryan Lindberg,2026-04-02,22:04:04,-07:00,2026-04-02T22:04:04-07:00,1,4
icons.js,94,js,e32ab843,Ryan Lindberg,2026-04-02,22:04:04,-07:00,2026-04-02T22:04:04-07:00,1,23
icons.js,95,js,e32ab843,Ryan Lindberg,2026-04-02,22:04:04,-07:00,2026-04-02T22:04:04-07:00,2,12
icons.js,96,js,e32ab843,Ryan Lindberg,2026-04-02,22:04:04,-07:00,2026-04-02T22:04:04-07:00,1,4
icons.js,97,js,e32ab843,Ryan Lindberg,2026-04-02,22:04:04,-07:00,2026-04-02T22:04:04-07:00,1,10
icons.js,98,js,e32ab843,Ryan Lindberg,2026-04-02,22:04:04,-07:00,2026-04-02T22:04:04-07:00,0,6
icons.js,99,js,e32ab843,Ryan Lindberg,2026-04-02,22:04:04,-07:00,2026-04-02T22:04:04-07:00,0,0
global.js,1,js,e32ab843,Ryan Lindberg,2026-04-02,22:04:04,-07:00,2026-04-02T22:04:04-07:00,0,71
global.js,2,js,e32ab843,Ryan Lindberg,2026-04-02,22:04:04,-07:00,2026-04-02T22:04:04-07:00,0,0
global.js,3,js,e32ab843,Ryan Lindberg,2026-04-02,22:04:04,-07:00,2026-04-02T22:04:04-07:00,0,42
global.js,4,js,482c9e2d,Ryan Lindberg,2025-04-16,21:32:37,-07:00,2025-04-16T21:32:37-07:00,0,0
global.js,5,js,1d493997,Ryan Lindberg,2025-04-16,13:21:42,-07:00,2025-04-16T13:21:42-07:00,0,15
global.js,6,js,329a9696,Ryan Lindberg,2025-04-28,21:55:18,-07:00,2025-04-28T21:55:18-07:00,2,68
global.js,7,js,e32ab843,Ryan Lindberg,2026-04-02,22:04:04,-07:00,2026-04-02T22:04:04-07:00,4,3
global.js,8,js,c3084297,Ryan Lindberg,2026-05-15,14:21:47,-07:00,2026-05-15T14:21:47-07:00,4,4
global.js,9,js,e3ff78de,Ryan Lindberg,2025-04-16,22:01:05,-07:00,2025-04-16T22:01:05-07:00,0,0
global.js,10,js,1d493997,Ryan Lindberg,2025-04-16,13:21:42,-07:00,2025-04-16T13:21:42-07:00,0,11
global.js,11,js,329a9696,Ryan Lindberg,2025-04-28,21:55:18,-07:00,2025-04-28T21:55:18-07:00,2,25
global.js,12,js,329a9696,Ryan Lindberg,2025-04-28,21:55:18,-07:00,2025-04-28T21:55:18-07:00,2,38
global.js,13,js,329a9696,Ryan Lindberg,2025-04-28,21:55:18,-07:00,2025-04-28T21:55:18-07:00,2,36
global.js,14,js,329a9696,Ryan Lindberg,2025-04-28,21:55:18,-07:00,2025-04-28T21:55:18-07:00,2,26
global.js,15,js,fd02e76a,Ryan Lindberg,2025-05-08,17:22:39,-07:00,2025-05-08T17:22:39-07:00,2,30
global.js,16,js,965947bf,Ryan Lindberg,2025-06-13,18:59:55,-07:00,2025-06-13T18:59:55-07:00,2,30
global.js,17,js,329a9696,Ryan Lindberg,2025-04-28,21:55:18,-07:00,2025-04-28T21:55:18-07:00,2,75
global.js,18,js,1d493997,Ryan Lindberg,2025-04-16,13:21:42,-07:00,2025-04-16T13:21:42-07:00,0,0
global.js,19,js,1d493997,Ryan Lindberg,2025-04-16,13:21:42,-07:00,2025-04-16T13:21:42-07:00,0,0
global.js,20,js,21440db3,Ryan Lindberg,2025-07-09,10:33:44,-07:00,2025-07-09T10:33:44-07:00,0,56
global.js,21,js,21440db3,Ryan Lindberg,2025-07-09,10:33:44,-07:00,2025-07-09T10:33:44-07:00,0,100
global.js,22,js,e32ab843,Ryan Lindberg,2026-04-02,22:04:04,-07:00,2026-04-02T22:04:04-07:00,2,27
global.js,23,js,21440db3,Ryan Lindberg,2025-07-09,10:33:44,-07:00,2025-07-09T10:33:44-07:00,2,38
global.js,24,js,21440db3,Ryan Lindberg,2025-07-09,10:33:44,-07:00,2025-07-09T10:33:44-07:00,2,25
global.js,25,js,1d493997,Ryan Lindberg,2025-04-16,13:21:42,-07:00,2025-04-16T13:21:42-07:00,0,0
global.js,26,js,e32ab843,Ryan Lindberg,2026-04-02,22:04:04,-07:00,2026-04-02T22:04:04-07:00,2,13
global.js,27,js,e32ab843,Ryan Lindberg,2026-04-02,22:04:04,-07:00,2026-04-02T22:04:04-07:00,2,44
global.js,28,js,e32ab843,Ryan Lindberg,2026-04-02,22:04:04,-07:00,2026-04-02T22:04:04-07:00,2,30
global.js,29,js,e32ab843,Ryan Lindberg,2026-04-02,22:04:04,-07:00,2026-04-02T22:04:04-07:00,2,27
global.js,30,js,e32ab843,Ryan Lindberg,2026-04-02,22:04:04,-07:00,2026-04-02T22:04:04-07:00,2,22
global.js,31,js,e32ab843,Ryan Lindberg,2026-04-02,22:04:04,-07:00,2026-04-02T22:04:04-07:00,0,0
global.js,32,js,21440db3,Ryan Lindberg,2025-07-09,10:33:44,-07:00,2025-07-09T10:33:44-07:00,2,20
global.js,33,js,21440db3,Ryan Lindberg,2025-07-09,10:33:44,-07:00,2025-07-09T10:33:44-07:00,4,14
global.js,34,js,21440db3,Ryan Lindberg,2025-07-09,10:33:44,-07:00,2025-07-09T10:33:44-07:00,4,52
global.js,35,js,1d493997,Ryan Lindberg,2025-04-16,13:21:42,-07:00,2025-04-16T13:21:42-07:00,0,0
global.js,36,js,21440db3,Ryan Lindberg,2025-07-09,10:33:44,-07:00,2025-07-09T10:33:44-07:00,4,34
global.js,37,js,21440db3,Ryan Lindberg,2025-07-09,10:33:44,-07:00,2025-07-09T10:33:44-07:00,4,11
global.js,38,js,e32ab843,Ryan Lindberg,2026-04-02,22:04:04,-07:00,2026-04-02T22:04:04-07:00,4,22
global.js,39,js,1d493997,Ryan Lindberg,2025-04-16,13:21:42,-07:00,2025-04-16T13:21:42-07:00,0,0
global.js,40,js,21440db3,Ryan Lindberg,2025-07-09,10:33:44,-07:00,2025-07-09T10:33:44-07:00,4,27
global.js,41,js,21440db3,Ryan Lindberg,2025-07-09,10:33:44,-07:00,2025-07-09T10:33:44-07:00,6,18
global.js,42,js,e32ab843,Ryan Lindberg,2026-04-02,22:04:04,-07:00,2026-04-02T22:04:04-07:00,6,28
global.js,43,js,21440db3,Ryan Lindberg,2025-07-09,10:33:44,-07:00,2025-07-09T10:33:44-07:00,4,0
global.js,44,js,1d493997,Ryan Lindberg,2025-04-16,13:21:42,-07:00,2025-04-16T13:21:42-07:00,0,0
global.js,45,js,21440db3,Ryan Lindberg,2025-07-09,10:33:44,-07:00,2025-07-09T10:33:44-07:00,4,65
global.js,46,js,21440db3,Ryan Lindberg,2025-07-09,10:33:44,-07:00,2025-07-09T10:33:44-07:00,6,25
global.js,47,js,21440db3,Ryan Lindberg,2025-07-09,10:33:44,-07:00,2025-07-09T10:33:44-07:00,4,0
global.js,48,js,1d493997,Ryan Lindberg,2025-04-16,13:21:42,-07:00,2025-04-16T13:21:42-07:00,0,0
global.js,49,js,21440db3,Ryan Lindberg,2025-07-09,10:33:44,-07:00,2025-07-09T10:33:44-07:00,4,17
global.js,50,js,21440db3,Ryan Lindberg,2025-07-09,10:33:44,-07:00,2025-07-09T10:33:44-07:00,2,0
global.js,51,js,482c9e2d,Ryan Lindberg,2025-04-16,21:32:37,-07:00,2025-04-16T21:32:37-07:00,0,0
global.js,52,js,e32ab843,Ryan Lindberg,2026-04-02,22:04:04,-07:00,2026-04-02T22:04:04-07:00,2,14
global.js,53,js,e32ab843,Ryan Lindberg,2026-04-02,22:04:04,-07:00,2026-04-02T22:04:04-07:00,2,41
global.js,54,js,e32ab843,Ryan Lindberg,2026-04-02,22:04:04,-07:00,2026-04-02T22:04:04-07:00,2,28
global.js,55,js,e32ab843,Ryan Lindberg,2026-04-02,22:04:04,-07:00,2026-04-02T22:04:04-07:00,2,23
global.js,56,js,e32ab843,Ryan Lindberg,2026-04-02,22:04:04,-07:00,2026-04-02T22:04:04-07:00,2,19
global.js,57,js,e32ab843,Ryan Lindberg,2026-04-02,22:04:04,-07:00,2026-04-02T22:04:04-07:00,0,0
global.js,58,js,e32ab843,Ryan Lindberg,2026-04-02,22:04:04,-07:00,2026-04-02T22:04:04-07:00,2,26
global.js,59,js,e32ab843,Ryan Lindberg,2026-04-02,22:04:04,-07:00,2026-04-02T22:04:04-07:00,2,49
global.js,60,js,e32ab843,Ryan Lindberg,2026-04-02,22:04:04,-07:00,2026-04-02T22:04:04-07:00,2,33
global.js,61,js,e32ab843,Ryan Lindberg,2026-04-02,22:04:04,-07:00,2026-04-02T22:04:04-07:00,0,0
global.js,62,js,e32ab843,Ryan Lindberg,2026-04-02,22:04:04,-07:00,2026-04-02T22:04:04-07:00,2,18
global.js,63,js,e32ab843,Ryan Lindberg,2026-04-02,22:04:04,-07:00,2026-04-02T22:04:04-07:00,2,35
global.js,64,js,e32ab843,Ryan Lindberg,2026-04-02,22:04:04,-07:00,2026-04-02T22:04:04-07:00,4,68
global.js,65,js,e32ab843,Ryan Lindberg,2026-04-02,22:04:04,-07:00,2026-04-02T22:04:04-07:00,4,3
global.js,66,js,e32ab843,Ryan Lindberg,2026-04-02,22:04:04,-07:00,2026-04-02T22:04:04-07:00,6,42
global.js,67,js,e32ab843,Ryan Lindberg,2026-04-02,22:04:04,-07:00,2026-04-02T22:04:04-07:00,6,38
global.js,68,js,e32ab843,Ryan Lindberg,2026-04-02,22:04:04,-07:00,2026-04-02T22:04:04-07:00,4,23
global.js,69,js,e32ab843,Ryan Lindberg,2026-04-02,22:04:04,-07:00,2026-04-02T22:04:04-07:00,2,1
global.js,70,js,e32ab843,Ryan Lindberg,2026-04-02,22:04:04,-07:00,2026-04-02T22:04:04-07:00,2,73
global.js,71,js,e32ab843,Ryan Lindberg,2026-04-02,22:04:04,-07:00,2026-04-02T22:04:04-07:00,0,0
global.js,72,js,e32ab843,Ryan Lindberg,2026-04-02,22:04:04,-07:00,2026-04-02T22:04:04-07:00,2,21
global.js,73,js,e32ab843,Ryan Lindberg,2026-04-02,22:04:04,-07:00,2026-04-02T22:04:04-07:00,4,49
global.js,74,js,e32ab843,Ryan Lindberg,2026-04-02,22:04:04,-07:00,2026-04-02T22:04:04-07:00,4,57
global.js,75,js,e32ab843,Ryan Lindberg,2026-04-02,22:04:04,-07:00,2026-04-02T22:04:04-07:00,4,83
global.js,76,js,e32ab843,Ryan Lindberg,2026-04-02,22:04:04,-07:00,2026-04-02T22:04:04-07:00,4,33
global.js,77,js,12c2b127,Ryan Lindberg,2026-04-03,21:46:38,-07:00,2026-04-03T21:46:38-07:00,4,52
global.js,78,js,e32ab843,Ryan Lindberg,2026-04-02,22:04:04,-07:00,2026-04-02T22:04:04-07:00,4,37
global.js,79,js,e32ab843,Ryan Lindberg,2026-04-02,22:04:04,-07:00,2026-04-02T22:04:04-07:00,2,0
global.js,80,js,e32ab843,Ryan Lindberg,2026-04-02,22:04:04,-07:00,2026-04-02T22:04:04-07:00,2,35
global.js,81,js,e32ab843,Ryan Lindberg,2026-04-02,22:04:04,-07:00,2026-04-02T22:04:04-07:00,0,0
global.js,82,js,e32ab843,Ryan Lindberg,2026-04-02,22:04:04,-07:00,2026-04-02T22:04:04-07:00,2,11
global.js,83,js,e32ab843,Ryan Lindberg,2026-04-02,22:04:04,-07:00,2026-04-02T22:04:04-07:00,2,22
global.js,84,js,e32ab843,Ryan Lindberg,2026-04-02,22:04:04,-07:00,2026-04-02T22:04:04-07:00,4,21
global.js,85,js,e32ab843,Ryan Lindberg,2026-04-02,22:04:04,-07:00,2026-04-02T22:04:04-07:00,4,48
global.js,86,js,e32ab843,Ryan Lindberg,2026-04-02,22:04:04,-07:00,2026-04-02T22:04:04-07:00,4,50
global.js,87,js,e32ab843,Ryan Lindberg,2026-04-02,22:04:04,-07:00,2026-04-02T22:04:04-07:00,4,50
global.js,88,js,e32ab843,Ryan Lindberg,2026-04-02,22:04:04,-07:00,2026-04-02T22:04:04-07:00,4,49
global.js,89,js,e32ab843,Ryan Lindberg,2026-04-02,22:04:04,-07:00,2026-04-02T22:04:04-07:00,4,40
global.js,90,js,329a9696,Ryan Lindberg,2025-04-28,21:55:18,-07:00,2025-04-28T21:55:18-07:00,2,0
global.js,91,js,e32ab843,Ryan Lindberg,2026-04-02,22:04:04,-07:00,2026-04-02T22:04:04-07:00,2,12
global.js,92,js,e32ab843,Ryan Lindberg,2026-04-02,22:04:04,-07:00,2026-04-02T22:04:04-07:00,2,29
global.js,93,js,e3ff78de,Ryan Lindberg,2025-04-16,22:01:05,-07:00,2025-04-16T22:01:05-07:00,0,0
global.js,94,js,12dc163e,Ryan Lindberg,2025-04-16,20:19:18,-07:00,2025-04-16T20:19:18-07:00,0,0
global.js,95,js,e32ab843,Ryan Lindberg,2026-04-02,22:04:04,-07:00,2026-04-02T22:04:04-07:00,0,25
global.js,96,js,e7987652,Ryan Lindberg,2025-04-23,20:17:19,-07:00,2025-04-23T20:17:19-07:00,0,0
global.js,97,js,e7987652,Ryan Lindberg,2025-04-23,20:17:19,-07:00,2025-04-23T20:17:19-07:00,0,36
global.js,98,js,329a9696,Ryan Lindberg,2025-04-28,21:55:18,-07:00,2025-04-28T21:55:18-07:00,2,3
global.js,99,js,329a9696,Ryan Lindberg,2025-04-28,21:55:18,-07:00,2025-04-28T21:55:18-07:00,4,32
global.js,100,js,329a9696,Ryan Lindberg,2025-04-28,21:55:18,-07:00,2025-04-28T21:55:18-07:00,4,17
global.js,101,js,e32ab843,Ryan Lindberg,2026-04-02,22:04:04,-07:00,2026-04-02T22:04:04-07:00,6,57
global.js,102,js,329a9696,Ryan Lindberg,2025-04-28,21:55:18,-07:00,2025-04-28T21:55:18-07:00,4,0
global.js,103,js,e32ab843,Ryan Lindberg,2026-04-02,22:04:04,-07:00,2026-04-02T22:04:04-07:00,4,27
global.js,104,js,329a9696,Ryan Lindberg,2025-04-28,21:55:18,-07:00,2025-04-28T21:55:18-07:00,2,15
global.js,105,js,329a9696,Ryan Lindberg,2025-04-28,21:55:18,-07:00,2025-04-28T21:55:18-07:00,4,59
global.js,106,js,e7987652,Ryan Lindberg,2025-04-23,20:17:19,-07:00,2025-04-23T20:17:19-07:00,2,0
global.js,107,js,a03ac619,Ryan Lindberg,2025-04-23,20:27:16,-07:00,2025-04-23T20:27:16-07:00,0,0
global.js,108,js,a03ac619,Ryan Lindberg,2025-04-23,20:27:16,-07:00,2025-04-23T20:27:16-07:00,0,0
global.js,109,js,e32ab843,Ryan Lindberg,2026-04-02,22:04:04,-07:00,2026-04-02T22:04:04-07:00,0,37
global.js,110,js,a03ac619,Ryan Lindberg,2025-04-23,20:27:16,-07:00,2025-04-23T20:27:16-07:00,0,79
global.js,111,js,329a9696,Ryan Lindberg,2025-04-28,21:55:18,-07:00,2025-04-28T21:55:18-07:00,2,29
global.js,112,js,329a9696,Ryan Lindberg,2025-04-28,21:55:18,-07:00,2025-04-28T21:55:18-07:00,4,41
global.js,113,js,329a9696,Ryan Lindberg,2025-04-28,21:55:18,-07:00,2025-04-28T21:55:18-07:00,4,5
global.js,114,js,329a9696,Ryan Lindberg,2025-04-28,21:55:18,-07:00,2025-04-28T21:55:18-07:00,2,0
global.js,115,js,329a9696,Ryan Lindberg,2025-04-28,21:55:18,-07:00,2025-04-28T21:55:18-07:00,2,43
global.js,116,js,329a9696,Ryan Lindberg,2025-04-28,21:55:18,-07:00,2025-04-28T21:55:18-07:00,4,41
global.js,117,js,329a9696,Ryan Lindberg,2025-04-28,21:55:18,-07:00,2025-04-28T21:55:18-07:00,4,5
global.js,118,js,e3be8343,Ryan Lindberg,2025-04-24,20:00:40,-07:00,2025-04-24T20:00:40-07:00,2,0
global.js,119,js,329a9696,Ryan Lindberg,2025-04-28,21:55:18,-07:00,2025-04-28T21:55:18-07:00,0,0
global.js,120,js,329a9696,Ryan Lindberg,2025-04-28,21:55:18,-07:00,2025-04-28T21:55:18-07:00,2,30
global.js,121,js,329a9696,Ryan Lindberg,2025-04-28,21:55:18,-07:00,2025-04-28T21:55:18-07:00,0,0
global.js,122,js,329a9696,Ryan Lindberg,2025-04-28,21:55:18,-07:00,2025-04-28T21:55:18-07:00,2,27
global.js,123,js,329a9696,Ryan Lindberg,2025-04-28,21:55:18,-07:00,2025-04-28T21:55:18-07:00,4,48
global.js,124,js,329a9696,Ryan Lindberg,2025-04-28,21:55:18,-07:00,2025-04-28T21:55:18-07:00,4,32
global.js,125,js,329a9696,Ryan Lindberg,2025-04-28,21:55:18,-07:00,2025-04-28T21:55:18-07:00,4,69
global.js,126,js,329a9696,Ryan Lindberg,2025-04-28,21:55:18,-07:00,2025-04-28T21:55:18-07:00,4,30
global.js,127,js,329a9696,Ryan Lindberg,2025-04-28,21:55:18,-07:00,2025-04-28T21:55:18-07:00,4,30
global.js,128,js,329a9696,Ryan Lindberg,2025-04-28,21:55:18,-07:00,2025-04-28T21:55:18-07:00,0,0
global.js,129,js,e32ab843,Ryan Lindberg,2026-04-02,22:04:04,-07:00,2026-04-02T22:04:04-07:00,4,48
global.js,130,js,e32ab843,Ryan Lindberg,2026-04-02,22:04:04,-07:00,2026-04-02T22:04:04-07:00,0,0
global.js,131,js,329a9696,Ryan Lindberg,2025-04-28,21:55:18,-07:00,2025-04-28T21:55:18-07:00,4,17
global.js,132,js,329a9696,Ryan Lindberg,2025-04-28,21:55:18,-07:00,2025-04-28T21:55:18-07:00,4,10
global.js,133,js,962414c0,Ryan Lindberg,2026-04-03,17:30:51,-07:00,2026-04-03T17:30:51-07:00,6,66
global.js,134,js,329a9696,Ryan Lindberg,2025-04-28,21:55:18,-07:00,2025-04-28T21:55:18-07:00,6,14
global.js,135,js,962414c0,Ryan Lindberg,2026-04-03,17:30:51,-07:00,2026-04-03T17:30:51-07:00,8,96
global.js,136,js,962414c0,Ryan Lindberg,2026-04-03,17:30:51,-07:00,2026-04-03T17:30:51-07:00,8,59
global.js,137,js,329a9696,Ryan Lindberg,2025-04-28,21:55:18,-07:00,2025-04-28T21:55:18-07:00,4,0
global.js,138,js,329a9696,Ryan Lindberg,2025-04-28,21:55:18,-07:00,2025-04-28T21:55:18-07:00,0,0
global.js,139,js,329a9696,Ryan Lindberg,2025-04-28,21:55:18,-07:00,2025-04-28T21:55:18-07:00,4,19
global.js,140,js,e32ab843,Ryan Lindberg,2026-04-02,22:04:04,-07:00,2026-04-02T22:04:04-07:00,4,18
global.js,141,js,e32ab843,Ryan Lindberg,2026-04-02,22:04:04,-07:00,2026-04-02T22:04:04-07:00,6,27
global.js,142,js,e32ab843,Ryan Lindberg,2026-04-02,22:04:04,-07:00,2026-04-02T22:04:04-07:00,8,15
global.js,143,js,e32ab843,Ryan Lindberg,2026-04-02,22:04:04,-07:00,2026-04-02T22:04:04-07:00,8,40
global.js,144,js,e32ab843,Ryan Lindberg,2026-04-02,22:04:04,-07:00,2026-04-02T22:04:04-07:00,6,4
global.js,145,js,e32ab843,Ryan Lindberg,2026-04-02,22:04:04,-07:00,2026-04-02T22:04:04-07:00,6,23
global.js,146,js,e32ab843,Ryan Lindberg,2026-04-02,22:04:04,-07:00,2026-04-02T22:04:04-07:00,8,10
global.js,147,js,e32ab843,Ryan Lindberg,2026-04-02,22:04:04,-07:00,2026-04-02T22:04:04-07:00,8,40
global.js,148,js,e32ab843,Ryan Lindberg,2026-04-02,22:04:04,-07:00,2026-04-02T22:04:04-07:00,6,4
global.js,149,js,e32ab843,Ryan Lindberg,2026-04-02,22:04:04,-07:00,2026-04-02T22:04:04-07:00,6,135
global.js,150,js,e32ab843,Ryan Lindberg,2026-04-02,22:04:04,-07:00,2026-04-02T22:04:04-07:00,4,4
global.js,151,js,aa2e73c6,Ryan Lindberg,2025-04-24,20:37:47,-07:00,2025-04-24T20:37:47-07:00,4,0
global.js,152,js,a03ac619,Ryan Lindberg,2025-04-23,20:27:16,-07:00,2025-04-23T20:27:16-07:00,0,0
global.js,153,js,329a9696,Ryan Lindberg,2025-04-28,21:55:18,-07:00,2025-04-28T21:55:18-07:00,4,36
global.js,154,js,329a9696,Ryan Lindberg,2025-04-28,21:55:18,-07:00,2025-04-28T21:55:18-07:00,2,1
global.js,155,js,a03ac619,Ryan Lindberg,2025-04-23,20:27:16,-07:00,2025-04-23T20:27:16-07:00,0,0
global.js,156,js,e7987652,Ryan Lindberg,2025-04-23,20:17:19,-07:00,2025-04-23T20:17:19-07:00,0,0
global.js,157,js,b058d76c,Ryan Lindberg,2025-04-24,16:30:14,-07:00,2025-04-24T16:30:14-07:00,0,47
global.js,158,js,b058d76c,Ryan Lindberg,2025-04-24,16:30:14,-07:00,2025-04-24T16:30:14-07:00,2,59
global.js,159,js,6aed233f,Ryan Lindberg,2025-04-24,17:45:29,-07:00,2025-04-24T17:45:29-07:00,0,0
global.js,160,js,00000000,Not Committed Yet,2026-05-19,15:18:38,-07:00,2026-05-19T15:18:38-07:00,0,0
global.js,161,js,00000000,Not Committed Yet,2026-05-19,15:18:38,-07:00,2026-05-19T15:18:38-07:00,0,54
global.js,162,js,00000000,Not Committed Yet,2026-05-19,15:18:38,-07:00,2026-05-19T15:18:38-07:00,2,3
global.js,163,js,00000000,Not Committed Yet,2026-05-19,15:18:38,-07:00,2026-05-19T15:18:38-07:00,4,27
global.js,164,js,00000000,Not Committed Yet,2026-05-19,15:18:38,-07:00,2026-05-19T15:18:38-07:00,6,69
global.js,165,js,00000000,Not Committed Yet,2026-05-19,15:18:38,-07:00,2026-05-19T15:18:38-07:00,4,0
global.js,166,js,00000000,Not Committed Yet,2026-05-19,15:18:38,-07:00,2026-05-19T15:18:38-07:00,4,28
global.js,167,js,00000000,Not Committed Yet,2026-05-19,15:18:38,-07:00,2026-05-19T15:18:38-07:00,4,33
global.js,168,js,00000000,Not Committed Yet,2026-05-19,15:18:38,-07:00,2026-05-19T15:18:38-07:00,4,22
global.js,169,js,00000000,Not Committed Yet,2026-05-19,15:18:38,-07:00,2026-05-19T15:18:38-07:00,2,15
global.js,170,js,00000000,Not Committed Yet,2026-05-19,15:18:38,-07:00,2026-05-19T15:18:38-07:00,4,51
global.js,171,js,00000000,Not Committed Yet,2026-05-19,15:18:38,-07:00,2026-05-19T15:18:38-07:00,4,10
global.js,172,js,00000000,Not Committed Yet,2026-05-19,15:18:38,-07:00,2026-05-19T15:18:38-07:00,2,0
global.js,173,js,00000000,Not Committed Yet,2026-05-19,15:18:38,-07:00,2026-05-19T15:18:38-07:00,0,0
decorations.js,1,js,e973df73,Ryan Lindberg,2026-04-03,17:15:09,-07:00,2026-04-03T17:15:09-07:00,0,59
decorations.js,2,js,e973df73,Ryan Lindberg,2026-04-03,17:15:09,-07:00,2026-04-03T17:15:09-07:00,0,0
decorations.js,3,js,e973df73,Ryan Lindberg,2026-04-03,17:15:09,-07:00,2026-04-03T17:15:09-07:00,0,23
decorations.js,4,js,e973df73,Ryan Lindberg,2026-04-03,17:15:09,-07:00,2026-04-03T17:15:09-07:00,0,27
decorations.js,5,js,e973df73,Ryan Lindberg,2026-04-03,17:15:09,-07:00,2026-04-03T17:15:09-07:00,0,23
decorations.js,6,js,e973df73,Ryan Lindberg,2026-04-03,17:15:09,-07:00,2026-04-03T17:15:09-07:00,0,56
decorations.js,7,js,e973df73,Ryan Lindberg,2026-04-03,17:15:09,-07:00,2026-04-03T17:15:09-07:00,0,54
decorations.js,8,js,e973df73,Ryan Lindberg,2026-04-03,17:15:09,-07:00,2026-04-03T17:15:09-07:00,0,0
decorations.js,9,js,e973df73,Ryan Lindberg,2026-04-03,17:15:09,-07:00,2026-04-03T17:15:09-07:00,0,61
decorations.js,10,js,e973df73,Ryan Lindberg,2026-04-03,17:15:09,-07:00,2026-04-03T17:15:09-07:00,0,43
decorations.js,11,js,e973df73,Ryan Lindberg,2026-04-03,17:15:09,-07:00,2026-04-03T17:15:09-07:00,0,61
decorations.js,12,js,e973df73,Ryan Lindberg,2026-04-03,17:15:09,-07:00,2026-04-03T17:15:09-07:00,0,0
decorations.js,13,js,e973df73,Ryan Lindberg,2026-04-03,17:15:09,-07:00,2026-04-03T17:15:09-07:00,0,19
decorations.js,14,js,e973df73,Ryan Lindberg,2026-04-03,17:15:09,-07:00,2026-04-03T17:15:09-07:00,1,13
decorations.js,15,js,e973df73,Ryan Lindberg,2026-04-03,17:15:09,-07:00,2026-04-03T17:15:09-07:00,2,45
decorations.js,16,js,e973df73,Ryan Lindberg,2026-04-03,17:15:09,-07:00,2026-04-03T17:15:09-07:00,2,32
decorations.js,17,js,e973df73,Ryan Lindberg,2026-04-03,17:15:09,-07:00,2026-04-03T17:15:09-07:00,2,38
decorations.js,18,js,e973df73,Ryan Lindberg,2026-04-03,17:15:09,-07:00,2026-04-03T17:15:09-07:00,2,33
decorations.js,19,js,e973df73,Ryan Lindberg,2026-04-03,17:15:09,-07:00,2026-04-03T17:15:09-07:00,0,0
decorations.js,20,js,e973df73,Ryan Lindberg,2026-04-03,17:15:09,-07:00,2026-04-03T17:15:09-07:00,2,18
decorations.js,21,js,e973df73,Ryan Lindberg,2026-04-03,17:15:09,-07:00,2026-04-03T17:15:09-07:00,2,13
decorations.js,22,js,e973df73,Ryan Lindberg,2026-04-03,17:15:09,-07:00,2026-04-03T17:15:09-07:00,2,18
decorations.js,23,js,e973df73,Ryan Lindberg,2026-04-03,17:15:09,-07:00,2026-04-03T17:15:09-07:00,2,20
decorations.js,24,js,e973df73,Ryan Lindberg,2026-04-03,17:15:09,-07:00,2026-04-03T17:15:09-07:00,2,18
decorations.js,25,js,e973df73,Ryan Lindberg,2026-04-03,17:15:09,-07:00,2026-04-03T17:15:09-07:00,0,0
decorations.js,26,js,e973df73,Ryan Lindberg,2026-04-03,17:15:09,-07:00,2026-04-03T17:15:09-07:00,2,12
decorations.js,27,js,e973df73,Ryan Lindberg,2026-04-03,17:15:09,-07:00,2026-04-03T17:15:09-07:00,2,21
decorations.js,28,js,e973df73,Ryan Lindberg,2026-04-03,17:15:09,-07:00,2026-04-03T17:15:09-07:00,2,53
decorations.js,29,js,e973df73,Ryan Lindberg,2026-04-03,17:15:09,-07:00,2026-04-03T17:15:09-07:00,2,13
decorations.js,30,js,e973df73,Ryan Lindberg,2026-04-03,17:15:09,-07:00,2026-04-03T17:15:09-07:00,1,0
decorations.js,31,js,e973df73,Ryan Lindberg,2026-04-03,17:15:09,-07:00,2026-04-03T17:15:09-07:00,0,0
decorations.js,32,js,e973df73,Ryan Lindberg,2026-04-03,17:15:09,-07:00,2026-04-03T17:15:09-07:00,1,8
decorations.js,33,js,e973df73,Ryan Lindberg,2026-04-03,17:15:09,-07:00,2026-04-03T17:15:09-07:00,2,36
decorations.js,34,js,e973df73,Ryan Lindberg,2026-04-03,17:15:09,-07:00,2026-04-03T17:15:09-07:00,2,38
decorations.js,35,js,e973df73,Ryan Lindberg,2026-04-03,17:15:09,-07:00,2026-04-03T17:15:09-07:00,1,0
decorations.js,36,js,e973df73,Ryan Lindberg,2026-04-03,17:15:09,-07:00,2026-04-03T17:15:09-07:00,0,0
decorations.js,37,js,e973df73,Ryan Lindberg,2026-04-03,17:15:09,-07:00,2026-04-03T17:15:09-07:00,1,20
decorations.js,38,js,e973df73,Ryan Lindberg,2026-04-03,17:15:09,-07:00,2026-04-03T17:15:09-07:00,2,18
decorations.js,39,js,e973df73,Ryan Lindberg,2026-04-03,17:15:09,-07:00,2026-04-03T17:15:09-07:00,2,31
decorations.js,40,js,e973df73,Ryan Lindberg,2026-04-03,17:15:09,-07:00,2026-04-03T17:15:09-07:00,3,19
decorations.js,41,js,e973df73,Ryan Lindberg,2026-04-03,17:15:09,-07:00,2026-04-03T17:15:09-07:00,4,35
decorations.js,42,js,e973df73,Ryan Lindberg,2026-04-03,17:15:09,-07:00,2026-04-03T17:15:09-07:00,4,36
decorations.js,43,js,e973df73,Ryan Lindberg,2026-04-03,17:15:09,-07:00,2026-04-03T17:15:09-07:00,4,30
decorations.js,44,js,e973df73,Ryan Lindberg,2026-04-03,17:15:09,-07:00,2026-04-03T17:15:09-07:00,4,30
decorations.js,45,js,e973df73,Ryan Lindberg,2026-04-03,17:15:09,-07:00,2026-04-03T17:15:09-07:00,4,28
decorations.js,46,js,e973df73,Ryan Lindberg,2026-04-03,17:15:09,-07:00,2026-04-03T17:15:09-07:00,4,33
decorations.js,47,js,e973df73,Ryan Lindberg,2026-04-03,17:15:09,-07:00,2026-04-03T17:15:09-07:00,4,16
decorations.js,48,js,e973df73,Ryan Lindberg,2026-04-03,17:15:09,-07:00,2026-04-03T17:15:09-07:00,3,1
decorations.js,49,js,e973df73,Ryan Lindberg,2026-04-03,17:15:09,-07:00,2026-04-03T17:15:09-07:00,2,0
decorations.js,50,js,e973df73,Ryan Lindberg,2026-04-03,17:15:09,-07:00,2026-04-03T17:15:09-07:00,1,0
decorations.js,51,js,e973df73,Ryan Lindberg,2026-04-03,17:15:09,-07:00,2026-04-03T17:15:09-07:00,0,0
decorations.js,52,js,e973df73,Ryan Lindberg,2026-04-03,17:15:09,-07:00,2026-04-03T17:15:09-07:00,1,8
decorations.js,53,js,e973df73,Ryan Lindberg,2026-04-03,17:15:09,-07:00,2026-04-03T17:15:09-07:00,2,26
decorations.js,54,js,e973df73,Ryan Lindberg,2026-04-03,17:15:09,-07:00,2026-04-03T17:15:09-07:00,2,27
decorations.js,55,js,e973df73,Ryan Lindberg,2026-04-03,17:15:09,-07:00,2026-04-03T17:15:09-07:00,2,31
decorations.js,56,js,e973df73,Ryan Lindberg,2026-04-03,17:15:09,-07:00,2026-04-03T17:15:09-07:00,3,10
decorations.js,57,js,e973df73,Ryan Lindberg,2026-04-03,17:15:09,-07:00,2026-04-03T17:15:09-07:00,3,10
decorations.js,58,js,e973df73,Ryan Lindberg,2026-04-03,17:15:09,-07:00,2026-04-03T17:15:09-07:00,3,19
decorations.js,59,js,e973df73,Ryan Lindberg,2026-04-03,17:15:09,-07:00,2026-04-03T17:15:09-07:00,3,19
decorations.js,60,js,e973df73,Ryan Lindberg,2026-04-03,17:15:09,-07:00,2026-04-03T17:15:09-07:00,3,19
decorations.js,61,js,e973df73,Ryan Lindberg,2026-04-03,17:15:09,-07:00,2026-04-03T17:15:09-07:00,3,19
decorations.js,62,js,e973df73,Ryan Lindberg,2026-04-03,17:15:09,-07:00,2026-04-03T17:15:09-07:00,2,0
decorations.js,63,js,e973df73,Ryan Lindberg,2026-04-03,17:15:09,-07:00,2026-04-03T17:15:09-07:00,0,0
decorations.js,64,js,e973df73,Ryan Lindberg,2026-04-03,17:15:09,-07:00,2026-04-03T17:15:09-07:00,2,12
decorations.js,65,js,e973df73,Ryan Lindberg,2026-04-03,17:15:09,-07:00,2026-04-03T17:15:09-07:00,2,16
decorations.js,66,js,e973df73,Ryan Lindberg,2026-04-03,17:15:09,-07:00,2026-04-03T17:15:09-07:00,2,42
decorations.js,67,js,e973df73,Ryan Lindberg,2026-04-03,17:15:09,-07:00,2026-04-03T17:15:09-07:00,3,18
decorations.js,68,js,e973df73,Ryan Lindberg,2026-04-03,17:15:09,-07:00,2026-04-03T17:15:09-07:00,3,67
decorations.js,69,js,e973df73,Ryan Lindberg,2026-04-03,17:15:09,-07:00,2026-04-03T17:15:09-07:00,3,18
decorations.js,70,js,e973df73,Ryan Lindberg,2026-04-03,17:15:09,-07:00,2026-04-03T17:15:09-07:00,2,0
decorations.js,71,js,e973df73,Ryan Lindberg,2026-04-03,17:15:09,-07:00,2026-04-03T17:15:09-07:00,2,26
decorations.js,72,js,e973df73,Ryan Lindberg,2026-04-03,17:15:09,-07:00,2026-04-03T17:15:09-07:00,3,22
decorations.js,73,js,e973df73,Ryan Lindberg,2026-04-03,17:15:09,-07:00,2026-04-03T17:15:09-07:00,3,30
decorations.js,74,js,e973df73,Ryan Lindberg,2026-04-03,17:15:09,-07:00,2026-04-03T17:15:09-07:00,4,20
decorations.js,75,js,e973df73,Ryan Lindberg,2026-04-03,17:15:09,-07:00,2026-04-03T17:15:09-07:00,3,0
decorations.js,76,js,e973df73,Ryan Lindberg,2026-04-03,17:15:09,-07:00,2026-04-03T17:15:09-07:00,2,0
decorations.js,77,js,e973df73,Ryan Lindberg,2026-04-03,17:15:09,-07:00,2026-04-03T17:15:09-07:00,1,0
decorations.js,78,js,e973df73,Ryan Lindberg,2026-04-03,17:15:09,-07:00,2026-04-03T17:15:09-07:00,0,0
decorations.js,79,js,e973df73,Ryan Lindberg,2026-04-03,17:15:09,-07:00,2026-04-03T17:15:09-07:00,1,6
decorations.js,80,js,e973df73,Ryan Lindberg,2026-04-03,17:15:09,-07:00,2026-04-03T17:15:09-07:00,2,19
decorations.js,81,js,e973df73,Ryan Lindberg,2026-04-03,17:15:09,-07:00,2026-04-03T17:15:09-07:00,2,57
decorations.js,82,js,e973df73,Ryan Lindberg,2026-04-03,17:15:09,-07:00,2026-04-03T17:15:09-07:00,0,0
decorations.js,83,js,e973df73,Ryan Lindberg,2026-04-03,17:15:09,-07:00,2026-04-03T17:15:09-07:00,2,25
decorations.js,84,js,e973df73,Ryan Lindberg,2026-04-03,17:15:09,-07:00,2026-04-03T17:15:09-07:00,0,0
decorations.js,85,js,e973df73,Ryan Lindberg,2026-04-03,17:15:09,-07:00,2026-04-03T17:15:09-07:00,2,17
decorations.js,86,js,e973df73,Ryan Lindberg,2026-04-03,17:15:09,-07:00,2026-04-03T17:15:09-07:00,2,18
decorations.js,87,js,e973df73,Ryan Lindberg,2026-04-03,17:15:09,-07:00,2026-04-03T17:15:09-07:00,2,36
decorations.js,88,js,e973df73,Ryan Lindberg,2026-04-03,17:15:09,-07:00,2026-04-03T17:15:09-07:00,3,40
decorations.js,89,js,e973df73,Ryan Lindberg,2026-04-03,17:15:09,-07:00,2026-04-03T17:15:09-07:00,4,29
decorations.js,90,js,e973df73,Ryan Lindberg,2026-04-03,17:15:09,-07:00,2026-04-03T17:15:09-07:00,4,29
decorations.js,91,js,e973df73,Ryan Lindberg,2026-04-03,17:15:09,-07:00,2026-04-03T17:15:09-07:00,4,40
decorations.js,92,js,e973df73,Ryan Lindberg,2026-04-03,17:15:09,-07:00,2026-04-03T17:15:09-07:00,4,15
decorations.js,93,js,e973df73,Ryan Lindberg,2026-04-03,17:15:09,-07:00,2026-04-03T17:15:09-07:00,5,36
decorations.js,94,js,e973df73,Ryan Lindberg,2026-04-03,17:15:09,-07:00,2026-04-03T17:15:09-07:00,5,44
decorations.js,95,js,e973df73,Ryan Lindberg,2026-04-03,17:15:09,-07:00,2026-04-03T17:15:09-07:00,5,14
decorations.js,96,js,e973df73,Ryan Lindberg,2026-04-03,17:15:09,-07:00,2026-04-03T17:15:09-07:00,5,29
decorations.js,97,js,e973df73,Ryan Lindberg,2026-04-03,17:15:09,-07:00,2026-04-03T17:15:09-07:00,5,29
decorations.js,98,js,e973df73,Ryan Lindberg,2026-04-03,17:15:09,-07:00,2026-04-03T17:15:09-07:00,5,11
decorations.js,99,js,e973df73,Ryan Lindberg,2026-04-03,17:15:09,-07:00,2026-04-03T17:15:09-07:00,4,0
decorations.js,100,js,e973df73,Ryan Lindberg,2026-04-03,17:15:09,-07:00,2026-04-03T17:15:09-07:00,3,0
decorations.js,101,js,e973df73,Ryan Lindberg,2026-04-03,17:15:09,-07:00,2026-04-03T17:15:09-07:00,2,0
decorations.js,102,js,e973df73,Ryan Lindberg,2026-04-03,17:15:09,-07:00,2026-04-03T17:15:09-07:00,0,0
decorations.js,103,js,e973df73,Ryan Lindberg,2026-04-03,17:15:09,-07:00,2026-04-03T17:15:09-07:00,2,15
decorations.js,104,js,e973df73,Ryan Lindberg,2026-04-03,17:15:09,-07:00,2026-04-03T17:15:09-07:00,2,23
decorations.js,105,js,e973df73,Ryan Lindberg,2026-04-03,17:15:09,-07:00,2026-04-03T17:15:09-07:00,2,36
decorations.js,106,js,e973df73,Ryan Lindberg,2026-04-03,17:15:09,-07:00,2026-04-03T17:15:09-07:00,3,15
decorations.js,107,js,e973df73,Ryan Lindberg,2026-04-03,17:15:09,-07:00,2026-04-03T17:15:09-07:00,3,16
decorations.js,108,js,e973df73,Ryan Lindberg,2026-04-03,17:15:09,-07:00,2026-04-03T17:15:09-07:00,3,22
decorations.js,109,js,e973df73,Ryan Lindberg,2026-04-03,17:15:09,-07:00,2026-04-03T17:15:09-07:00,0,0
decorations.js,110,js,e973df73,Ryan Lindberg,2026-04-03,17:15:09,-07:00,2026-04-03T17:15:09-07:00,3,13
decorations.js,111,js,e973df73,Ryan Lindberg,2026-04-03,17:15:09,-07:00,2026-04-03T17:15:09-07:00,3,27
decorations.js,112,js,e973df73,Ryan Lindberg,2026-04-03,17:15:09,-07:00,2026-04-03T17:15:09-07:00,4,38
decorations.js,113,js,e973df73,Ryan Lindberg,2026-04-03,17:15:09,-07:00,2026-04-03T17:15:09-07:00,4,16
decorations.js,114,js,e973df73,Ryan Lindberg,2026-04-03,17:15:09,-07:00,2026-04-03T17:15:09-07:00,4,43
decorations.js,115,js,e973df73,Ryan Lindberg,2026-04-03,17:15:09,-07:00,2026-04-03T17:15:09-07:00,4,26
decorations.js,116,js,e973df73,Ryan Lindberg,2026-04-03,17:15:09,-07:00,2026-04-03T17:15:09-07:00,3,6
decorations.js,117,js,e973df73,Ryan Lindberg,2026-04-03,17:15:09,-07:00,2026-04-03T17:15:09-07:00,4,30
decorations.js,118,js,e973df73,Ryan Lindberg,2026-04-03,17:15:09,-07:00,2026-04-03T17:15:09-07:00,3,0
decorations.js,119,js,e973df73,Ryan Lindberg,2026-04-03,17:15:09,-07:00,2026-04-03T17:15:09-07:00,0,0
decorations.js,120,js,e973df73,Ryan Lindberg,2026-04-03,17:15:09,-07:00,2026-04-03T17:15:09-07:00,3,44
decorations.js,121,js,e973df73,Ryan Lindberg,2026-04-03,17:15:09,-07:00,2026-04-03T17:15:09-07:00,3,14
decorations.js,122,js,e973df73,Ryan Lindberg,2026-04-03,17:15:09,-07:00,2026-04-03T17:15:09-07:00,3,38
decorations.js,123,js,e973df73,Ryan Lindberg,2026-04-03,17:15:09,-07:00,2026-04-03T17:15:09-07:00,3,9
decorations.js,124,js,e973df73,Ryan Lindberg,2026-04-03,17:15:09,-07:00,2026-04-03T17:15:09-07:00,2,0
decorations.js,125,js,e973df73,Ryan Lindberg,2026-04-03,17:15:09,-07:00,2026-04-03T17:15:09-07:00,2,17
decorations.js,126,js,e973df73,Ryan Lindberg,2026-04-03,17:15:09,-07:00,2026-04-03T17:15:09-07:00,1,0
decorations.js,127,js,e973df73,Ryan Lindberg,2026-04-03,17:15:09,-07:00,2026-04-03T17:15:09-07:00,0,0
decorations.js,128,js,e973df73,Ryan Lindberg,2026-04-03,17:15:09,-07:00,2026-04-03T17:15:09-07:00,1,9
decorations.js,129,js,e973df73,Ryan Lindberg,2026-04-03,17:15:09,-07:00,2026-04-03T17:15:09-07:00,2,11
decorations.js,130,js,e973df73,Ryan Lindberg,2026-04-03,17:15:09,-07:00,2026-04-03T17:15:09-07:00,2,34
decorations.js,131,js,e973df73,Ryan Lindberg,2026-04-03,17:15:09,-07:00,2026-04-03T17:15:09-07:00,3,12
decorations.js,132,js,e973df73,Ryan Lindberg,2026-04-03,17:15:09,-07:00,2026-04-03T17:15:09-07:00,3,10
decorations.js,133,js,e973df73,Ryan Lindberg,2026-04-03,17:15:09,-07:00,2026-04-03T17:15:09-07:00,2,0
decorations.js,134,js,e973df73,Ryan Lindberg,2026-04-03,17:15:09,-07:00,2026-04-03T17:15:09-07:00,2,42
decorations.js,135,js,e973df73,Ryan Lindberg,2026-04-03,17:15:09,-07:00,2026-04-03T17:15:09-07:00,1,0
decorations.js,136,js,e973df73,Ryan Lindberg,2026-04-03,17:15:09,-07:00,2026-04-03T17:15:09-07:00,0,0
decorations.js,137,js,e973df73,Ryan Lindberg,2026-04-03,17:15:09,-07:00,2026-04-03T17:15:09-07:00,0,0
decorations.js,138,js,e973df73,Ryan Lindberg,2026-04-03,17:15:09,-07:00,2026-04-03T17:15:09-07:00,0,61
decorations.js,139,js,e973df73,Ryan Lindberg,2026-04-03,17:15:09,-07:00,2026-04-03T17:15:09-07:00,0,43
decorations.js,140,js,e973df73,Ryan Lindberg,2026-04-03,17:15:09,-07:00,2026-04-03T17:15:09-07:00,0,61
decorations.js,141,js,e973df73,Ryan Lindberg,2026-04-03,17:15:09,-07:00,2026-04-03T17:15:09-07:00,0,0
decorations.js,142,js,e973df73,Ryan Lindberg,2026-04-03,17:15:09,-07:00,2026-04-03T17:15:09-07:00,0,30
decorations.js,143,js,e973df73,Ryan Lindberg,2026-04-03,17:15:09,-07:00,2026-04-03T17:15:09-07:00,1,41
decorations.js,144,js,e973df73,Ryan Lindberg,2026-04-03,17:15:09,-07:00,2026-04-03T17:15:09-07:00,1,32
decorations.js,145,js,e973df73,Ryan Lindberg,2026-04-03,17:15:09,-07:00,2026-04-03T17:15:09-07:00,0,0
decorations.js,146,js,e973df73,Ryan Lindberg,2026-04-03,17:15:09,-07:00,2026-04-03T17:15:09-07:00,1,28
decorations.js,147,js,e973df73,Ryan Lindberg,2026-04-03,17:15:09,-07:00,2026-04-03T17:15:09-07:00,1,21
decorations.js,148,js,e973df73,Ryan Lindberg,2026-04-03,17:15:09,-07:00,2026-04-03T17:15:09-07:00,1,45
decorations.js,149,js,e973df73,Ryan Lindberg,2026-04-03,17:15:09,-07:00,2026-04-03T17:15:09-07:00,0,0
decorations.js,150,js,e973df73,Ryan Lindberg,2026-04-03,17:15:09,-07:00,2026-04-03T17:15:09-07:00,1,107
decorations.js,151,js,e973df73,Ryan Lindberg,2026-04-03,17:15:09,-07:00,2026-04-03T17:15:09-07:00,0,0
decorations.js,152,js,e973df73,Ryan Lindberg,2026-04-03,17:15:09,-07:00,2026-04-03T17:15:09-07:00,1,15
decorations.js,153,js,e973df73,Ryan Lindberg,2026-04-03,17:15:09,-07:00,2026-04-03T17:15:09-07:00,1,136
decorations.js,154,js,e973df73,Ryan Lindberg,2026-04-03,17:15:09,-07:00,2026-04-03T17:15:09-07:00,0,0
decorations.js,155,js,e973df73,Ryan Lindberg,2026-04-03,17:15:09,-07:00,2026-04-03T17:15:09-07:00,1,17
decorations.js,156,js,e973df73,Ryan Lindberg,2026-04-03,17:15:09,-07:00,2026-04-03T17:15:09-07:00,1,36
decorations.js,157,js,e973df73,Ryan Lindberg,2026-04-03,17:15:09,-07:00,2026-04-03T17:15:09-07:00,2,24
decorations.js,158,js,e973df73,Ryan Lindberg,2026-04-03,17:15:09,-07:00,2026-04-03T17:15:09-07:00,2,79
decorations.js,159,js,e973df73,Ryan Lindberg,2026-04-03,17:15:09,-07:00,2026-04-03T17:15:09-07:00,2,116
decorations.js,160,js,e973df73,Ryan Lindberg,2026-04-03,17:15:09,-07:00,2026-04-03T17:15:09-07:00,2,16
decorations.js,161,js,e973df73,Ryan Lindberg,2026-04-03,17:15:09,-07:00,2026-04-03T17:15:09-07:00,3,139
decorations.js,162,js,e973df73,Ryan Lindberg,2026-04-03,17:15:09,-07:00,2026-04-03T17:15:09-07:00,2,0
decorations.js,163,js,e973df73,Ryan Lindberg,2026-04-03,17:15:09,-07:00,2026-04-03T17:15:09-07:00,1,0
decorations.js,164,js,e973df73,Ryan Lindberg,2026-04-03,17:15:09,-07:00,2026-04-03T17:15:09-07:00,0,0
decorations.js,165,js,e973df73,Ryan Lindberg,2026-04-03,17:15:09,-07:00,2026-04-03T17:15:09-07:00,1,38
decorations.js,166,js,e973df73,Ryan Lindberg,2026-04-03,17:15:09,-07:00,2026-04-03T17:15:09-07:00,1,13
decorations.js,167,js,e973df73,Ryan Lindberg,2026-04-03,17:15:09,-07:00,2026-04-03T17:15:09-07:00,2,47
decorations.js,168,js,e973df73,Ryan Lindberg,2026-04-03,17:15:09,-07:00,2026-04-03T17:15:09-07:00,2,48
decorations.js,169,js,e973df73,Ryan Lindberg,2026-04-03,17:15:09,-07:00,2026-04-03T17:15:09-07:00,2,44
decorations.js,170,js,e973df73,Ryan Lindberg,2026-04-03,17:15:09,-07:00,2026-04-03T17:15:09-07:00,1,0
decorations.js,171,js,e973df73,Ryan Lindberg,2026-04-03,17:15:09,-07:00,2026-04-03T17:15:09-07:00,0,0
decorations.js,172,js,e973df73,Ryan Lindberg,2026-04-03,17:15:09,-07:00,2026-04-03T17:15:09-07:00,1,25
decorations.js,173,js,e973df73,Ryan Lindberg,2026-04-03,17:15:09,-07:00,2026-04-03T17:15:09-07:00,2,16
decorations.js,174,js,e973df73,Ryan Lindberg,2026-04-03,17:15:09,-07:00,2026-04-03T17:15:09-07:00,2,13
decorations.js,175,js,e973df73,Ryan Lindberg,2026-04-03,17:15:09,-07:00,2026-04-03T17:15:09-07:00,2,136
decorations.js,176,js,e973df73,Ryan Lindberg,2026-04-03,17:15:09,-07:00,2026-04-03T17:15:09-07:00,2,13
decorations.js,177,js,e973df73,Ryan Lindberg,2026-04-03,17:15:09,-07:00,2026-04-03T17:15:09-07:00,2,134
decorations.js,178,js,e973df73,Ryan Lindberg,2026-04-03,17:15:09,-07:00,2026-04-03T17:15:09-07:00,2,12
decorations.js,179,js,e973df73,Ryan Lindberg,2026-04-03,17:15:09,-07:00,2026-04-03T17:15:09-07:00,2,129
decorations.js,180,js,e973df73,Ryan Lindberg,2026-04-03,17:15:09,-07:00,2026-04-03T17:15:09-07:00,2,118
decorations.js,181,js,e973df73,Ryan Lindberg,2026-04-03,17:15:09,-07:00,2026-04-03T17:15:09-07:00,2,11
decorations.js,182,js,e973df73,Ryan Lindberg,2026-04-03,17:15:09,-07:00,2026-04-03T17:15:09-07:00,2,85
decorations.js,183,js,e973df73,Ryan Lindberg,2026-04-03,17:15:09,-07:00,2026-04-03T17:15:09-07:00,2,6
decorations.js,184,js,e973df73,Ryan Lindberg,2026-04-03,17:15:09,-07:00,2026-04-03T17:15:09-07:00,2,148
decorations.js,185,js,e973df73,Ryan Lindberg,2026-04-03,17:15:09,-07:00,2026-04-03T17:15:09-07:00,1,0
decorations.js,186,js,e973df73,Ryan Lindberg,2026-04-03,17:15:09,-07:00,2026-04-03T17:15:09-07:00,0,0
decorations.js,187,js,e973df73,Ryan Lindberg,2026-04-03,17:15:09,-07:00,2026-04-03T17:15:09-07:00,1,21
decorations.js,188,js,e973df73,Ryan Lindberg,2026-04-03,17:15:09,-07:00,2026-04-03T17:15:09-07:00,0,0
decorations.js,189,js,e973df73,Ryan Lindberg,2026-04-03,17:15:09,-07:00,2026-04-03T17:15:09-07:00,1,37
decorations.js,190,js,e973df73,Ryan Lindberg,2026-04-03,17:15:09,-07:00,2026-04-03T17:15:09-07:00,1,44
decorations.js,191,js,e973df73,Ryan Lindberg,2026-04-03,17:15:09,-07:00,2026-04-03T17:15:09-07:00,1,34
decorations.js,192,js,e973df73,Ryan Lindberg,2026-04-03,17:15:09,-07:00,2026-04-03T17:15:09-07:00,0,0
decorations.js,193,js,e973df73,Ryan Lindberg,2026-04-03,17:15:09,-07:00,2026-04-03T17:15:09-07:00,1,26
decorations.js,194,js,e973df73,Ryan Lindberg,2026-04-03,17:15:09,-07:00,2026-04-03T17:15:09-07:00,1,24
decorations.js,195,js,e973df73,Ryan Lindberg,2026-04-03,17:15:09,-07:00,2026-04-03T17:15:09-07:00,1,30
decorations.js,196,js,e973df73,Ryan Lindberg,2026-04-03,17:15:09,-07:00,2026-04-03T17:15:09-07:00,0,0
decorations.js,197,js,e973df73,Ryan Lindberg,2026-04-03,17:15:09,-07:00,2026-04-03T17:15:09-07:00,0,0
decorations.js,198,js,e973df73,Ryan Lindberg,2026-04-03,17:15:09,-07:00,2026-04-03T17:15:09-07:00,0,61
decorations.js,199,js,e973df73,Ryan Lindberg,2026-04-03,17:15:09,-07:00,2026-04-03T17:15:09-07:00,0,46
decorations.js,200,js,e973df73,Ryan Lindberg,2026-04-03,17:15:09,-07:00,2026-04-03T17:15:09-07:00,0,61
decorations.js,201,js,e973df73,Ryan Lindberg,2026-04-03,17:15:09,-07:00,2026-04-03T17:15:09-07:00,0,0
decorations.js,202,js,e973df73,Ryan Lindberg,2026-04-03,17:15:09,-07:00,2026-04-03T17:15:09-07:00,0,28
decorations.js,203,js,e973df73,Ryan Lindberg,2026-04-03,17:15:09,-07:00,2026-04-03T17:15:09-07:00,1,13
decorations.js,204,js,e973df73,Ryan Lindberg,2026-04-03,17:15:09,-07:00,2026-04-03T17:15:09-07:00,2,33
decorations.js,205,js,e973df73,Ryan Lindberg,2026-04-03,17:15:09,-07:00,2026-04-03T17:15:09-07:00,2,33
decorations.js,206,js,e973df73,Ryan Lindberg,2026-04-03,17:15:09,-07:00,2026-04-03T17:15:09-07:00,2,33
decorations.js,207,js,e973df73,Ryan Lindberg,2026-04-03,17:15:09,-07:00,2026-04-03T17:15:09-07:00,2,33
decorations.js,208,js,e973df73,Ryan Lindberg,2026-04-03,17:15:09,-07:00,2026-04-03T17:15:09-07:00,2,33
decorations.js,209,js,e973df73,Ryan Lindberg,2026-04-03,17:15:09,-07:00,2026-04-03T17:15:09-07:00,2,33
decorations.js,210,js,e973df73,Ryan Lindberg,2026-04-03,17:15:09,-07:00,2026-04-03T17:15:09-07:00,1,0
decorations.js,211,js,e973df73,Ryan Lindberg,2026-04-03,17:15:09,-07:00,2026-04-03T17:15:09-07:00,0,0
decorations.js,212,js,e973df73,Ryan Lindberg,2026-04-03,17:15:09,-07:00,2026-04-03T17:15:09-07:00,1,43
decorations.js,213,js,e973df73,Ryan Lindberg,2026-04-03,17:15:09,-07:00,2026-04-03T17:15:09-07:00,1,32
decorations.js,214,js,e973df73,Ryan Lindberg,2026-04-03,17:15:09,-07:00,2026-04-03T17:15:09-07:00,0,0
decorations.js,215,js,e973df73,Ryan Lindberg,2026-04-03,17:15:09,-07:00,2026-04-03T17:15:09-07:00,1,40
decorations.js,216,js,e973df73,Ryan Lindberg,2026-04-03,17:15:09,-07:00,2026-04-03T17:15:09-07:00,1,26
decorations.js,217,js,e973df73,Ryan Lindberg,2026-04-03,17:15:09,-07:00,2026-04-03T17:15:09-07:00,1,22
decorations.js,218,js,e973df73,Ryan Lindberg,2026-04-03,17:15:09,-07:00,2026-04-03T17:15:09-07:00,0,0
decorations.js,219,js,e973df73,Ryan Lindberg,2026-04-03,17:15:09,-07:00,2026-04-03T17:15:09-07:00,1,30
decorations.js,220,js,e973df73,Ryan Lindberg,2026-04-03,17:15:09,-07:00,2026-04-03T17:15:09-07:00,1,52
decorations.js,221,js,e973df73,Ryan Lindberg,2026-04-03,17:15:09,-07:00,2026-04-03T17:15:09-07:00,1,11
decorations.js,222,js,e973df73,Ryan Lindberg,2026-04-03,17:15:09,-07:00,2026-04-03T17:15:09-07:00,2,45
decorations.js,223,js,e973df73,Ryan Lindberg,2026-04-03,17:15:09,-07:00,2026-04-03T17:15:09-07:00,1,6
decorations.js,224,js,e973df73,Ryan Lindberg,2026-04-03,17:15:09,-07:00,2026-04-03T17:15:09-07:00,2,5
decorations.js,225,js,e973df73,Ryan Lindberg,2026-04-03,17:15:09,-07:00,2026-04-03T17:15:09-07:00,1,0
decorations.js,226,js,e973df73,Ryan Lindberg,2026-04-03,17:15:09,-07:00,2026-04-03T17:15:09-07:00,0,0
decorations.js,227,js,e973df73,Ryan Lindberg,2026-04-03,17:15:09,-07:00,2026-04-03T17:15:09-07:00,1,18
decorations.js,228,js,e973df73,Ryan Lindberg,2026-04-03,17:15:09,-07:00,2026-04-03T17:15:09-07:00,1,26
decorations.js,229,js,e973df73,Ryan Lindberg,2026-04-03,17:15:09,-07:00,2026-04-03T17:15:09-07:00,2,16
decorations.js,230,js,e973df73,Ryan Lindberg,2026-04-03,17:15:09,-07:00,2026-04-03T17:15:09-07:00,3,40
decorations.js,231,js,e973df73,Ryan Lindberg,2026-04-03,17:15:09,-07:00,2026-04-03T17:15:09-07:00,3,27
decorations.js,232,js,e973df73,Ryan Lindberg,2026-04-03,17:15:09,-07:00,2026-04-03T17:15:09-07:00,3,41
decorations.js,233,js,e973df73,Ryan Lindberg,2026-04-03,17:15:09,-07:00,2026-04-03T17:15:09-07:00,3,80
decorations.js,234,js,e973df73,Ryan Lindberg,2026-04-03,17:15:09,-07:00,2026-04-03T17:15:09-07:00,3,19
decorations.js,235,js,e973df73,Ryan Lindberg,2026-04-03,17:15:09,-07:00,2026-04-03T17:15:09-07:00,0,0
decorations.js,236,js,e973df73,Ryan Lindberg,2026-04-03,17:15:09,-07:00,2026-04-03T17:15:09-07:00,3,48
decorations.js,237,js,e973df73,Ryan Lindberg,2026-04-03,17:15:09,-07:00,2026-04-03T17:15:09-07:00,3,27
decorations.js,238,js,e973df73,Ryan Lindberg,2026-04-03,17:15:09,-07:00,2026-04-03T17:15:09-07:00,4,16
decorations.js,239,js,e973df73,Ryan Lindberg,2026-04-03,17:15:09,-07:00,2026-04-03T17:15:09-07:00,5,47
decorations.js,240,js,e973df73,Ryan Lindberg,2026-04-03,17:15:09,-07:00,2026-04-03T17:15:09-07:00,5,34
decorations.js,241,js,e973df73,Ryan Lindberg,2026-04-03,17:15:09,-07:00,2026-04-03T17:15:09-07:00,5,99
decorations.js,242,js,e973df73,Ryan Lindberg,2026-04-03,17:15:09,-07:00,2026-04-03T17:15:09-07:00,5,26
decorations.js,243,js,e973df73,Ryan Lindberg,2026-04-03,17:15:09,-07:00,2026-04-03T17:15:09-07:00,0,0
decorations.js,244,js,e973df73,Ryan Lindberg,2026-04-03,17:15:09,-07:00,2026-04-03T17:15:09-07:00,5,16
decorations.js,245,js,e973df73,Ryan Lindberg,2026-04-03,17:15:09,-07:00,2026-04-03T17:15:09-07:00,5,44
decorations.js,246,js,e973df73,Ryan Lindberg,2026-04-03,17:15:09,-07:00,2026-04-03T17:15:09-07:00,5,34
decorations.js,247,js,e973df73,Ryan Lindberg,2026-04-03,17:15:09,-07:00,2026-04-03T17:15:09-07:00,5,54
decorations.js,248,js,e973df73,Ryan Lindberg,2026-04-03,17:15:09,-07:00,2026-04-03T17:15:09-07:00,5,26
decorations.js,249,js,e973df73,Ryan Lindberg,2026-04-03,17:15:09,-07:00,2026-04-03T17:15:09-07:00,4,6
decorations.js,250,js,e973df73,Ryan Lindberg,2026-04-03,17:15:09,-07:00,2026-04-03T17:15:09-07:00,3,0
decorations.js,251,js,e973df73,Ryan Lindberg,2026-04-03,17:15:09,-07:00,2026-04-03T17:15:09-07:00,2,10
decorations.js,252,js,e973df73,Ryan Lindberg,2026-04-03,17:15:09,-07:00,2026-04-03T17:15:09-07:00,1,1
decorations.js,253,js,e973df73,Ryan Lindberg,2026-04-03,17:15:09,-07:00,2026-04-03T17:15:09-07:00,0,0
decorations.js,254,js,e973df73,Ryan Lindberg,2026-04-03,17:15:09,-07:00,2026-04-03T17:15:09-07:00,0,0
decorations.js,255,js,e973df73,Ryan Lindberg,2026-04-03,17:15:09,-07:00,2026-04-03T17:15:09-07:00,0,24
decorations.js,256,js,e973df73,Ryan Lindberg,2026-04-03,17:15:09,-07:00,2026-04-03T17:15:09-07:00,1,76
decorations.js,257,js,e973df73,Ryan Lindberg,2026-04-03,17:15:09,-07:00,2026-04-03T17:15:09-07:00,0,0
decorations.js,258,js,e973df73,Ryan Lindberg,2026-04-03,17:15:09,-07:00,2026-04-03T17:15:09-07:00,0,0
decorations.js,259,js,e973df73,Ryan Lindberg,2026-04-03,17:15:09,-07:00,2026-04-03T17:15:09-07:00,0,61
decorations.js,260,js,e973df73,Ryan Lindberg,2026-04-03,17:15:09,-07:00,2026-04-03T17:15:09-07:00,0,30
decorations.js,261,js,e973df73,Ryan Lindberg,2026-04-03,17:15:09,-07:00,2026-04-03T17:15:09-07:00,0,61
decorations.js,262,js,e973df73,Ryan Lindberg,2026-04-03,17:15:09,-07:00,2026-04-03T17:15:09-07:00,0,0
decorations.js,263,js,e973df73,Ryan Lindberg,2026-04-03,17:15:09,-07:00,2026-04-03T17:15:09-07:00,0,26
decorations.js,264,js,e973df73,Ryan Lindberg,2026-04-03,17:15:09,-07:00,2026-04-03T17:15:09-07:00,1,57
decorations.js,265,js,e973df73,Ryan Lindberg,2026-04-03,17:15:09,-07:00,2026-04-03T17:15:09-07:00,1,27
decorations.js,266,js,e973df73,Ryan Lindberg,2026-04-03,17:15:09,-07:00,2026-04-03T17:15:09-07:00,2,22
decorations.js,267,js,e973df73,Ryan Lindberg,2026-04-03,17:15:09,-07:00,2026-04-03T17:15:09-07:00,2,44
decorations.js,268,js,e973df73,Ryan Lindberg,2026-04-03,17:15:09,-07:00,2026-04-03T17:15:09-07:00,2,20
decorations.js,269,js,e973df73,Ryan Lindberg,2026-04-03,17:15:09,-07:00,2026-04-03T17:15:09-07:00,1,1
decorations.js,270,js,e973df73,Ryan Lindberg,2026-04-03,17:15:09,-07:00,2026-04-03T17:15:09-07:00,0,0
decorations.js,271,js,e973df73,Ryan Lindberg,2026-04-03,17:15:09,-07:00,2026-04-03T17:15:09-07:00,0,0
decorations.js,272,js,e973df73,Ryan Lindberg,2026-04-03,17:15:09,-07:00,2026-04-03T17:15:09-07:00,0,45
decorations.js,273,js,e973df73,Ryan Lindberg,2026-04-03,17:15:09,-07:00,2026-04-03T17:15:09-07:00,1,40
decorations.js,274,js,e973df73,Ryan Lindberg,2026-04-03,17:15:09,-07:00,2026-04-03T17:15:09-07:00,1,29
decorations.js,275,js,e973df73,Ryan Lindberg,2026-04-03,17:15:09,-07:00,2026-04-03T17:15:09-07:00,0,0
decorations.js,276,js,e973df73,Ryan Lindberg,2026-04-03,17:15:09,-07:00,2026-04-03T17:15:09-07:00,1,20
decorations.js,277,js,e973df73,Ryan Lindberg,2026-04-03,17:15:09,-07:00,2026-04-03T17:15:09-07:00,2,10
decorations.js,278,js,e973df73,Ryan Lindberg,2026-04-03,17:15:09,-07:00,2026-04-03T17:15:09-07:00,2,15
decorations.js,279,js,e973df73,Ryan Lindberg,2026-04-03,17:15:09,-07:00,2026-04-03T17:15:09-07:00,3,30
decorations.js,280,js,e973df73,Ryan Lindberg,2026-04-03,17:15:09,-07:00,2026-04-03T17:15:09-07:00,3,26
decorations.js,281,js,e973df73,Ryan Lindberg,2026-04-03,17:15:09,-07:00,2026-04-03T17:15:09-07:00,4,72
decorations.js,282,js,e973df73,Ryan Lindberg,2026-04-03,17:15:09,-07:00,2026-04-03T17:15:09-07:00,5,102
decorations.js,283,js,e973df73,Ryan Lindberg,2026-04-03,17:15:09,-07:00,2026-04-03T17:15:09-07:00,5,101
decorations.js,284,js,e973df73,Ryan Lindberg,2026-04-03,17:15:09,-07:00,2026-04-03T17:15:09-07:00,5,88
decorations.js,285,js,e973df73,Ryan Lindberg,2026-04-03,17:15:09,-07:00,2026-04-03T17:15:09-07:00,5,88
decorations.js,286,js,e973df73,Ryan Lindberg,2026-04-03,17:15:09,-07:00,2026-04-03T17:15:09-07:00,5,60
decorations.js,287,js,e973df73,Ryan Lindberg,2026-04-03,17:15:09,-07:00,2026-04-03T17:15:09-07:00,4,4
decorations.js,288,js,e973df73,Ryan Lindberg,2026-04-03,17:15:09,-07:00,2026-04-03T17:15:09-07:00,4,75
decorations.js,289,js,e973df73,Ryan Lindberg,2026-04-03,17:15:09,-07:00,2026-04-03T17:15:09-07:00,3,4
decorations.js,290,js,e973df73,Ryan Lindberg,2026-04-03,17:15:09,-07:00,2026-04-03T17:15:09-07:00,3,30
decorations.js,291,js,e973df73,Ryan Lindberg,2026-04-03,17:15:09,-07:00,2026-04-03T17:15:09-07:00,2,0
decorations.js,292,js,e973df73,Ryan Lindberg,2026-04-03,17:15:09,-07:00,2026-04-03T17:15:09-07:00,1,27
decorations.js,293,js,e973df73,Ryan Lindberg,2026-04-03,17:15:09,-07:00,2026-04-03T17:15:09-07:00,2,27
decorations.js,294,js,e973df73,Ryan Lindberg,2026-04-03,17:15:09,-07:00,2026-04-03T17:15:09-07:00,2,15
decorations.js,295,js,e973df73,Ryan Lindberg,2026-04-03,17:15:09,-07:00,2026-04-03T17:15:09-07:00,3,30
decorations.js,296,js,e973df73,Ryan Lindberg,2026-04-03,17:15:09,-07:00,2026-04-03T17:15:09-07:00,3,26
decorations.js,297,js,e973df73,Ryan Lindberg,2026-04-03,17:15:09,-07:00,2026-04-03T17:15:09-07:00,4,68
decorations.js,298,js,e973df73,Ryan Lindberg,2026-04-03,17:15:09,-07:00,2026-04-03T17:15:09-07:00,5,94
decorations.js,299,js,e973df73,Ryan Lindberg,2026-04-03,17:15:09,-07:00,2026-04-03T17:15:09-07:00,5,94
decorations.js,300,js,e973df73,Ryan Lindberg,2026-04-03,17:15:09,-07:00,2026-04-03T17:15:09-07:00,5,93
decorations.js,301,js,e973df73,Ryan Lindberg,2026-04-03,17:15:09,-07:00,2026-04-03T17:15:09-07:00,5,62
decorations.js,302,js,e973df73,Ryan Lindberg,2026-04-03,17:15:09,-07:00,2026-04-03T17:15:09-07:00,5,107
decorations.js,303,js,e973df73,Ryan Lindberg,2026-04-03,17:15:09,-07:00,2026-04-03T17:15:09-07:00,4,4
decorations.js,304,js,e973df73,Ryan Lindberg,2026-04-03,17:15:09,-07:00,2026-04-03T17:15:09-07:00,3,4
decorations.js,305,js,e973df73,Ryan Lindberg,2026-04-03,17:15:09,-07:00,2026-04-03T17:15:09-07:00,3,30
decorations.js,306,js,e973df73,Ryan Lindberg,2026-04-03,17:15:09,-07:00,2026-04-03T17:15:09-07:00,2,0
decorations.js,307,js,e973df73,Ryan Lindberg,2026-04-03,17:15:09,-07:00,2026-04-03T17:15:09-07:00,1,6
decorations.js,308,js,e973df73,Ryan Lindberg,2026-04-03,17:15:09,-07:00,2026-04-03T17:15:09-07:00,2,19
decorations.js,309,js,e973df73,Ryan Lindberg,2026-04-03,17:15:09,-07:00,2026-04-03T17:15:09-07:00,2,15
decorations.js,310,js,e973df73,Ryan Lindberg,2026-04-03,17:15:09,-07:00,2026-04-03T17:15:09-07:00,3,30
decorations.js,311,js,e973df73,Ryan Lindberg,2026-04-03,17:15:09,-07:00,2026-04-03T17:15:09-07:00,3,26
decorations.js,312,js,e973df73,Ryan Lindberg,2026-04-03,17:15:09,-07:00,2026-04-03T17:15:09-07:00,4,26
decorations.js,313,js,e973df73,Ryan Lindberg,2026-04-03,17:15:09,-07:00,2026-04-03T17:15:09-07:00,5,144
decorations.js,314,js,e973df73,Ryan Lindberg,2026-04-03,17:15:09,-07:00,2026-04-03T17:15:09-07:00,4,4
decorations.js,315,js,e973df73,Ryan Lindberg,2026-04-03,17:15:09,-07:00,2026-04-03T17:15:09-07:00,3,4
decorations.js,316,js,e973df73,Ryan Lindberg,2026-04-03,17:15:09,-07:00,2026-04-03T17:15:09-07:00,3,30
decorations.js,317,js,e973df73,Ryan Lindberg,2026-04-03,17:15:09,-07:00,2026-04-03T17:15:09-07:00,2,0
decorations.js,318,js,e973df73,Ryan Lindberg,2026-04-03,17:15:09,-07:00,2026-04-03T17:15:09-07:00,1,0
decorations.js,319,js,e973df73,Ryan Lindberg,2026-04-03,17:15:09,-07:00,2026-04-03T17:15:09-07:00,0,0
decorations.js,320,js,e973df73,Ryan Lindberg,2026-04-03,17:15:09,-07:00,2026-04-03T17:15:09-07:00,1,9
decorations.js,321,js,e973df73,Ryan Lindberg,2026-04-03,17:15:09,-07:00,2026-04-03T17:15:09-07:00,0,0
decorations.js,322,js,e973df73,Ryan Lindberg,2026-04-03,17:15:09,-07:00,2026-04-03T17:15:09-07:00,0,0
decorations.js,323,js,e973df73,Ryan Lindberg,2026-04-03,17:15:09,-07:00,2026-04-03T17:15:09-07:00,0,61
decorations.js,324,js,e973df73,Ryan Lindberg,2026-04-03,17:15:09,-07:00,2026-04-03T17:15:09-07:00,0,5
decorations.js,325,js,e973df73,Ryan Lindberg,2026-04-03,17:15:09,-07:00,2026-04-03T17:15:09-07:00,0,61
decorations.js,326,js,e973df73,Ryan Lindberg,2026-04-03,17:15:09,-07:00,2026-04-03T17:15:09-07:00,0,0
decorations.js,327,js,e973df73,Ryan Lindberg,2026-04-03,17:15:09,-07:00,2026-04-03T17:15:09-07:00,0,15
decorations.js,328,js,e973df73,Ryan Lindberg,2026-04-03,17:15:09,-07:00,2026-04-03T17:15:09-07:00,1,33
decorations.js,329,js,e973df73,Ryan Lindberg,2026-04-03,17:15:09,-07:00,2026-04-03T17:15:09-07:00,1,22
decorations.js,330,js,e973df73,Ryan Lindberg,2026-04-03,17:15:09,-07:00,2026-04-03T17:15:09-07:00,2,18
decorations.js,331,js,e973df73,Ryan Lindberg,2026-04-03,17:15:09,-07:00,2026-04-03T17:15:09-07:00,1,0
decorations.js,332,js,e973df73,Ryan Lindberg,2026-04-03,17:15:09,-07:00,2026-04-03T17:15:09-07:00,0,0
decorations.js,333,js,e973df73,Ryan Lindberg,2026-04-03,17:15:09,-07:00,2026-04-03T17:15:09-07:00,1,38
decorations.js,334,js,e973df73,Ryan Lindberg,2026-04-03,17:15:09,-07:00,2026-04-03T17:15:09-07:00,1,19
decorations.js,335,js,e973df73,Ryan Lindberg,2026-04-03,17:15:09,-07:00,2026-04-03T17:15:09-07:00,2,20
decorations.js,336,js,e973df73,Ryan Lindberg,2026-04-03,17:15:09,-07:00,2026-04-03T17:15:09-07:00,1,0
decorations.js,337,js,e973df73,Ryan Lindberg,2026-04-03,17:15:09,-07:00,2026-04-03T17:15:09-07:00,0,0
decorations.js,338,js,e973df73,Ryan Lindberg,2026-04-03,17:15:09,-07:00,2026-04-03T17:15:09-07:00,1,33
decorations.js,339,js,e973df73,Ryan Lindberg,2026-04-03,17:15:09,-07:00,2026-04-03T17:15:09-07:00,1,29
decorations.js,340,js,e973df73,Ryan Lindberg,2026-04-03,17:15:09,-07:00,2026-04-03T17:15:09-07:00,1,105
decorations.js,341,js,e973df73,Ryan Lindberg,2026-04-03,17:15:09,-07:00,2026-04-03T17:15:09-07:00,2,18
decorations.js,342,js,e973df73,Ryan Lindberg,2026-04-03,17:15:09,-07:00,2026-04-03T17:15:09-07:00,1,0
decorations.js,343,js,e973df73,Ryan Lindberg,2026-04-03,17:15:09,-07:00,2026-04-03T17:15:09-07:00,0,0
decorations.js,344,js,e973df73,Ryan Lindberg,2026-04-03,17:15:09,-07:00,2026-04-03T17:15:09-07:00,1,33
decorations.js,345,js,e973df73,Ryan Lindberg,2026-04-03,17:15:09,-07:00,2026-04-03T17:15:09-07:00,1,16
decorations.js,346,js,e973df73,Ryan Lindberg,2026-04-03,17:15:09,-07:00,2026-04-03T17:15:09-07:00,0,0
decorations.js,347,js,e973df73,Ryan Lindberg,2026-04-03,17:15:09,-07:00,2026-04-03T17:15:09-07:00,0,0
decorations.js,348,js,e973df73,Ryan Lindberg,2026-04-03,17:15:09,-07:00,2026-04-03T17:15:09-07:00,0,38
decorations.js,349,js,e973df73,Ryan Lindberg,2026-04-03,17:15:09,-07:00,2026-04-03T17:15:09-07:00,1,50
decorations.js,350,js,e973df73,Ryan Lindberg,2026-04-03,17:15:09,-07:00,2026-04-03T17:15:09-07:00,0,6
decorations.js,351,js,e973df73,Ryan Lindberg,2026-04-03,17:15:09,-07:00,2026-04-03T17:15:09-07:00,1,5
decorations.js,352,js,e973df73,Ryan Lindberg,2026-04-03,17:15:09,-07:00,2026-04-03T17:15:09-07:00,0,0
projects/projects.js,1,js,e7987652,Ryan Lindberg,2025-04-23,20:17:19,-07:00,2025-04-23T20:17:19-07:00,0,55
projects/projects.js,2,js,0b594d32,Ryan Lindberg,2025-04-28,19:33:26,-07:00,2025-04-28T19:33:26-07:00,0,63
projects/projects.js,3,js,e7987652,Ryan Lindberg,2025-04-23,20:17:19,-07:00,2025-04-23T20:17:19-07:00,0,0
projects/projects.js,4,js,e7987652,Ryan Lindberg,2025-04-23,20:17:19,-07:00,2025-04-23T20:17:19-07:00,0,55
projects/projects.js,5,js,e7987652,Ryan Lindberg,2025-04-23,20:17:19,-07:00,2025-04-23T20:17:19-07:00,0,60
projects/projects.js,6,js,2214ef21,Ryan Lindberg,2025-04-28,21:39:52,-07:00,2025-04-28T21:39:52-07:00,0,55
projects/projects.js,7,js,617d18d2,Ryan Lindberg,2025-05-10,10:03:24,-07:00,2025-05-10T10:03:24-07:00,0,0
projects/projects.js,8,js,e7987652,Ryan Lindberg,2025-04-23,20:17:19,-07:00,2025-04-23T20:17:19-07:00,0,0
projects/projects.js,9,js,0b594d32,Ryan Lindberg,2025-04-28,19:33:26,-07:00,2025-04-28T19:33:26-07:00,0,0
projects/projects.js,10,js,2214ef21,Ryan Lindberg,2025-04-28,21:39:52,-07:00,2025-04-28T21:39:52-07:00,0,13
projects/projects.js,11,js,9a2fcb41,Ryan Lindberg,2025-04-28,23:04:28,-07:00,2025-04-28T23:04:28-07:00,0,61
projects/projects.js,12,js,bacabadc,Ryan Lindberg,2025-04-30,21:25:56,-07:00,2025-04-30T21:25:56-07:00,0,70
projects/projects.js,13,js,5aefe64a,Ryan Lindberg,2025-04-28,20:55:23,-07:00,2025-04-28T20:55:23-07:00,0,0
projects/projects.js,14,js,bacabadc,Ryan Lindberg,2025-04-30,21:25:56,-07:00,2025-04-30T21:25:56-07:00,1,25
projects/projects.js,15,js,2214ef21,Ryan Lindberg,2025-04-28,21:39:52,-07:00,2025-04-28T21:39:52-07:00,2,35
projects/projects.js,16,js,b99e045d,Ryan Lindberg,2025-04-30,21:06:46,-07:00,2025-04-30T21:06:46-07:00,3,66
projects/projects.js,17,js,b99e045d,Ryan Lindberg,2025-04-30,21:06:46,-07:00,2025-04-30T21:06:46-07:00,3,61
projects/projects.js,18,js,b99e045d,Ryan Lindberg,2025-04-30,21:06:46,-07:00,2025-04-30T21:06:46-07:00,1,0
projects/projects.js,19,js,b99e045d,Ryan Lindberg,2025-04-30,21:06:46,-07:00,2025-04-30T21:06:46-07:00,3,25
projects/projects.js,20,js,b99e045d,Ryan Lindberg,2025-04-30,21:06:46,-07:00,2025-04-30T21:06:46-07:00,4,39
projects/projects.js,21,js,b99e045d,Ryan Lindberg,2025-04-30,21:06:46,-07:00,2025-04-30T21:06:46-07:00,3,6
projects/projects.js,22,js,bacabadc,Ryan Lindberg,2025-04-30,21:25:56,-07:00,2025-04-30T21:25:56-07:00,4,49
projects/projects.js,23,js,b99e045d,Ryan Lindberg,2025-04-30,21:06:46,-07:00,2025-04-30T21:06:46-07:00,4,47
projects/projects.js,24,js,b99e045d,Ryan Lindberg,2025-04-30,21:06:46,-07:00,2025-04-30T21:06:46-07:00,4,79
projects/projects.js,25,js,b99e045d,Ryan Lindberg,2025-04-30,21:06:46,-07:00,2025-04-30T21:06:46-07:00,3,0
projects/projects.js,26,js,2214ef21,Ryan Lindberg,2025-04-28,21:39:52,-07:00,2025-04-28T21:39:52-07:00,2,1
projects/projects.js,27,js,b99e045d,Ryan Lindberg,2025-04-30,21:06:46,-07:00,2025-04-30T21:06:46-07:00,1,0
projects/projects.js,28,js,b99e045d,Ryan Lindberg,2025-04-30,21:06:46,-07:00,2025-04-30T21:06:46-07:00,1,0
projects/projects.js,29,js,2214ef21,Ryan Lindberg,2025-04-28,21:39:52,-07:00,2025-04-28T21:39:52-07:00,0,0
projects/projects.js,30,js,2214ef21,Ryan Lindberg,2025-04-28,21:39:52,-07:00,2025-04-28T21:39:52-07:00,0,31
projects/projects.js,31,js,2214ef21,Ryan Lindberg,2025-04-28,21:39:52,-07:00,2025-04-28T21:39:52-07:00,0,38
projects/projects.js,32,js,88330efb,Ryan Lindberg,2025-04-28,20:20:05,-07:00,2025-04-28T20:20:05-07:00,0,0
projects/projects.js,33,js,2214ef21,Ryan Lindberg,2025-04-28,21:39:52,-07:00,2025-04-28T21:39:52-07:00,2,24
projects/projects.js,34,js,2214ef21,Ryan Lindberg,2025-04-28,21:39:52,-07:00,2025-04-28T21:39:52-07:00,2,26
projects/projects.js,35,js,2214ef21,Ryan Lindberg,2025-04-28,21:39:52,-07:00,2025-04-28T21:39:52-07:00,4,12
projects/projects.js,36,js,2214ef21,Ryan Lindberg,2025-04-28,21:39:52,-07:00,2025-04-28T21:39:52-07:00,4,14
projects/projects.js,37,js,2214ef21,Ryan Lindberg,2025-04-28,21:39:52,-07:00,2025-04-28T21:39:52-07:00,4,12
projects/projects.js,38,js,2214ef21,Ryan Lindberg,2025-04-28,21:39:52,-07:00,2025-04-28T21:39:52-07:00,2,0
projects/projects.js,39,js,0b594d32,Ryan Lindberg,2025-04-28,19:33:26,-07:00,2025-04-28T19:33:26-07:00,0,0
projects/projects.js,40,js,2214ef21,Ryan Lindberg,2025-04-28,21:39:52,-07:00,2025-04-28T21:39:52-07:00,2,45
projects/projects.js,41,js,2214ef21,Ryan Lindberg,2025-04-28,21:39:52,-07:00,2025-04-28T21:39:52-07:00,4,11
projects/projects.js,42,js,2214ef21,Ryan Lindberg,2025-04-28,21:39:52,-07:00,2025-04-28T21:39:52-07:00,4,10
projects/projects.js,43,js,2214ef21,Ryan Lindberg,2025-04-28,21:39:52,-07:00,2025-04-28T21:39:52-07:00,2,2
projects/projects.js,44,js,4e9be098,Ryan Lindberg,2025-04-28,19:38:51,-07:00,2025-04-28T19:38:51-07:00,0,0
projects/projects.js,45,js,bacabadc,Ryan Lindberg,2025-04-30,21:25:56,-07:00,2025-04-30T21:25:56-07:00,2,13
projects/projects.js,46,js,89e2a8f1,Ryan Lindberg,2025-04-30,21:48:00,-07:00,2025-04-30T21:48:00-07:00,2,47
projects/projects.js,47,js,bacabadc,Ryan Lindberg,2025-04-30,21:25:56,-07:00,2025-04-30T21:25:56-07:00,0,0
projects/projects.js,48,js,2214ef21,Ryan Lindberg,2025-04-28,21:39:52,-07:00,2025-04-28T21:39:52-07:00,2,28
projects/projects.js,49,js,2214ef21,Ryan Lindberg,2025-04-28,21:39:52,-07:00,2025-04-28T21:39:52-07:00,2,28
projects/projects.js,50,js,ea1e2ba8,Ryan Lindberg,2025-04-28,19:50:59,-07:00,2025-04-28T19:50:59-07:00,0,0
projects/projects.js,51,js,2214ef21,Ryan Lindberg,2025-04-28,21:39:52,-07:00,2025-04-28T21:39:52-07:00,2,57
projects/projects.js,52,js,2214ef21,Ryan Lindberg,2025-04-28,21:39:52,-07:00,2025-04-28T21:39:52-07:00,2,50
projects/projects.js,53,js,2214ef21,Ryan Lindberg,2025-04-28,21:39:52,-07:00,2025-04-28T21:39:52-07:00,2,33
projects/projects.js,54,js,2214ef21,Ryan Lindberg,2025-04-28,21:39:52,-07:00,2025-04-28T21:39:52-07:00,2,45
projects/projects.js,55,js,e32ab843,Ryan Lindberg,2026-04-02,22:04:04,-07:00,2026-04-02T22:04:04-07:00,2,84
projects/projects.js,56,js,2214ef21,Ryan Lindberg,2025-04-28,21:39:52,-07:00,2025-04-28T21:39:52-07:00,0,0
projects/projects.js,57,js,2214ef21,Ryan Lindberg,2025-04-28,21:39:52,-07:00,2025-04-28T21:39:52-07:00,2,21
projects/projects.js,58,js,2214ef21,Ryan Lindberg,2025-04-28,21:39:52,-07:00,2025-04-28T21:39:52-07:00,2,40
projects/projects.js,59,js,2214ef21,Ryan Lindberg,2025-04-28,21:39:52,-07:00,2025-04-28T21:39:52-07:00,2,29
projects/projects.js,60,js,2214ef21,Ryan Lindberg,2025-04-28,21:39:52,-07:00,2025-04-28T21:39:52-07:00,0,0
projects/projects.js,61,js,9a2fcb41,Ryan Lindberg,2025-04-28,23:04:28,-07:00,2025-04-28T23:04:28-07:00,2,24
projects/projects.js,62,js,9a2fcb41,Ryan Lindberg,2025-04-28,23:04:28,-07:00,2025-04-28T23:04:28-07:00,2,32
projects/projects.js,63,js,9a2fcb41,Ryan Lindberg,2025-04-28,23:04:28,-07:00,2025-04-28T23:04:28-07:00,2,30
projects/projects.js,64,js,11e5b5e5,Ryan Lindberg,2025-04-28,22:54:50,-07:00,2025-04-28T22:54:50-07:00,0,0
projects/projects.js,65,js,2214ef21,Ryan Lindberg,2025-04-28,21:39:52,-07:00,2025-04-28T21:39:52-07:00,2,26
projects/projects.js,66,js,2214ef21,Ryan Lindberg,2025-04-28,21:39:52,-07:00,2025-04-28T21:39:52-07:00,4,16
projects/projects.js,67,js,2214ef21,Ryan Lindberg,2025-04-28,21:39:52,-07:00,2025-04-28T21:39:52-07:00,6,13
projects/projects.js,68,js,11e5b5e5,Ryan Lindberg,2025-04-28,22:54:50,-07:00,2025-04-28T22:54:50-07:00,6,24
projects/projects.js,69,js,89e2a8f1,Ryan Lindberg,2025-04-30,21:48:00,-07:00,2025-04-30T21:48:00-07:00,6,91
projects/projects.js,70,js,11e5b5e5,Ryan Lindberg,2025-04-28,22:54:50,-07:00,2025-04-28T22:54:50-07:00,6,18
projects/projects.js,71,js,89e2a8f1,Ryan Lindberg,2025-04-30,21:48:00,-07:00,2025-04-30T21:48:00-07:00,8,34
projects/projects.js,72,js,89e2a8f1,Ryan Lindberg,2025-04-30,21:48:00,-07:00,2025-04-30T21:48:00-07:00,8,64
projects/projects.js,73,js,89e2a8f1,Ryan Lindberg,2025-04-30,21:48:00,-07:00,2025-04-30T21:48:00-07:00,8,81
projects/projects.js,74,js,89e2a8f1,Ryan Lindberg,2025-04-30,21:48:00,-07:00,2025-04-30T21:48:00-07:00,7,0
projects/projects.js,75,js,89e2a8f1,Ryan Lindberg,2025-04-30,21:48:00,-07:00,2025-04-30T21:48:00-07:00,8,30
projects/projects.js,76,js,89e2a8f1,Ryan Lindberg,2025-04-30,21:48:00,-07:00,2025-04-30T21:48:00-07:00,8,48
projects/projects.js,77,js,89e2a8f1,Ryan Lindberg,2025-04-30,21:48:00,-07:00,2025-04-30T21:48:00-07:00,8,52
projects/projects.js,78,js,617d18d2,Ryan Lindberg,2025-05-10,10:03:24,-07:00,2025-05-10T10:03:24-07:00,8,19
projects/projects.js,79,js,89e2a8f1,Ryan Lindberg,2025-04-30,21:48:00,-07:00,2025-04-30T21:48:00-07:00,7,1
projects/projects.js,80,js,2214ef21,Ryan Lindberg,2025-04-28,21:39:52,-07:00,2025-04-28T21:39:52-07:00,2,1
projects/projects.js,81,js,2214ef21,Ryan Lindberg,2025-04-28,21:39:52,-07:00,2025-04-28T21:39:52-07:00,0,0
projects/projects.js,82,js,2214ef21,Ryan Lindberg,2025-04-28,21:39:52,-07:00,2025-04-28T21:39:52-07:00,2,16
projects/projects.js,83,js,2214ef21,Ryan Lindberg,2025-04-28,21:39:52,-07:00,2025-04-28T21:39:52-07:00,2,24
projects/projects.js,84,js,2214ef21,Ryan Lindberg,2025-04-28,21:39:52,-07:00,2025-04-28T21:39:52-07:00,4,17
projects/projects.js,85,js,2214ef21,Ryan Lindberg,2025-04-28,21:39:52,-07:00,2025-04-28T21:39:52-07:00,6,38
projects/projects.js,86,js,9a2fcb41,Ryan Lindberg,2025-04-28,23:04:28,-07:00,2025-04-28T23:04:28-07:00,6,76
projects/projects.js,87,js,2214ef21,Ryan Lindberg,2025-04-28,21:39:52,-07:00,2025-04-28T21:39:52-07:00,6,69
projects/projects.js,88,js,2214ef21,Ryan Lindberg,2025-04-28,21:39:52,-07:00,2025-04-28T21:39:52-07:00,2,1
projects/projects.js,89,js,2214ef21,Ryan Lindberg,2025-04-28,21:39:52,-07:00,2025-04-28T21:39:52-07:00,0,0
projects/projects.js,90,js,2214ef21,Ryan Lindberg,2025-04-28,21:39:52,-07:00,2025-04-28T21:39:52-07:00,0,0
projects/projects.js,91,js,617d18d2,Ryan Lindberg,2025-05-10,10:03:24,-07:00,2025-05-10T10:03:24-07:00,0,29
projects/projects.js,92,js,617d18d2,Ryan Lindberg,2025-05-10,10:03:24,-07:00,2025-05-10T10:03:24-07:00,2,61
projects/projects.js,93,js,617d18d2,Ryan Lindberg,2025-05-10,10:03:24,-07:00,2025-05-10T10:03:24-07:00,2,69
projects/projects.js,94,js,617d18d2,Ryan Lindberg,2025-05-10,10:03:24,-07:00,2025-05-10T10:03:24-07:00,2,44
projects/projects.js,95,js,617d18d2,Ryan Lindberg,2025-05-10,10:03:24,-07:00,2025-05-10T10:03:24-07:00,2,17
projects/projects.js,96,js,617d18d2,Ryan Lindberg,2025-05-10,10:03:24,-07:00,2025-05-10T10:03:24-07:00,4,54
projects/projects.js,97,js,617d18d2,Ryan Lindberg,2025-05-10,10:03:24,-07:00,2025-05-10T10:03:24-07:00,2,0
projects/projects.js,98,js,617d18d2,Ryan Lindberg,2025-05-10,10:03:24,-07:00,2025-05-10T10:03:24-07:00,0,0
projects/projects.js,99,js,617d18d2,Ryan Lindberg,2025-05-10,10:03:24,-07:00,2025-05-10T10:03:24-07:00,0,0
projects/projects.js,100,js,2214ef21,Ryan Lindberg,2025-04-28,21:39:52,-07:00,2025-04-28T21:39:52-07:00,0,15
projects/projects.js,101,js,2214ef21,Ryan Lindberg,2025-04-28,21:39:52,-07:00,2025-04-28T21:39:52-07:00,0,48
projects/projects.js,102,js,617d18d2,Ryan Lindberg,2025-05-10,10:03:24,-07:00,2025-05-10T10:03:24-07:00,0,19
projects/projects.js,103,js,f2fe91b7,Ryan Lindberg,2025-05-09,10:13:01,-07:00,2025-05-09T10:13:01-07:00,0,0
projects/projects.js,104,js,2214ef21,Ryan Lindberg,2025-04-28,21:39:52,-07:00,2025-04-28T21:39:52-07:00,0,23
projects/projects.js,105,js,88330efb,Ryan Lindberg,2025-04-28,20:20:05,-07:00,2025-04-28T20:20:05-07:00,0,0
projects/projects.js,106,js,617d18d2,Ryan Lindberg,2025-05-10,10:03:24,-07:00,2025-05-10T10:03:24-07:00,0,30
projects/projects.js,107,js,2214ef21,Ryan Lindberg,2025-04-28,21:39:52,-07:00,2025-04-28T21:39:52-07:00,0,48
projects/projects.js,108,js,2214ef21,Ryan Lindberg,2025-04-28,21:39:52,-07:00,2025-04-28T21:39:52-07:00,2,25
projects/projects.js,109,js,b99e045d,Ryan Lindberg,2025-04-30,21:06:46,-07:00,2025-04-30T21:06:46-07:00,2,30
projects/projects.js,110,js,b99e045d,Ryan Lindberg,2025-04-30,21:06:46,-07:00,2025-04-30T21:06:46-07:00,2,48
projects/projects.js,111,js,89e2a8f1,Ryan Lindberg,2025-04-30,21:48:00,-07:00,2025-04-30T21:48:00-07:00,2,23
projects/projects.js,112,js,617d18d2,Ryan Lindberg,2025-05-10,10:03:24,-07:00,2025-05-10T10:03:24-07:00,2,19
projects/projects.js,113,js,617d18d2,Ryan Lindberg,2025-05-10,10:03:24,-07:00,2025-05-10T10:03:24-07:00,0,0
projects/projects.js,114,js,b99e045d,Ryan Lindberg,2025-04-30,21:06:46,-07:00,2025-04-30T21:06:46-07:00,1,1
projects/projects.js,115,js,b99e045d,Ryan Lindberg,2025-04-30,21:06:46,-07:00,2025-04-30T21:06:46-07:00,1,0
projects/index.html,1,html,c48eaab6,Ryan Lindberg,2025-04-02,16:54:27,-07:00,2025-04-02T16:54:27-07:00,0,13
projects/index.html,2,html,c48eaab6,Ryan Lindberg,2025-04-02,16:54:27,-07:00,2025-04-02T16:54:27-07:00,0,14
projects/index.html,3,html,329a9696,Ryan Lindberg,2025-04-28,21:55:18,-07:00,2025-04-28T21:55:18-07:00,0,0
projects/index.html,4,html,c48eaab6,Ryan Lindberg,2025-04-02,16:54:27,-07:00,2025-04-02T16:54:27-07:00,0,4
projects/index.html,5,html,c48eaab6,Ryan Lindberg,2025-04-02,16:54:27,-07:00,2025-04-02T16:54:27-07:00,2,20
projects/index.html,6,html,c48eaab6,Ryan Lindberg,2025-04-02,16:54:27,-07:00,2025-04-02T16:54:27-07:00,2,68
projects/index.html,7,html,e32ab843,Ryan Lindberg,2026-04-02,22:04:04,-07:00,2026-04-02T22:04:04-07:00,2,27
projects/index.html,8,html,f0e6d523,Ryan Lindberg,2025-06-11,23:46:16,-07:00,2025-06-11T23:46:16-07:00,2,41
projects/index.html,9,html,c48eaab6,Ryan Lindberg,2025-04-02,16:54:27,-07:00,2025-04-02T16:54:27-07:00,0,5
projects/index.html,10,html,5cc178da,Ryan Lindberg,2025-04-02,17:21:31,-07:00,2025-04-02T17:21:31-07:00,0,0
projects/index.html,11,html,c48eaab6,Ryan Lindberg,2025-04-02,16:54:27,-07:00,2025-04-02T16:54:27-07:00,0,4
projects/index.html,12,html,e32ab843,Ryan Lindberg,2026-04-02,22:04:04,-07:00,2026-04-02T22:04:04-07:00,2,37
projects/index.html,13,html,0b594d32,Ryan Lindberg,2025-04-28,19:33:26,-07:00,2025-04-28T19:33:26-07:00,0,0
projects/index.html,14,html,e32ab843,Ryan Lindberg,2026-04-02,22:04:04,-07:00,2026-04-02T22:04:04-07:00,2,23
projects/index.html,15,html,e32ab843,Ryan Lindberg,2026-04-02,22:04:04,-07:00,2026-04-02T22:04:04-07:00,4,38
projects/index.html,16,html,1d30113a,Ryan Lindberg,2025-04-28,23:13:18,-07:00,2025-04-28T23:13:18-07:00,2,4
projects/index.html,17,html,1d30113a,Ryan Lindberg,2025-04-28,23:13:18,-07:00,2025-04-28T23:13:18-07:00,0,0
projects/index.html,18,html,e32ab843,Ryan Lindberg,2026-04-02,22:04:04,-07:00,2026-04-02T22:04:04-07:00,2,50
projects/index.html,19,html,e32ab843,Ryan Lindberg,2026-04-02,22:04:04,-07:00,2026-04-02T22:04:04-07:00,4,18
projects/index.html,20,html,e32ab843,Ryan Lindberg,2026-04-02,22:04:04,-07:00,2026-04-02T22:04:04-07:00,6,27
projects/index.html,21,html,e32ab843,Ryan Lindberg,2026-04-02,22:04:04,-07:00,2026-04-02T22:04:04-07:00,8,28
projects/index.html,22,html,e32ab843,Ryan Lindberg,2026-04-02,22:04:04,-07:00,2026-04-02T22:04:04-07:00,10,33
projects/index.html,23,html,e32ab843,Ryan Lindberg,2026-04-02,22:04:04,-07:00,2026-04-02T22:04:04-07:00,10,31
projects/index.html,24,html,e32ab843,Ryan Lindberg,2026-04-02,22:04:04,-07:00,2026-04-02T22:04:04-07:00,10,31
projects/index.html,25,html,e32ab843,Ryan Lindberg,2026-04-02,22:04:04,-07:00,2026-04-02T22:04:04-07:00,8,5
projects/index.html,26,html,e32ab843,Ryan Lindberg,2026-04-02,22:04:04,-07:00,2026-04-02T22:04:04-07:00,8,50
projects/index.html,27,html,e32ab843,Ryan Lindberg,2026-04-02,22:04:04,-07:00,2026-04-02T22:04:04-07:00,6,4
projects/index.html,28,html,e32ab843,Ryan Lindberg,2026-04-02,22:04:04,-07:00,2026-04-02T22:04:04-07:00,6,23
projects/index.html,29,html,e32ab843,Ryan Lindberg,2026-04-02,22:04:04,-07:00,2026-04-02T22:04:04-07:00,8,74
projects/index.html,30,html,e32ab843,Ryan Lindberg,2026-04-02,22:04:04,-07:00,2026-04-02T22:04:04-07:00,10,58
projects/index.html,31,html,e32ab843,Ryan Lindberg,2026-04-02,22:04:04,-07:00,2026-04-02T22:04:04-07:00,10,22
projects/index.html,32,html,e32ab843,Ryan Lindberg,2026-04-02,22:04:04,-07:00,2026-04-02T22:04:04-07:00,8,4
projects/index.html,33,html,e32ab843,Ryan Lindberg,2026-04-02,22:04:04,-07:00,2026-04-02T22:04:04-07:00,6,4
projects/index.html,34,html,e32ab843,Ryan Lindberg,2026-04-02,22:04:04,-07:00,2026-04-02T22:04:04-07:00,4,4
projects/index.html,35,html,e32ab843,Ryan Lindberg,2026-04-02,22:04:04,-07:00,2026-04-02T22:04:04-07:00,0,0
projects/index.html,36,html,e32ab843,Ryan Lindberg,2026-04-02,22:04:04,-07:00,2026-04-02T22:04:04-07:00,4,32
projects/index.html,37,html,e32ab843,Ryan Lindberg,2026-04-02,22:04:04,-07:00,2026-04-02T22:04:04-07:00,6,27
projects/index.html,38,html,e32ab843,Ryan Lindberg,2026-04-02,22:04:04,-07:00,2026-04-02T22:04:04-07:00,8,28
projects/index.html,39,html,e32ab843,Ryan Lindberg,2026-04-02,22:04:04,-07:00,2026-04-02T22:04:04-07:00,10,33
projects/index.html,40,html,e32ab843,Ryan Lindberg,2026-04-02,22:04:04,-07:00,2026-04-02T22:04:04-07:00,10,31
projects/index.html,41,html,e32ab843,Ryan Lindberg,2026-04-02,22:04:04,-07:00,2026-04-02T22:04:04-07:00,10,31
projects/index.html,42,html,e32ab843,Ryan Lindberg,2026-04-02,22:04:04,-07:00,2026-04-02T22:04:04-07:00,8,5
projects/index.html,43,html,e32ab843,Ryan Lindberg,2026-04-02,22:04:04,-07:00,2026-04-02T22:04:04-07:00,8,38
projects/index.html,44,html,e32ab843,Ryan Lindberg,2026-04-02,22:04:04,-07:00,2026-04-02T22:04:04-07:00,6,4
projects/index.html,45,html,e32ab843,Ryan Lindberg,2026-04-02,22:04:04,-07:00,2026-04-02T22:04:04-07:00,6,23
projects/index.html,46,html,e32ab843,Ryan Lindberg,2026-04-02,22:04:04,-07:00,2026-04-02T22:04:04-07:00,8,29
projects/index.html,47,html,e32ab843,Ryan Lindberg,2026-04-02,22:04:04,-07:00,2026-04-02T22:04:04-07:00,10,37
projects/index.html,48,html,e32ab843,Ryan Lindberg,2026-04-02,22:04:04,-07:00,2026-04-02T22:04:04-07:00,10,101
projects/index.html,49,html,e32ab843,Ryan Lindberg,2026-04-02,22:04:04,-07:00,2026-04-02T22:04:04-07:00,8,4
projects/index.html,50,html,e32ab843,Ryan Lindberg,2026-04-02,22:04:04,-07:00,2026-04-02T22:04:04-07:00,6,4
projects/index.html,51,html,e32ab843,Ryan Lindberg,2026-04-02,22:04:04,-07:00,2026-04-02T22:04:04-07:00,6,47
projects/index.html,52,html,e32ab843,Ryan Lindberg,2026-04-02,22:04:04,-07:00,2026-04-02T22:04:04-07:00,4,4
projects/index.html,53,html,1d30113a,Ryan Lindberg,2025-04-28,23:13:18,-07:00,2025-04-28T23:13:18-07:00,2,4
projects/index.html,54,html,11e5b5e5,Ryan Lindberg,2025-04-28,22:54:50,-07:00,2025-04-28T22:54:50-07:00,0,0
projects/index.html,55,html,f2fe91b7,Ryan Lindberg,2025-05-09,10:13:01,-07:00,2025-05-09T10:13:01-07:00,2,26
projects/index.html,56,html,1d30113a,Ryan Lindberg,2025-04-28,23:13:18,-07:00,2025-04-28T23:13:18-07:00,0,0
projects/index.html,57,html,f0e6d523,Ryan Lindberg,2025-06-11,23:46:16,-07:00,2025-06-11T23:46:16-07:00,2,48
projects/index.html,58,html,e7987652,Ryan Lindberg,2025-04-23,20:17:19,-07:00,2025-04-23T20:17:19-07:00,2,49
projects/index.html,59,html,e973df73,Ryan Lindberg,2026-04-03,17:15:09,-07:00,2026-04-03T17:15:09-07:00,2,53
projects/index.html,60,html,c48eaab6,Ryan Lindberg,2025-04-02,16:54:27,-07:00,2025-04-02T16:54:27-07:00,0,5
projects/index.html,61,html,329a9696,Ryan Lindberg,2025-04-28,21:55:18,-07:00,2025-04-28T21:55:18-07:00,0,0
projects/index.html,62,html,e32ab843,Ryan Lindberg,2026-04-02,22:04:04,-07:00,2026-04-02T22:04:04-07:00,0,5
meta/main.js,1,js,7bf2fa77,Ryan Lindberg,2025-05-08,10:39:57,-07:00,2025-05-08T10:39:57-07:00,0,63
meta/main.js,2,js,7bf2fa77,Ryan Lindberg,2025-05-08,10:39:57,-07:00,2025-05-08T10:39:57-07:00,0,0
meta/main.js,3,js,fd02e76a,Ryan Lindberg,2025-05-08,17:22:39,-07:00,2025-05-08T17:22:39-07:00,0,13
meta/main.js,4,js,8a5daeef,Ryan Lindberg,2025-05-08,22:07:10,-07:00,2025-05-08T22:07:10-07:00,0,89
meta/main.js,5,js,fd02e76a,Ryan Lindberg,2025-05-08,17:22:39,-07:00,2025-05-08T17:22:39-07:00,0,0
meta/main.js,6,js,7bf2fa77,Ryan Lindberg,2025-05-08,10:39:57,-07:00,2025-05-08T10:39:57-07:00,0,25
meta/main.js,7,js,7bf2fa77,Ryan Lindberg,2025-05-08,10:39:57,-07:00,2025-05-08T10:39:57-07:00,2,46
meta/main.js,8,js,7bf2fa77,Ryan Lindberg,2025-05-08,10:39:57,-07:00,2025-05-08T10:39:57-07:00,4,5
meta/main.js,9,js,e973df73,Ryan Lindberg,2026-04-03,17:15:09,-07:00,2026-04-03T17:15:09-07:00,4,21
meta/main.js,10,js,7bf2fa77,Ryan Lindberg,2025-05-08,10:39:57,-07:00,2025-05-08T10:39:57-07:00,4,23
meta/main.js,11,js,7bf2fa77,Ryan Lindberg,2025-05-08,10:39:57,-07:00,2025-05-08T10:39:57-07:00,4,25
meta/main.js,12,js,7bf2fa77,Ryan Lindberg,2025-05-08,10:39:57,-07:00,2025-05-08T10:39:57-07:00,4,49
meta/main.js,13,js,7bf2fa77,Ryan Lindberg,2025-05-08,10:39:57,-07:00,2025-05-08T10:39:57-07:00,4,31
meta/main.js,14,js,7bf2fa77,Ryan Lindberg,2025-05-08,10:39:57,-07:00,2025-05-08T10:39:57-07:00,2,2
meta/main.js,15,js,7bf2fa77,Ryan Lindberg,2025-05-08,10:39:57,-07:00,2025-05-08T10:39:57-07:00,2,10
meta/main.js,16,js,7bf2fa77,Ryan Lindberg,2025-05-08,10:39:57,-07:00,2025-05-08T10:39:57-07:00,0,0
meta/main.js,17,js,e973df73,Ryan Lindberg,2026-04-03,17:15:09,-07:00,2026-04-03T17:15:09-07:00,0,0
meta/main.js,18,js,7bf2fa77,Ryan Lindberg,2025-05-08,10:39:57,-07:00,2025-05-08T10:39:57-07:00,0,29
meta/main.js,19,js,7bf2fa77,Ryan Lindberg,2025-05-08,10:39:57,-07:00,2025-05-08T10:39:57-07:00,2,7
meta/main.js,20,js,7bf2fa77,Ryan Lindberg,2025-05-08,10:39:57,-07:00,2025-05-08T10:39:57-07:00,4,28
meta/main.js,21,js,7bf2fa77,Ryan Lindberg,2025-05-08,10:39:57,-07:00,2025-05-08T10:39:57-07:00,4,25
meta/main.js,22,js,7bf2fa77,Ryan Lindberg,2025-05-08,10:39:57,-07:00,2025-05-08T10:39:57-07:00,6,19
meta/main.js,23,js,7bf2fa77,Ryan Lindberg,2025-05-08,10:39:57,-07:00,2025-05-08T10:39:57-07:00,6,53
meta/main.js,24,js,7bf2fa77,Ryan Lindberg,2025-05-08,10:39:57,-07:00,2025-05-08T10:39:57-07:00,6,9
meta/main.js,25,js,7bf2fa77,Ryan Lindberg,2025-05-08,10:39:57,-07:00,2025-05-08T10:39:57-07:00,8,9
meta/main.js,26,js,fd02e76a,Ryan Lindberg,2025-05-08,17:22:39,-07:00,2025-05-08T17:22:39-07:00,8,66
meta/main.js,27,js,7bf2fa77,Ryan Lindberg,2025-05-08,10:39:57,-07:00,2025-05-08T10:39:57-07:00,8,5
meta/main.js,28,js,7bf2fa77,Ryan Lindberg,2025-05-08,10:39:57,-07:00,2025-05-08T10:39:57-07:00,8,3
meta/main.js,29,js,7bf2fa77,Ryan Lindberg,2025-05-08,10:39:57,-07:00,2025-05-08T10:39:57-07:00,8,3
meta/main.js,30,js,7bf2fa77,Ryan Lindberg,2025-05-08,10:39:57,-07:00,2025-05-08T10:39:57-07:00,8,7
meta/main.js,31,js,7bf2fa77,Ryan Lindberg,2025-05-08,10:39:57,-07:00,2025-05-08T10:39:57-07:00,8,7
meta/main.js,32,js,7bf2fa77,Ryan Lindberg,2025-05-08,10:39:57,-07:00,2025-05-08T10:39:57-07:00,8,57
meta/main.js,33,js,7bf2fa77,Ryan Lindberg,2025-05-08,10:39:57,-07:00,2025-05-08T10:39:57-07:00,8,23
meta/main.js,34,js,7bf2fa77,Ryan Lindberg,2025-05-08,10:39:57,-07:00,2025-05-08T10:39:57-07:00,6,0
meta/main.js,35,js,7bf2fa77,Ryan Lindberg,2025-05-08,10:39:57,-07:00,2025-05-08T10:39:57-07:00,6,35
meta/main.js,36,js,7bf2fa77,Ryan Lindberg,2025-05-08,10:39:57,-07:00,2025-05-08T10:39:57-07:00,8,11
meta/main.js,37,js,e973df73,Ryan Lindberg,2026-04-03,17:15:09,-07:00,2026-04-03T17:15:09-07:00,8,16
meta/main.js,38,js,e973df73,Ryan Lindberg,2026-04-03,17:15:09,-07:00,2026-04-03T17:15:09-07:00,8,14
meta/main.js,39,js,e973df73,Ryan Lindberg,2026-04-03,17:15:09,-07:00,2026-04-03T17:15:09-07:00,8,18
meta/main.js,40,js,fd02e76a,Ryan Lindberg,2025-05-08,17:22:39,-07:00,2025-05-08T17:22:39-07:00,6,1
meta/main.js,41,js,7bf2fa77,Ryan Lindberg,2025-05-08,10:39:57,-07:00,2025-05-08T10:39:57-07:00,6,9
meta/main.js,42,js,9e3fe55e,Ryan Lindberg,2025-06-11,23:22:44,-07:00,2025-06-11T23:22:44-07:00,4,1
meta/main.js,43,js,7bf2fa77,Ryan Lindberg,2025-05-08,10:39:57,-07:00,2025-05-08T10:39:57-07:00,0,0
meta/main.js,44,js,7bf2fa77,Ryan Lindberg,2025-05-08,10:39:57,-07:00,2025-05-08T10:39:57-07:00,0,0
meta/main.js,45,js,e973df73,Ryan Lindberg,2026-04-03,17:15:09,-07:00,2026-04-03T17:15:09-07:00,0,40
meta/main.js,46,js,3f515d95,Ryan Lindberg,2025-05-08,22:27:13,-07:00,2025-05-08T22:27:13-07:00,2,27
meta/main.js,47,js,fd02e76a,Ryan Lindberg,2025-05-08,17:22:39,-07:00,2025-05-08T17:22:39-07:00,2,65
meta/main.js,48,js,54860c5f,Ryan Lindberg,2025-05-08,18:07:12,-07:00,2025-05-08T18:07:12-07:00,0,0
meta/main.js,49,js,fd02e76a,Ryan Lindberg,2025-05-08,17:22:39,-07:00,2025-05-08T17:22:39-07:00,2,30
meta/main.js,50,js,e973df73,Ryan Lindberg,2026-04-03,17:15:09,-07:00,2026-04-03T17:15:09-07:00,2,35
meta/main.js,51,js,fd02e76a,Ryan Lindberg,2025-05-08,17:22:39,-07:00,2025-05-08T17:22:39-07:00,0,0
meta/main.js,52,js,e973df73,Ryan Lindberg,2026-04-03,17:15:09,-07:00,2026-04-03T17:15:09-07:00,2,36
meta/main.js,53,js,fd02e76a,Ryan Lindberg,2025-05-08,17:22:39,-07:00,2025-05-08T17:22:39-07:00,2,32
meta/main.js,54,js,fd02e76a,Ryan Lindberg,2025-05-08,17:22:39,-07:00,2025-05-08T17:22:39-07:00,0,0
meta/main.js,55,js,fd02e76a,Ryan Lindberg,2025-05-08,17:22:39,-07:00,2025-05-08T17:22:39-07:00,2,29
meta/main.js,56,js,fd02e76a,Ryan Lindberg,2025-05-08,17:22:39,-07:00,2025-05-08T17:22:39-07:00,4,3
meta/main.js,57,js,fd02e76a,Ryan Lindberg,2025-05-08,17:22:39,-07:00,2025-05-08T17:22:39-07:00,4,30
meta/main.js,58,js,fd02e76a,Ryan Lindberg,2025-05-08,17:22:39,-07:00,2025-05-08T17:22:39-07:00,4,12
meta/main.js,59,js,fd02e76a,Ryan Lindberg,2025-05-08,17:22:39,-07:00,2025-05-08T17:22:39-07:00,2,0
meta/main.js,60,js,fd02e76a,Ryan Lindberg,2025-05-08,17:22:39,-07:00,2025-05-08T17:22:39-07:00,0,0
meta/main.js,61,js,fd02e76a,Ryan Lindberg,2025-05-08,17:22:39,-07:00,2025-05-08T17:22:39-07:00,2,63
meta/main.js,62,js,fd02e76a,Ryan Lindberg,2025-05-08,17:22:39,-07:00,2025-05-08T17:22:39-07:00,2,58
meta/main.js,63,js,fd02e76a,Ryan Lindberg,2025-05-08,17:22:39,-07:00,2025-05-08T17:22:39-07:00,0,0
meta/main.js,64,js,e973df73,Ryan Lindberg,2026-04-03,17:15:09,-07:00,2026-04-03T17:15:09-07:00,2,40
meta/main.js,65,js,fd02e76a,Ryan Lindberg,2025-05-08,17:22:39,-07:00,2025-05-08T17:22:39-07:00,2,34
meta/main.js,66,js,fd02e76a,Ryan Lindberg,2025-05-08,17:22:39,-07:00,2025-05-08T17:22:39-07:00,0,0
meta/main.js,67,js,fd02e76a,Ryan Lindberg,2025-05-08,17:22:39,-07:00,2025-05-08T17:22:39-07:00,2,34
meta/main.js,68,js,e973df73,Ryan Lindberg,2026-04-03,17:15:09,-07:00,2026-04-03T17:15:09-07:00,2,50
meta/main.js,69,js,fd02e76a,Ryan Lindberg,2025-05-08,17:22:39,-07:00,2025-05-08T17:22:39-07:00,0,0
meta/main.js,70,js,fd02e76a,Ryan Lindberg,2025-05-08,17:22:39,-07:00,2025-05-08T17:22:39-07:00,2,28
meta/main.js,71,js,fb3aa9ed,Ryan Lindberg,2025-05-08,18:24:12,-07:00,2025-05-08T18:24:12-07:00,2,56
meta/main.js,72,js,54860c5f,Ryan Lindberg,2025-05-08,18:07:12,-07:00,2025-05-08T18:07:12-07:00,0,0
meta/main.js,73,js,e973df73,Ryan Lindberg,2026-04-03,17:15:09,-07:00,2026-04-03T17:15:09-07:00,2,34
meta/main.js,74,js,e973df73,Ryan Lindberg,2026-04-03,17:15:09,-07:00,2026-04-03T17:15:09-07:00,2,87
meta/main.js,75,js,6f785ac5,Ryan Lindberg,2025-05-08,22:05:48,-07:00,2025-05-08T22:05:48-07:00,0,0
meta/main.js,76,js,9962748b,Ryan Lindberg,2025-05-30,12:49:24,-07:00,2025-05-30T12:49:24-07:00,0,0
meta/main.js,77,js,e973df73,Ryan Lindberg,2026-04-03,17:15:09,-07:00,2026-04-03T17:15:09-07:00,0,73
meta/main.js,78,js,3f515d95,Ryan Lindberg,2025-05-08,22:27:13,-07:00,2025-05-08T22:27:13-07:00,0,0
meta/main.js,79,js,e973df73,Ryan Lindberg,2026-04-03,17:15:09,-07:00,2026-04-03T17:15:09-07:00,0,35
meta/main.js,80,js,e973df73,Ryan Lindberg,2026-04-03,17:15:09,-07:00,2026-04-03T17:15:09-07:00,2,42
meta/main.js,81,js,ca13ee46,Ryan Lindberg,2025-05-30,18:17:59,-07:00,2025-05-30T18:17:59-07:00,0,0
meta/main.js,82,js,52913e6e,Ryan Lindberg,2025-05-30,13:11:14,-07:00,2025-05-30T13:11:14-07:00,2,12
meta/main.js,83,js,52913e6e,Ryan Lindberg,2025-05-30,13:11:14,-07:00,2025-05-30T13:11:14-07:00,4,27
meta/main.js,84,js,e973df73,Ryan Lindberg,2026-04-03,17:15:09,-07:00,2026-04-03T17:15:09-07:00,4,55
meta/main.js,85,js,ca13ee46,Ryan Lindberg,2025-05-30,18:17:59,-07:00,2025-05-30T18:17:59-07:00,4,47
meta/main.js,86,js,52913e6e,Ryan Lindberg,2025-05-30,13:11:14,-07:00,2025-05-30T13:11:14-07:00,0,0
meta/main.js,87,js,52913e6e,Ryan Lindberg,2025-05-30,13:11:14,-07:00,2025-05-30T13:11:14-07:00,2,21
meta/main.js,88,js,52913e6e,Ryan Lindberg,2025-05-30,13:11:14,-07:00,2025-05-30T13:11:14-07:00,4,15
meta/main.js,89,js,ca13ee46,Ryan Lindberg,2025-05-30,18:17:59,-07:00,2025-05-30T18:17:59-07:00,4,26
meta/main.js,90,js,ca13ee46,Ryan Lindberg,2025-05-30,18:17:59,-07:00,2025-05-30T18:17:59-07:00,4,25
meta/main.js,91,js,52913e6e,Ryan Lindberg,2025-05-30,13:11:14,-07:00,2025-05-30T13:11:14-07:00,4,4
meta/main.js,92,js,52913e6e,Ryan Lindberg,2025-05-30,13:11:14,-07:00,2025-05-30T13:11:14-07:00,6,8
meta/main.js,93,js,52913e6e,Ryan Lindberg,2025-05-30,13:11:14,-07:00,2025-05-30T13:11:14-07:00,8,17
meta/main.js,94,js,ca13ee46,Ryan Lindberg,2025-05-30,18:17:59,-07:00,2025-05-30T18:17:59-07:00,10,26
meta/main.js,95,js,52913e6e,Ryan Lindberg,2025-05-30,13:11:14,-07:00,2025-05-30T13:11:14-07:00,10,14
meta/main.js,96,js,52913e6e,Ryan Lindberg,2025-05-30,13:11:14,-07:00,2025-05-30T13:11:14-07:00,12,26
meta/main.js,97,js,ca13ee46,Ryan Lindberg,2025-05-30,18:17:59,-07:00,2025-05-30T18:17:59-07:00,12,16
meta/main.js,98,js,e973df73,Ryan Lindberg,2026-04-03,17:15:09,-07:00,2026-04-03T17:15:09-07:00,12,17
meta/main.js,99,js,ca13ee46,Ryan Lindberg,2025-05-30,18:17:59,-07:00,2025-05-30T18:17:59-07:00,12,15
meta/main.js,100,js,52913e6e,Ryan Lindberg,2025-05-30,13:11:14,-07:00,2025-05-30T13:11:14-07:00,10,1
meta/main.js,101,js,52913e6e,Ryan Lindberg,2025-05-30,13:11:14,-07:00,2025-05-30T13:11:14-07:00,4,0
meta/main.js,102,js,52913e6e,Ryan Lindberg,2025-05-30,13:11:14,-07:00,2025-05-30T13:11:14-07:00,0,0
meta/main.js,103,js,52913e6e,Ryan Lindberg,2025-05-30,13:11:14,-07:00,2025-05-30T13:11:14-07:00,2,53
meta/main.js,104,js,52913e6e,Ryan Lindberg,2025-05-30,13:11:14,-07:00,2025-05-30T13:11:14-07:00,2,73
meta/main.js,105,js,52913e6e,Ryan Lindberg,2025-05-30,13:11:14,-07:00,2025-05-30T13:11:14-07:00,0,0
meta/main.js,106,js,52913e6e,Ryan Lindberg,2025-05-30,13:11:14,-07:00,2025-05-30T13:11:14-07:00,2,25
meta/main.js,107,js,e973df73,Ryan Lindberg,2026-04-03,17:15:09,-07:00,2026-04-03T17:15:09-07:00,4,22
meta/main.js,108,js,e973df73,Ryan Lindberg,2026-04-03,17:15:09,-07:00,2026-04-03T17:15:09-07:00,6,13
meta/main.js,109,js,e973df73,Ryan Lindberg,2026-04-03,17:15:09,-07:00,2026-04-03T17:15:09-07:00,8,19
meta/main.js,110,js,e973df73,Ryan Lindberg,2026-04-03,17:15:09,-07:00,2026-04-03T17:15:09-07:00,8,16
meta/main.js,111,js,e973df73,Ryan Lindberg,2026-04-03,17:15:09,-07:00,2026-04-03T17:15:09-07:00,8,10
meta/main.js,112,js,ca13ee46,Ryan Lindberg,2025-05-30,18:17:59,-07:00,2025-05-30T18:17:59-07:00,8,19
meta/main.js,113,js,e973df73,Ryan Lindberg,2026-04-03,17:15:09,-07:00,2026-04-03T17:15:09-07:00,8,58
meta/main.js,114,js,52913e6e,Ryan Lindberg,2025-05-30,13:11:14,-07:00,2025-05-30T13:11:14-07:00,4,1
meta/main.js,115,js,52913e6e,Ryan Lindberg,2025-05-30,13:11:14,-07:00,2025-05-30T13:11:14-07:00,0,0
meta/main.js,116,js,52913e6e,Ryan Lindberg,2025-05-30,13:11:14,-07:00,2025-05-30T13:11:14-07:00,0,0
meta/main.js,117,js,e973df73,Ryan Lindberg,2026-04-03,17:15:09,-07:00,2026-04-03T17:15:09-07:00,0,5
meta/main.js,118,js,e973df73,Ryan Lindberg,2026-04-03,17:15:09,-07:00,2026-04-03T17:15:09-07:00,0,28
meta/main.js,119,js,e973df73,Ryan Lindberg,2026-04-03,17:15:09,-07:00,2026-04-03T17:15:09-07:00,0,35
meta/main.js,120,js,54860c5f,Ryan Lindberg,2025-05-08,18:07:12,-07:00,2025-05-08T18:07:12-07:00,0,0
meta/main.js,121,js,e973df73,Ryan Lindberg,2026-04-03,17:15:09,-07:00,2026-04-03T17:15:09-07:00,0,30
meta/main.js,122,js,e973df73,Ryan Lindberg,2026-04-03,17:15:09,-07:00,2026-04-03T17:15:09-07:00,0,25
meta/index.html,1,html,7bf2fa77,Ryan Lindberg,2025-05-08,10:39:57,-07:00,2025-05-08T10:39:57-07:00,0,13
meta/index.html,2,html,7bf2fa77,Ryan Lindberg,2025-05-08,10:39:57,-07:00,2025-05-08T10:39:57-07:00,0,14
meta/index.html,3,html,7bf2fa77,Ryan Lindberg,2025-05-08,10:39:57,-07:00,2025-05-08T10:39:57-07:00,0,0
meta/index.html,4,html,7bf2fa77,Ryan Lindberg,2025-05-08,10:39:57,-07:00,2025-05-08T10:39:57-07:00,0,4
meta/index.html,5,html,7bf2fa77,Ryan Lindberg,2025-05-08,10:39:57,-07:00,2025-05-08T10:39:57-07:00,2,20
meta/index.html,6,html,7bf2fa77,Ryan Lindberg,2025-05-08,10:39:57,-07:00,2025-05-08T10:39:57-07:00,2,68
meta/index.html,7,html,e32ab843,Ryan Lindberg,2026-04-02,22:04:04,-07:00,2026-04-02T22:04:04-07:00,2,23
meta/index.html,8,html,94a6cb29,Ryan Lindberg,2025-05-21,17:43:53,-07:00,2025-05-21T17:43:53-07:00,2,41
meta/index.html,9,html,7bf2fa77,Ryan Lindberg,2025-05-08,10:39:57,-07:00,2025-05-08T10:39:57-07:00,0,5
meta/index.html,10,html,f09f5860,Ryan Lindberg,2025-05-08,20:02:56,-07:00,2025-05-08T20:02:56-07:00,0,0
meta/index.html,11,html,7bf2fa77,Ryan Lindberg,2025-05-08,10:39:57,-07:00,2025-05-08T10:39:57-07:00,0,4
meta/index.html,12,html,e32ab843,Ryan Lindberg,2026-04-02,22:04:04,-07:00,2026-04-02T22:04:04-07:00,2,37
meta/index.html,13,html,e32ab843,Ryan Lindberg,2026-04-02,22:04:04,-07:00,2026-04-02T22:04:04-07:00,0,0
meta/index.html,14,html,e32ab843,Ryan Lindberg,2026-04-02,22:04:04,-07:00,2026-04-02T22:04:04-07:00,2,23
meta/index.html,15,html,e32ab843,Ryan Lindberg,2026-04-02,22:04:04,-07:00,2026-04-02T22:04:04-07:00,4,22
meta/index.html,16,html,e32ab843,Ryan Lindberg,2026-04-02,22:04:04,-07:00,2026-04-02T22:04:04-07:00,4,57
meta/index.html,17,html,752645fe,Ryan Lindberg,2025-05-21,17:04:15,-07:00,2025-05-21T17:04:15-07:00,2,4
meta/index.html,18,html,f09f5860,Ryan Lindberg,2025-05-08,20:02:56,-07:00,2025-05-08T20:02:56-07:00,0,0
meta/index.html,19,html,e32ab843,Ryan Lindberg,2026-04-02,22:04:04,-07:00,2026-04-02T22:04:04-07:00,2,18
meta/index.html,20,html,e32ab843,Ryan Lindberg,2026-04-02,22:04:04,-07:00,2026-04-02T22:04:04-07:00,4,27
meta/index.html,21,html,e32ab843,Ryan Lindberg,2026-04-02,22:04:04,-07:00,2026-04-02T22:04:04-07:00,6,28
meta/index.html,22,html,e32ab843,Ryan Lindberg,2026-04-02,22:04:04,-07:00,2026-04-02T22:04:04-07:00,8,33
meta/index.html,23,html,e32ab843,Ryan Lindberg,2026-04-02,22:04:04,-07:00,2026-04-02T22:04:04-07:00,8,31
meta/index.html,24,html,e32ab843,Ryan Lindberg,2026-04-02,22:04:04,-07:00,2026-04-02T22:04:04-07:00,8,31
meta/index.html,25,html,e32ab843,Ryan Lindberg,2026-04-02,22:04:04,-07:00,2026-04-02T22:04:04-07:00,6,5
meta/index.html,26,html,e32ab843,Ryan Lindberg,2026-04-02,22:04:04,-07:00,2026-04-02T22:04:04-07:00,6,45
meta/index.html,27,html,e32ab843,Ryan Lindberg,2026-04-02,22:04:04,-07:00,2026-04-02T22:04:04-07:00,4,4
meta/index.html,28,html,e32ab843,Ryan Lindberg,2026-04-02,22:04:04,-07:00,2026-04-02T22:04:04-07:00,4,23
meta/index.html,29,html,e32ab843,Ryan Lindberg,2026-04-02,22:04:04,-07:00,2026-04-02T22:04:04-07:00,6,20
meta/index.html,30,html,e32ab843,Ryan Lindberg,2026-04-02,22:04:04,-07:00,2026-04-02T22:04:04-07:00,4,4
meta/index.html,31,html,fd02e76a,Ryan Lindberg,2025-05-08,17:22:39,-07:00,2025-05-08T17:22:39-07:00,2,4
meta/index.html,32,html,e32ab843,Ryan Lindberg,2026-04-02,22:04:04,-07:00,2026-04-02T22:04:04-07:00,0,0
meta/index.html,33,html,e32ab843,Ryan Lindberg,2026-04-02,22:04:04,-07:00,2026-04-02T22:04:04-07:00,2,18
meta/index.html,34,html,e32ab843,Ryan Lindberg,2026-04-02,22:04:04,-07:00,2026-04-02T22:04:04-07:00,4,27
meta/index.html,35,html,e32ab843,Ryan Lindberg,2026-04-02,22:04:04,-07:00,2026-04-02T22:04:04-07:00,6,28
meta/index.html,36,html,e32ab843,Ryan Lindberg,2026-04-02,22:04:04,-07:00,2026-04-02T22:04:04-07:00,8,33
meta/index.html,37,html,e32ab843,Ryan Lindberg,2026-04-02,22:04:04,-07:00,2026-04-02T22:04:04-07:00,8,31
meta/index.html,38,html,e32ab843,Ryan Lindberg,2026-04-02,22:04:04,-07:00,2026-04-02T22:04:04-07:00,8,31
meta/index.html,39,html,e32ab843,Ryan Lindberg,2026-04-02,22:04:04,-07:00,2026-04-02T22:04:04-07:00,6,5
meta/index.html,40,html,e32ab843,Ryan Lindberg,2026-04-02,22:04:04,-07:00,2026-04-02T22:04:04-07:00,6,46
meta/index.html,41,html,ca13ee46,Ryan Lindberg,2025-05-30,18:17:59,-07:00,2025-05-30T18:17:59-07:00,4,4
meta/index.html,42,html,e32ab843,Ryan Lindberg,2026-04-02,22:04:04,-07:00,2026-04-02T22:04:04-07:00,4,23
meta/index.html,43,html,e32ab843,Ryan Lindberg,2026-04-02,22:04:04,-07:00,2026-04-02T22:04:04-07:00,6,18
meta/index.html,44,html,e32ab843,Ryan Lindberg,2026-04-02,22:04:04,-07:00,2026-04-02T22:04:04-07:00,4,4
meta/index.html,45,html,e32ab843,Ryan Lindberg,2026-04-02,22:04:04,-07:00,2026-04-02T22:04:04-07:00,2,4
meta/index.html,46,html,e32ab843,Ryan Lindberg,2026-04-02,22:04:04,-07:00,2026-04-02T22:04:04-07:00,0,0
meta/index.html,47,html,f0e6d523,Ryan Lindberg,2025-06-11,23:46:16,-07:00,2025-06-11T23:46:16-07:00,2,48
meta/index.html,48,html,82fb8e2a,Ryan Lindberg,2025-05-08,10:46:41,-07:00,2025-05-08T10:46:41-07:00,2,43
meta/index.html,49,html,e973df73,Ryan Lindberg,2026-04-03,17:15:09,-07:00,2026-04-03T17:15:09-07:00,2,53
meta/index.html,50,html,7bf2fa77,Ryan Lindberg,2025-05-08,10:39:57,-07:00,2025-05-08T10:39:57-07:00,0,5
meta/index.html,51,html,f09f5860,Ryan Lindberg,2025-05-08,20:02:56,-07:00,2025-05-08T20:02:56-07:00,0,0
meta/index.html,52,html,e32ab843,Ryan Lindberg,2026-04-02,22:04:04,-07:00,2026-04-02T22:04:04-07:00,0,5
contact/index.html,1,html,c48eaab6,Ryan Lindberg,2025-04-02,16:54:27,-07:00,2025-04-02T16:54:27-07:00,0,13
contact/index.html,2,html,c48eaab6,Ryan Lindberg,2025-04-02,16:54:27,-07:00,2025-04-02T16:54:27-07:00,0,14
contact/index.html,3,html,329a9696,Ryan Lindberg,2025-04-28,21:55:18,-07:00,2025-04-28T21:55:18-07:00,0,0
contact/index.html,4,html,c48eaab6,Ryan Lindberg,2025-04-02,16:54:27,-07:00,2025-04-02T16:54:27-07:00,0,4
contact/index.html,5,html,c48eaab6,Ryan Lindberg,2025-04-02,16:54:27,-07:00,2025-04-02T16:54:27-07:00,2,20
contact/index.html,6,html,c48eaab6,Ryan Lindberg,2025-04-02,16:54:27,-07:00,2025-04-02T16:54:27-07:00,2,68
contact/index.html,7,html,e32ab843,Ryan Lindberg,2026-04-02,22:04:04,-07:00,2026-04-02T22:04:04-07:00,2,26
contact/index.html,8,html,f0e6d523,Ryan Lindberg,2025-06-11,23:46:16,-07:00,2025-06-11T23:46:16-07:00,2,41
contact/index.html,9,html,c48eaab6,Ryan Lindberg,2025-04-02,16:54:27,-07:00,2025-04-02T16:54:27-07:00,0,5
contact/index.html,10,html,5cc178da,Ryan Lindberg,2025-04-02,17:21:31,-07:00,2025-04-02T17:21:31-07:00,0,0
contact/index.html,11,html,822198d4,Ryan Lindberg,2025-07-08,21:21:21,-07:00,2025-07-08T21:21:21-07:00,0,25
contact/index.html,12,html,e32ab843,Ryan Lindberg,2026-04-02,22:04:04,-07:00,2026-04-02T22:04:04-07:00,2,37
contact/index.html,13,html,aa7308cb,Ryan Lindberg,2025-06-12,00:10:32,-07:00,2025-06-12T00:10:32-07:00,0,0
contact/index.html,14,html,e32ab843,Ryan Lindberg,2026-04-02,22:04:04,-07:00,2026-04-02T22:04:04-07:00,2,23
contact/index.html,15,html,e32ab843,Ryan Lindberg,2026-04-02,22:04:04,-07:00,2026-04-02T22:04:04-07:00,4,14
contact/index.html,16,html,e32ab843,Ryan Lindberg,2026-04-02,22:04:04,-07:00,2026-04-02T22:04:04-07:00,4,45
contact/index.html,17,html,e32ab843,Ryan Lindberg,2026-04-02,22:04:04,-07:00,2026-04-02T22:04:04-07:00,2,4
contact/index.html,18,html,e32ab843,Ryan Lindberg,2026-04-02,22:04:04,-07:00,2026-04-02T22:04:04-07:00,0,0
contact/index.html,19,html,e32ab843,Ryan Lindberg,2026-04-02,22:04:04,-07:00,2026-04-02T22:04:04-07:00,2,44
contact/index.html,20,html,e32ab843,Ryan Lindberg,2026-04-02,22:04:04,-07:00,2026-04-02T22:04:04-07:00,4,27
contact/index.html,21,html,e32ab843,Ryan Lindberg,2026-04-02,22:04:04,-07:00,2026-04-02T22:04:04-07:00,6,28
contact/index.html,22,html,e32ab843,Ryan Lindberg,2026-04-02,22:04:04,-07:00,2026-04-02T22:04:04-07:00,8,33
contact/index.html,23,html,e32ab843,Ryan Lindberg,2026-04-02,22:04:04,-07:00,2026-04-02T22:04:04-07:00,8,31
contact/index.html,24,html,e32ab843,Ryan Lindberg,2026-04-02,22:04:04,-07:00,2026-04-02T22:04:04-07:00,8,31
contact/index.html,25,html,e32ab843,Ryan Lindberg,2026-04-02,22:04:04,-07:00,2026-04-02T22:04:04-07:00,6,5
contact/index.html,26,html,e32ab843,Ryan Lindberg,2026-04-02,22:04:04,-07:00,2026-04-02T22:04:04-07:00,6,44
contact/index.html,27,html,e32ab843,Ryan Lindberg,2026-04-02,22:04:04,-07:00,2026-04-02T22:04:04-07:00,4,4
contact/index.html,28,html,e32ab843,Ryan Lindberg,2026-04-02,22:04:04,-07:00,2026-04-02T22:04:04-07:00,4,23
contact/index.html,29,html,e32ab843,Ryan Lindberg,2026-04-02,22:04:04,-07:00,2026-04-02T22:04:04-07:00,6,60
contact/index.html,30,html,e32ab843,Ryan Lindberg,2026-04-02,22:04:04,-07:00,2026-04-02T22:04:04-07:00,8,82
contact/index.html,31,html,e32ab843,Ryan Lindberg,2026-04-02,22:04:04,-07:00,2026-04-02T22:04:04-07:00,0,0
contact/index.html,32,html,e32ab843,Ryan Lindberg,2026-04-02,22:04:04,-07:00,2026-04-02T22:04:04-07:00,8,5
contact/index.html,33,html,e32ab843,Ryan Lindberg,2026-04-02,22:04:04,-07:00,2026-04-02T22:04:04-07:00,10,3
contact/index.html,34,html,e32ab843,Ryan Lindberg,2026-04-02,22:04:04,-07:00,2026-04-02T22:04:04-07:00,10,65
contact/index.html,35,html,e32ab843,Ryan Lindberg,2026-04-02,22:04:04,-07:00,2026-04-02T22:04:04-07:00,8,6
contact/index.html,36,html,e32ab843,Ryan Lindberg,2026-04-02,22:04:04,-07:00,2026-04-02T22:04:04-07:00,0,0
contact/index.html,37,html,e32ab843,Ryan Lindberg,2026-04-02,22:04:04,-07:00,2026-04-02T22:04:04-07:00,8,5
contact/index.html,38,html,e32ab843,Ryan Lindberg,2026-04-02,22:04:04,-07:00,2026-04-02T22:04:04-07:00,10,4
contact/index.html,39,html,e32ab843,Ryan Lindberg,2026-04-02,22:04:04,-07:00,2026-04-02T22:04:04-07:00,10,72
contact/index.html,40,html,e32ab843,Ryan Lindberg,2026-04-02,22:04:04,-07:00,2026-04-02T22:04:04-07:00,8,6
contact/index.html,41,html,b00f08c2,Ryan Lindberg,2025-06-11,23:27:26,-07:00,2025-06-11T23:27:26-07:00,0,0
contact/index.html,42,html,e32ab843,Ryan Lindberg,2026-04-02,22:04:04,-07:00,2026-04-02T22:04:04-07:00,8,5
contact/index.html,43,html,e32ab843,Ryan Lindberg,2026-04-02,22:04:04,-07:00,2026-04-02T22:04:04-07:00,10,6
contact/index.html,44,html,e32ab843,Ryan Lindberg,2026-04-02,22:04:04,-07:00,2026-04-02T22:04:04-07:00,10,83
contact/index.html,45,html,e32ab843,Ryan Lindberg,2026-04-02,22:04:04,-07:00,2026-04-02T22:04:04-07:00,8,6
contact/index.html,46,html,e32ab843,Ryan Lindberg,2026-04-02,22:04:04,-07:00,2026-04-02T22:04:04-07:00,0,0
contact/index.html,47,html,e32ab843,Ryan Lindberg,2026-04-02,22:04:04,-07:00,2026-04-02T22:04:04-07:00,8,15
contact/index.html,48,html,e32ab843,Ryan Lindberg,2026-04-02,22:04:04,-07:00,2026-04-02T22:04:04-07:00,8,53
contact/index.html,49,html,e32ab843,Ryan Lindberg,2026-04-02,22:04:04,-07:00,2026-04-02T22:04:04-07:00,8,73
contact/index.html,50,html,e32ab843,Ryan Lindberg,2026-04-02,22:04:04,-07:00,2026-04-02T22:04:04-07:00,0,0
contact/index.html,51,html,e32ab843,Ryan Lindberg,2026-04-02,22:04:04,-07:00,2026-04-02T22:04:04-07:00,8,56
contact/index.html,52,html,e32ab843,Ryan Lindberg,2026-04-02,22:04:04,-07:00,2026-04-02T22:04:04-07:00,6,5
contact/index.html,53,html,e32ab843,Ryan Lindberg,2026-04-02,22:04:04,-07:00,2026-04-02T22:04:04-07:00,4,4
contact/index.html,54,html,e32ab843,Ryan Lindberg,2026-04-02,22:04:04,-07:00,2026-04-02T22:04:04-07:00,4,60
contact/index.html,55,html,e32ab843,Ryan Lindberg,2026-04-02,22:04:04,-07:00,2026-04-02T22:04:04-07:00,2,4
contact/index.html,56,html,e32ab843,Ryan Lindberg,2026-04-02,22:04:04,-07:00,2026-04-02T22:04:04-07:00,0,0
contact/index.html,57,html,e32ab843,Ryan Lindberg,2026-04-02,22:04:04,-07:00,2026-04-02T22:04:04-07:00,2,48
contact/index.html,58,html,e973df73,Ryan Lindberg,2026-04-03,17:15:09,-07:00,2026-04-03T17:15:09-07:00,2,53
contact/index.html,59,html,c48eaab6,Ryan Lindberg,2025-04-02,16:54:27,-07:00,2025-04-02T16:54:27-07:00,0,5
contact/index.html,60,html,329a9696,Ryan Lindberg,2025-04-28,21:55:18,-07:00,2025-04-28T21:55:18-07:00,0,0
contact/index.html,61,html,e32ab843,Ryan Lindberg,2026-04-02,22:04:04,-07:00,2026-04-02T22:04:04-07:00,0,5
blog/index.html,1,html,965947bf,Ryan Lindberg,2025-06-13,18:59:55,-07:00,2025-06-13T18:59:55-07:00,0,13
blog/index.html,2,html,965947bf,Ryan Lindberg,2025-06-13,18:59:55,-07:00,2025-06-13T18:59:55-07:00,0,14
blog/index.html,3,html,965947bf,Ryan Lindberg,2025-06-13,18:59:55,-07:00,2025-06-13T18:59:55-07:00,0,0
blog/index.html,4,html,965947bf,Ryan Lindberg,2025-06-13,18:59:55,-07:00,2025-06-13T18:59:55-07:00,0,4
blog/index.html,5,html,965947bf,Ryan Lindberg,2025-06-13,18:59:55,-07:00,2025-06-13T18:59:55-07:00,2,20
blog/index.html,6,html,965947bf,Ryan Lindberg,2025-06-13,18:59:55,-07:00,2025-06-13T18:59:55-07:00,2,68
blog/index.html,7,html,e32ab843,Ryan Lindberg,2026-04-02,22:04:04,-07:00,2026-04-02T22:04:04-07:00,2,23
blog/index.html,8,html,66b577a4,Ryan Lindberg,2025-07-08,21:23:28,-07:00,2025-07-08T21:23:28-07:00,2,41
blog/index.html,9,html,66b577a4,Ryan Lindberg,2025-07-08,21:23:28,-07:00,2025-07-08T21:23:28-07:00,2,48
blog/index.html,10,html,965947bf,Ryan Lindberg,2025-06-13,18:59:55,-07:00,2025-06-13T18:59:55-07:00,2,43
blog/index.html,11,html,e973df73,Ryan Lindberg,2026-04-03,17:15:09,-07:00,2026-04-03T17:15:09-07:00,2,53
blog/index.html,12,html,965947bf,Ryan Lindberg,2025-06-13,18:59:55,-07:00,2025-06-13T18:59:55-07:00,0,5
blog/index.html,13,html,965947bf,Ryan Lindberg,2025-06-13,18:59:55,-07:00,2025-06-13T18:59:55-07:00,0,0
blog/index.html,14,html,965947bf,Ryan Lindberg,2025-06-13,18:59:55,-07:00,2025-06-13T18:59:55-07:00,0,22
blog/index.html,15,html,e32ab843,Ryan Lindberg,2026-04-02,22:04:04,-07:00,2026-04-02T22:04:04-07:00,2,37
blog/index.html,16,html,965947bf,Ryan Lindberg,2025-06-13,18:59:55,-07:00,2025-06-13T18:59:55-07:00,0,0
blog/index.html,17,html,e32ab843,Ryan Lindberg,2026-04-02,22:04:04,-07:00,2026-04-02T22:04:04-07:00,2,23
blog/index.html,18,html,e32ab843,Ryan Lindberg,2026-04-02,22:04:04,-07:00,2026-04-02T22:04:04-07:00,4,11
blog/index.html,19,html,e32ab843,Ryan Lindberg,2026-04-02,22:04:04,-07:00,2026-04-02T22:04:04-07:00,4,50
blog/index.html,20,html,e32ab843,Ryan Lindberg,2026-04-02,22:04:04,-07:00,2026-04-02T22:04:04-07:00,2,4
blog/index.html,21,html,e32ab843,Ryan Lindberg,2026-04-02,22:04:04,-07:00,2026-04-02T22:04:04-07:00,0,0
blog/index.html,22,html,e32ab843,Ryan Lindberg,2026-04-02,22:04:04,-07:00,2026-04-02T22:04:04-07:00,2,18
blog/index.html,23,html,e32ab843,Ryan Lindberg,2026-04-02,22:04:04,-07:00,2026-04-02T22:04:04-07:00,4,27
blog/index.html,24,html,e32ab843,Ryan Lindberg,2026-04-02,22:04:04,-07:00,2026-04-02T22:04:04-07:00,6,28
blog/index.html,25,html,e32ab843,Ryan Lindberg,2026-04-02,22:04:04,-07:00,2026-04-02T22:04:04-07:00,8,33
blog/index.html,26,html,e32ab843,Ryan Lindberg,2026-04-02,22:04:04,-07:00,2026-04-02T22:04:04-07:00,8,31
blog/index.html,27,html,e32ab843,Ryan Lindberg,2026-04-02,22:04:04,-07:00,2026-04-02T22:04:04-07:00,8,31
blog/index.html,28,html,e32ab843,Ryan Lindberg,2026-04-02,22:04:04,-07:00,2026-04-02T22:04:04-07:00,6,5
blog/index.html,29,html,e32ab843,Ryan Lindberg,2026-04-02,22:04:04,-07:00,2026-04-02T22:04:04-07:00,6,50
blog/index.html,30,html,965947bf,Ryan Lindberg,2025-06-13,18:59:55,-07:00,2025-06-13T18:59:55-07:00,4,4
blog/index.html,31,html,e32ab843,Ryan Lindberg,2026-04-02,22:04:04,-07:00,2026-04-02T22:04:04-07:00,4,23
blog/index.html,32,html,e32ab843,Ryan Lindberg,2026-04-02,22:04:04,-07:00,2026-04-02T22:04:04-07:00,6,25
blog/index.html,33,html,e32ab843,Ryan Lindberg,2026-04-02,22:04:04,-07:00,2026-04-02T22:04:04-07:00,8,31
blog/index.html,34,html,e32ab843,Ryan Lindberg,2026-04-02,22:04:04,-07:00,2026-04-02T22:04:04-07:00,10,41
blog/index.html,35,html,e32ab843,Ryan Lindberg,2026-04-02,22:04:04,-07:00,2026-04-02T22:04:04-07:00,10,17
blog/index.html,36,html,e32ab843,Ryan Lindberg,2026-04-02,22:04:04,-07:00,2026-04-02T22:04:04-07:00,12,36
blog/index.html,37,html,e32ab843,Ryan Lindberg,2026-04-02,22:04:04,-07:00,2026-04-02T22:04:04-07:00,12,40
blog/index.html,38,html,e32ab843,Ryan Lindberg,2026-04-02,22:04:04,-07:00,2026-04-02T22:04:04-07:00,12,42
blog/index.html,39,html,9797df12,Ryan Lindberg,2026-05-15,02:21:00,-07:00,2026-05-15T02:21:00-07:00,12,32
blog/index.html,40,html,e32ab843,Ryan Lindberg,2026-04-02,22:04:04,-07:00,2026-04-02T22:04:04-07:00,10,4
blog/index.html,41,html,e32ab843,Ryan Lindberg,2026-04-02,22:04:04,-07:00,2026-04-02T22:04:04-07:00,8,4
blog/index.html,42,html,e32ab843,Ryan Lindberg,2026-04-02,22:04:04,-07:00,2026-04-02T22:04:04-07:00,8,31
blog/index.html,43,html,e32ab843,Ryan Lindberg,2026-04-02,22:04:04,-07:00,2026-04-02T22:04:04-07:00,10,41
blog/index.html,44,html,e32ab843,Ryan Lindberg,2026-04-02,22:04:04,-07:00,2026-04-02T22:04:04-07:00,10,17
blog/index.html,45,html,e32ab843,Ryan Lindberg,2026-04-02,22:04:04,-07:00,2026-04-02T22:04:04-07:00,12,34
blog/index.html,46,html,e32ab843,Ryan Lindberg,2026-04-02,22:04:04,-07:00,2026-04-02T22:04:04-07:00,12,37
blog/index.html,47,html,e32ab843,Ryan Lindberg,2026-04-02,22:04:04,-07:00,2026-04-02T22:04:04-07:00,10,4
blog/index.html,48,html,e32ab843,Ryan Lindberg,2026-04-02,22:04:04,-07:00,2026-04-02T22:04:04-07:00,8,4
blog/index.html,49,html,965947bf,Ryan Lindberg,2025-06-13,18:59:55,-07:00,2025-06-13T18:59:55-07:00,6,4
blog/index.html,50,html,965947bf,Ryan Lindberg,2025-06-13,18:59:55,-07:00,2025-06-13T18:59:55-07:00,4,4
blog/index.html,51,html,965947bf,Ryan Lindberg,2025-06-13,18:59:55,-07:00,2025-06-13T18:59:55-07:00,2,4
blog/index.html,52,html,965947bf,Ryan Lindberg,2025-06-13,18:59:55,-07:00,2025-06-13T18:59:55-07:00,0,0
blog/index.html,53,html,e32ab843,Ryan Lindberg,2026-04-02,22:04:04,-07:00,2026-04-02T22:04:04-07:00,2,29
blog/index.html,54,html,965947bf,Ryan Lindberg,2025-06-13,18:59:55,-07:00,2025-06-13T18:59:55-07:00,0,0
blog/index.html,55,html,e32ab843,Ryan Lindberg,2026-04-02,22:04:04,-07:00,2026-04-02T22:04:04-07:00,2,18
blog/index.html,56,html,e32ab843,Ryan Lindberg,2026-04-02,22:04:04,-07:00,2026-04-02T22:04:04-07:00,4,27
blog/index.html,57,html,e32ab843,Ryan Lindberg,2026-04-02,22:04:04,-07:00,2026-04-02T22:04:04-07:00,6,28
blog/index.html,58,html,e32ab843,Ryan Lindberg,2026-04-02,22:04:04,-07:00,2026-04-02T22:04:04-07:00,8,33
blog/index.html,59,html,e32ab843,Ryan Lindberg,2026-04-02,22:04:04,-07:00,2026-04-02T22:04:04-07:00,8,31
blog/index.html,60,html,e32ab843,Ryan Lindberg,2026-04-02,22:04:04,-07:00,2026-04-02T22:04:04-07:00,8,31
blog/index.html,61,html,e32ab843,Ryan Lindberg,2026-04-02,22:04:04,-07:00,2026-04-02T22:04:04-07:00,6,5
blog/index.html,62,html,e32ab843,Ryan Lindberg,2026-04-02,22:04:04,-07:00,2026-04-02T22:04:04-07:00,6,37
blog/index.html,63,html,e32ab843,Ryan Lindberg,2026-04-02,22:04:04,-07:00,2026-04-02T22:04:04-07:00,4,4
blog/index.html,64,html,e32ab843,Ryan Lindberg,2026-04-02,22:04:04,-07:00,2026-04-02T22:04:04-07:00,4,23
blog/index.html,65,html,e32ab843,Ryan Lindberg,2026-04-02,22:04:04,-07:00,2026-04-02T22:04:04-07:00,6,22
blog/index.html,66,html,e32ab843,Ryan Lindberg,2026-04-02,22:04:04,-07:00,2026-04-02T22:04:04-07:00,8,46
blog/index.html,67,html,e32ab843,Ryan Lindberg,2026-04-02,22:04:04,-07:00,2026-04-02T22:04:04-07:00,6,4
blog/index.html,68,html,e32ab843,Ryan Lindberg,2026-04-02,22:04:04,-07:00,2026-04-02T22:04:04-07:00,4,4
blog/index.html,69,html,e32ab843,Ryan Lindberg,2026-04-02,22:04:04,-07:00,2026-04-02T22:04:04-07:00,4,50
blog/index.html,70,html,965947bf,Ryan Lindberg,2025-06-13,18:59:55,-07:00,2025-06-13T18:59:55-07:00,2,4
blog/index.html,71,html,965947bf,Ryan Lindberg,2025-06-13,18:59:55,-07:00,2025-06-13T18:59:55-07:00,0,5
blog/index.html,72,html,965947bf,Ryan Lindberg,2025-06-13,18:59:55,-07:00,2025-06-13T18:59:55-07:00,0,0
blog/index.html,73,html,e32ab843,Ryan Lindberg,2026-04-02,22:04:04,-07:00,2026-04-02T22:04:04-07:00,0,5
blog/blog.js,1,js,965947bf,Ryan Lindberg,2025-06-13,18:59:55,-07:00,2025-06-13T18:59:55-07:00,0,39
blog/blog.js,2,js,965947bf,Ryan Lindberg,2025-06-13,18:59:55,-07:00,2025-06-13T18:59:55-07:00,0,63
blog/blog.js,3,js,965947bf,Ryan Lindberg,2025-06-13,18:59:55,-07:00,2025-06-13T18:59:55-07:00,0,0
blog/blog.js,4,js,965947bf,Ryan Lindberg,2025-06-13,18:59:55,-07:00,2025-06-13T18:59:55-07:00,0,47
blog/blog.js,5,js,965947bf,Ryan Lindberg,2025-06-13,18:59:55,-07:00,2025-06-13T18:59:55-07:00,0,58
blog/blog.js,6,js,965947bf,Ryan Lindberg,2025-06-13,18:59:55,-07:00,2025-06-13T18:59:55-07:00,0,0
blog/blog.js,7,js,822198d4,Ryan Lindberg,2025-07-08,21:21:21,-07:00,2025-07-08T21:21:21-07:00,0,28
blog/blog.js,8,js,822198d4,Ryan Lindberg,2025-07-08,21:21:21,-07:00,2025-07-08T21:21:21-07:00,0,0
blog/blog.js,9,js,965947bf,Ryan Lindberg,2025-06-13,18:59:55,-07:00,2025-06-13T18:59:55-07:00,0,31
blog/blog.js,10,js,965947bf,Ryan Lindberg,2025-06-13,18:59:55,-07:00,2025-06-13T18:59:55-07:00,2,32
blog/blog.js,11,js,965947bf,Ryan Lindberg,2025-06-13,18:59:55,-07:00,2025-06-13T18:59:55-07:00,2,39
blog/blog.js,12,js,965947bf,Ryan Lindberg,2025-06-13,18:59:55,-07:00,2025-06-13T18:59:55-07:00,4,15
blog/blog.js,13,js,965947bf,Ryan Lindberg,2025-06-13,18:59:55,-07:00,2025-06-13T18:59:55-07:00,4,13
blog/blog.js,14,js,965947bf,Ryan Lindberg,2025-06-13,18:59:55,-07:00,2025-06-13T18:59:55-07:00,4,13
blog/blog.js,15,js,965947bf,Ryan Lindberg,2025-06-13,18:59:55,-07:00,2025-06-13T18:59:55-07:00,2,1
blog/blog.js,16,js,965947bf,Ryan Lindberg,2025-06-13,18:59:55,-07:00,2025-06-13T18:59:55-07:00,0,0
blog/blog.js,17,js,965947bf,Ryan Lindberg,2025-06-13,18:59:55,-07:00,2025-06-13T18:59:55-07:00,0,0
blog/blog.js,18,js,822198d4,Ryan Lindberg,2025-07-08,21:21:21,-07:00,2025-07-08T21:21:21-07:00,0,22
blog/blog.js,19,js,822198d4,Ryan Lindberg,2025-07-08,21:21:21,-07:00,2025-07-08T21:21:21-07:00,2,44
blog/blog.js,20,js,822198d4,Ryan Lindberg,2025-07-08,21:21:21,-07:00,2025-07-08T21:21:21-07:00,4,4
blog/blog.js,21,js,822198d4,Ryan Lindberg,2025-07-08,21:21:21,-07:00,2025-07-08T21:21:21-07:00,4,19
blog/blog.js,22,js,822198d4,Ryan Lindberg,2025-07-08,21:21:21,-07:00,2025-07-08T21:21:21-07:00,6,49
blog/blog.js,23,js,822198d4,Ryan Lindberg,2025-07-08,21:21:21,-07:00,2025-07-08T21:21:21-07:00,4,0
blog/blog.js,24,js,822198d4,Ryan Lindberg,2025-07-08,21:21:21,-07:00,2025-07-08T21:21:21-07:00,2,0
blog/blog.js,25,js,822198d4,Ryan Lindberg,2025-07-08,21:21:21,-07:00,2025-07-08T21:21:21-07:00,2,29
blog/blog.js,26,js,822198d4,Ryan Lindberg,2025-07-08,21:21:21,-07:00,2025-07-08T21:21:21-07:00,0,0
blog/blog.js,27,js,822198d4,Ryan Lindberg,2025-07-08,21:21:21,-07:00,2025-07-08T21:21:21-07:00,0,0
blog/blog.js,28,js,822198d4,Ryan Lindberg,2025-07-08,21:21:21,-07:00,2025-07-08T21:21:21-07:00,0,46
blog/blog.js,29,js,965947bf,Ryan Lindberg,2025-06-13,18:59:55,-07:00,2025-06-13T18:59:55-07:00,2,27
blog/blog.js,30,js,965947bf,Ryan Lindberg,2025-06-13,18:59:55,-07:00,2025-06-13T18:59:55-07:00,0,0
blog/blog.js,31,js,822198d4,Ryan Lindberg,2025-07-08,21:21:21,-07:00,2025-07-08T21:21:21-07:00,2,31
blog/blog.js,32,js,822198d4,Ryan Lindberg,2025-07-08,21:21:21,-07:00,2025-07-08T21:21:21-07:00,4,51
blog/blog.js,33,js,822198d4,Ryan Lindberg,2025-07-08,21:21:21,-07:00,2025-07-08T21:21:21-07:00,4,39
blog/blog.js,34,js,822198d4,Ryan Lindberg,2025-07-08,21:21:21,-07:00,2025-07-08T21:21:21-07:00,4,73
blog/blog.js,35,js,822198d4,Ryan Lindberg,2025-07-08,21:21:21,-07:00,2025-07-08T21:21:21-07:00,4,40
blog/blog.js,36,js,822198d4,Ryan Lindberg,2025-07-08,21:21:21,-07:00,2025-07-08T21:21:21-07:00,4,5
blog/blog.js,37,js,822198d4,Ryan Lindberg,2025-07-08,21:21:21,-07:00,2025-07-08T21:21:21-07:00,2,0
blog/blog.js,38,js,822198d4,Ryan Lindberg,2025-07-08,21:21:21,-07:00,2025-07-08T21:21:21-07:00,0,0
blog/blog.js,39,js,822198d4,Ryan Lindberg,2025-07-08,21:21:21,-07:00,2025-07-08T21:21:21-07:00,2,29
blog/blog.js,40,js,965947bf,Ryan Lindberg,2025-06-13,18:59:55,-07:00,2025-06-13T18:59:55-07:00,4,52
blog/blog.js,41,js,965947bf,Ryan Lindberg,2025-06-13,18:59:55,-07:00,2025-06-13T18:59:55-07:00,4,37
blog/blog.js,42,js,965947bf,Ryan Lindberg,2025-06-13,18:59:55,-07:00,2025-06-13T18:59:55-07:00,0,0
blog/blog.js,43,js,965947bf,Ryan Lindberg,2025-06-13,18:59:55,-07:00,2025-06-13T18:59:55-07:00,4,23
blog/blog.js,44,js,965947bf,Ryan Lindberg,2025-06-13,18:59:55,-07:00,2025-06-13T18:59:55-07:00,4,41
blog/blog.js,45,js,965947bf,Ryan Lindberg,2025-06-13,18:59:55,-07:00,2025-06-13T18:59:55-07:00,4,44
blog/blog.js,46,js,965947bf,Ryan Lindberg,2025-06-13,18:59:55,-07:00,2025-06-13T18:59:55-07:00,4,25
blog/blog.js,47,js,965947bf,Ryan Lindberg,2025-06-13,18:59:55,-07:00,2025-06-13T18:59:55-07:00,4,33
blog/blog.js,48,js,965947bf,Ryan Lindberg,2025-06-13,18:59:55,-07:00,2025-06-13T18:59:55-07:00,4,27
blog/blog.js,49,js,965947bf,Ryan Lindberg,2025-06-13,18:59:55,-07:00,2025-06-13T18:59:55-07:00,0,0
blog/blog.js,50,js,965947bf,Ryan Lindberg,2025-06-13,18:59:55,-07:00,2025-06-13T18:59:55-07:00,4,15
blog/blog.js,51,js,965947bf,Ryan Lindberg,2025-06-13,18:59:55,-07:00,2025-06-13T18:59:55-07:00,4,44
blog/blog.js,52,js,965947bf,Ryan Lindberg,2025-06-13,18:59:55,-07:00,2025-06-13T18:59:55-07:00,4,31
blog/blog.js,53,js,965947bf,Ryan Lindberg,2025-06-13,18:59:55,-07:00,2025-06-13T18:59:55-07:00,4,33
blog/blog.js,54,js,965947bf,Ryan Lindberg,2025-06-13,18:59:55,-07:00,2025-06-13T18:59:55-07:00,0,0
blog/blog.js,55,js,965947bf,Ryan Lindberg,2025-06-13,18:59:55,-07:00,2025-06-13T18:59:55-07:00,4,32
blog/blog.js,56,js,965947bf,Ryan Lindberg,2025-06-13,18:59:55,-07:00,2025-06-13T18:59:55-07:00,4,54
blog/blog.js,57,js,965947bf,Ryan Lindberg,2025-06-13,18:59:55,-07:00,2025-06-13T18:59:55-07:00,4,52
blog/blog.js,58,js,965947bf,Ryan Lindberg,2025-06-13,18:59:55,-07:00,2025-06-13T18:59:55-07:00,0,0
blog/blog.js,59,js,965947bf,Ryan Lindberg,2025-06-13,18:59:55,-07:00,2025-06-13T18:59:55-07:00,4,37
blog/blog.js,60,js,965947bf,Ryan Lindberg,2025-06-13,18:59:55,-07:00,2025-06-13T18:59:55-07:00,4,28
blog/blog.js,61,js,965947bf,Ryan Lindberg,2025-06-13,18:59:55,-07:00,2025-06-13T18:59:55-07:00,6,50
blog/blog.js,62,js,965947bf,Ryan Lindberg,2025-06-13,18:59:55,-07:00,2025-06-13T18:59:55-07:00,6,42
blog/blog.js,63,js,965947bf,Ryan Lindberg,2025-06-13,18:59:55,-07:00,2025-06-13T18:59:55-07:00,6,31
blog/blog.js,64,js,965947bf,Ryan Lindberg,2025-06-13,18:59:55,-07:00,2025-06-13T18:59:55-07:00,6,42
blog/blog.js,65,js,965947bf,Ryan Lindberg,2025-06-13,18:59:55,-07:00,2025-06-13T18:59:55-07:00,4,1
blog/blog.js,66,js,965947bf,Ryan Lindberg,2025-06-13,18:59:55,-07:00,2025-06-13T18:59:55-07:00,0,0
blog/blog.js,67,js,965947bf,Ryan Lindberg,2025-06-13,18:59:55,-07:00,2025-06-13T18:59:55-07:00,4,33
blog/blog.js,68,js,965947bf,Ryan Lindberg,2025-06-13,18:59:55,-07:00,2025-06-13T18:59:55-07:00,4,41
blog/blog.js,69,js,965947bf,Ryan Lindberg,2025-06-13,18:59:55,-07:00,2025-06-13T18:59:55-07:00,4,25
blog/blog.js,70,js,965947bf,Ryan Lindberg,2025-06-13,18:59:55,-07:00,2025-06-13T18:59:55-07:00,4,43
blog/blog.js,71,js,965947bf,Ryan Lindberg,2025-06-13,18:59:55,-07:00,2025-06-13T18:59:55-07:00,4,43
blog/blog.js,72,js,965947bf,Ryan Lindberg,2025-06-13,18:59:55,-07:00,2025-06-13T18:59:55-07:00,4,68
blog/blog.js,73,js,965947bf,Ryan Lindberg,2025-06-13,18:59:55,-07:00,2025-06-13T18:59:55-07:00,0,0
blog/blog.js,74,js,965947bf,Ryan Lindberg,2025-06-13,18:59:55,-07:00,2025-06-13T18:59:55-07:00,4,20
blog/blog.js,75,js,965947bf,Ryan Lindberg,2025-06-13,18:59:55,-07:00,2025-06-13T18:59:55-07:00,4,29
blog/blog.js,76,js,965947bf,Ryan Lindberg,2025-06-13,18:59:55,-07:00,2025-06-13T18:59:55-07:00,4,31
blog/blog.js,77,js,965947bf,Ryan Lindberg,2025-06-13,18:59:55,-07:00,2025-06-13T18:59:55-07:00,4,41
blog/blog.js,78,js,965947bf,Ryan Lindberg,2025-06-13,18:59:55,-07:00,2025-06-13T18:59:55-07:00,4,28
blog/blog.js,79,js,965947bf,Ryan Lindberg,2025-06-13,18:59:55,-07:00,2025-06-13T18:59:55-07:00,0,0
blog/blog.js,80,js,965947bf,Ryan Lindberg,2025-06-13,18:59:55,-07:00,2025-06-13T18:59:55-07:00,4,37
blog/blog.js,81,js,965947bf,Ryan Lindberg,2025-06-13,18:59:55,-07:00,2025-06-13T18:59:55-07:00,2,1
blog/blog.js,82,js,822198d4,Ryan Lindberg,2025-07-08,21:21:21,-07:00,2025-07-08T21:21:21-07:00,0,0
blog/blog.js,83,js,822198d4,Ryan Lindberg,2025-07-08,21:21:21,-07:00,2025-07-08T21:21:21-07:00,0,0
blog/blog.js,84,js,822198d4,Ryan Lindberg,2025-07-08,21:21:21,-07:00,2025-07-08T21:21:21-07:00,0,27
blog/blog.js,85,js,822198d4,Ryan Lindberg,2025-07-08,21:21:21,-07:00,2025-07-08T21:21:21-07:00,2,53
blog/blog.js,86,js,822198d4,Ryan Lindberg,2025-07-08,21:21:21,-07:00,2025-07-08T21:21:21-07:00,2,0
blog/blog.js,87,js,822198d4,Ryan Lindberg,2025-07-08,21:21:21,-07:00,2025-07-08T21:21:21-07:00,2,27
blog/blog.js,88,js,822198d4,Ryan Lindberg,2025-07-08,21:21:21,-07:00,2025-07-08T21:21:21-07:00,4,36
blog/blog.js,89,js,822198d4,Ryan Lindberg,2025-07-08,21:21:21,-07:00,2025-07-08T21:21:21-07:00,6,32
blog/blog.js,90,js,822198d4,Ryan Lindberg,2025-07-08,21:21:21,-07:00,2025-07-08T21:21:21-07:00,6,0
blog/blog.js,91,js,822198d4,Ryan Lindberg,2025-07-08,21:21:21,-07:00,2025-07-08T21:21:21-07:00,6,32
blog/blog.js,92,js,822198d4,Ryan Lindberg,2025-07-08,21:21:21,-07:00,2025-07-08T21:21:21-07:00,8,29
blog/blog.js,93,js,822198d4,Ryan Lindberg,2025-07-08,21:21:21,-07:00,2025-07-08T21:21:21-07:00,8,30
blog/blog.js,94,js,822198d4,Ryan Lindberg,2025-07-08,21:21:21,-07:00,2025-07-08T21:21:21-07:00,6,6
blog/blog.js,95,js,822198d4,Ryan Lindberg,2025-07-08,21:21:21,-07:00,2025-07-08T21:21:21-07:00,8,26
blog/blog.js,96,js,822198d4,Ryan Lindberg,2025-07-08,21:21:21,-07:00,2025-07-08T21:21:21-07:00,8,27
blog/blog.js,97,js,822198d4,Ryan Lindberg,2025-07-08,21:21:21,-07:00,2025-07-08T21:21:21-07:00,6,0
blog/blog.js,98,js,822198d4,Ryan Lindberg,2025-07-08,21:21:21,-07:00,2025-07-08T21:21:21-07:00,6,0
blog/blog.js,99,js,822198d4,Ryan Lindberg,2025-07-08,21:21:21,-07:00,2025-07-08T21:21:21-07:00,6,12
blog/blog.js,100,js,822198d4,Ryan Lindberg,2025-07-08,21:21:21,-07:00,2025-07-08T21:21:21-07:00,4,1
blog/blog.js,101,js,822198d4,Ryan Lindberg,2025-07-08,21:21:21,-07:00,2025-07-08T21:21:21-07:00,2,1
blog/blog.js,102,js,822198d4,Ryan Lindberg,2025-07-08,21:21:21,-07:00,2025-07-08T21:21:21-07:00,0,0
blog/blog.js,103,js,965947bf,Ryan Lindberg,2025-06-13,18:59:55,-07:00,2025-06-13T18:59:55-07:00,0,0
blog/blog.js,104,js,822198d4,Ryan Lindberg,2025-07-08,21:21:21,-07:00,2025-07-08T21:21:21-07:00,0,11
blog/blog.js,105,js,822198d4,Ryan Lindberg,2025-07-08,21:21:21,-07:00,2025-07-08T21:21:21-07:00,0,16
blog/blog.js,106,js,822198d4,Ryan Lindberg,2025-07-08,21:21:21,-07:00,2025-07-08T21:21:21-07:00,0,17
blog/posts/fear-of-mediocrity.html,1,html,760cd8b6,Ryan Lindberg,2026-04-27,19:07:07,-07:00,2026-04-27T19:07:07-07:00,0,13
blog/posts/fear-of-mediocrity.html,2,html,760cd8b6,Ryan Lindberg,2026-04-27,19:07:07,-07:00,2026-04-27T19:07:07-07:00,0,14
blog/posts/fear-of-mediocrity.html,3,html,760cd8b6,Ryan Lindberg,2026-04-27,19:07:07,-07:00,2026-04-27T19:07:07-07:00,0,0
blog/posts/fear-of-mediocrity.html,4,html,760cd8b6,Ryan Lindberg,2026-04-27,19:07:07,-07:00,2026-04-27T19:07:07-07:00,0,4
blog/posts/fear-of-mediocrity.html,5,html,760cd8b6,Ryan Lindberg,2026-04-27,19:07:07,-07:00,2026-04-27T19:07:07-07:00,2,20
blog/posts/fear-of-mediocrity.html,6,html,760cd8b6,Ryan Lindberg,2026-04-27,19:07:07,-07:00,2026-04-27T19:07:07-07:00,2,68
blog/posts/fear-of-mediocrity.html,7,html,760cd8b6,Ryan Lindberg,2026-04-27,19:07:07,-07:00,2026-04-27T19:07:07-07:00,2,41
blog/posts/fear-of-mediocrity.html,8,html,760cd8b6,Ryan Lindberg,2026-04-27,19:07:07,-07:00,2026-04-27T19:07:07-07:00,2,44
blog/posts/fear-of-mediocrity.html,9,html,760cd8b6,Ryan Lindberg,2026-04-27,19:07:07,-07:00,2026-04-27T19:07:07-07:00,2,51
blog/posts/fear-of-mediocrity.html,10,html,760cd8b6,Ryan Lindberg,2026-04-27,19:07:07,-07:00,2026-04-27T19:07:07-07:00,2,56
blog/posts/fear-of-mediocrity.html,11,html,760cd8b6,Ryan Lindberg,2026-04-27,19:07:07,-07:00,2026-04-27T19:07:07-07:00,0,5
blog/posts/fear-of-mediocrity.html,12,html,760cd8b6,Ryan Lindberg,2026-04-27,19:07:07,-07:00,2026-04-27T19:07:07-07:00,0,0
blog/posts/fear-of-mediocrity.html,13,html,760cd8b6,Ryan Lindberg,2026-04-27,19:07:07,-07:00,2026-04-27T19:07:07-07:00,0,32
blog/posts/fear-of-mediocrity.html,14,html,760cd8b6,Ryan Lindberg,2026-04-27,19:07:07,-07:00,2026-04-27T19:07:07-07:00,2,37
blog/posts/fear-of-mediocrity.html,15,html,760cd8b6,Ryan Lindberg,2026-04-27,19:07:07,-07:00,2026-04-27T19:07:07-07:00,0,0
blog/posts/fear-of-mediocrity.html,16,html,760cd8b6,Ryan Lindberg,2026-04-27,19:07:07,-07:00,2026-04-27T19:07:07-07:00,2,23
blog/posts/fear-of-mediocrity.html,17,html,760cd8b6,Ryan Lindberg,2026-04-27,19:07:07,-07:00,2026-04-27T19:07:07-07:00,4,11
blog/posts/fear-of-mediocrity.html,18,html,760cd8b6,Ryan Lindberg,2026-04-27,19:07:07,-07:00,2026-04-27T19:07:07-07:00,4,77
blog/posts/fear-of-mediocrity.html,19,html,760cd8b6,Ryan Lindberg,2026-04-27,19:07:07,-07:00,2026-04-27T19:07:07-07:00,2,4
blog/posts/fear-of-mediocrity.html,20,html,760cd8b6,Ryan Lindberg,2026-04-27,19:07:07,-07:00,2026-04-27T19:07:07-07:00,0,0
blog/posts/fear-of-mediocrity.html,21,html,760cd8b6,Ryan Lindberg,2026-04-27,19:07:07,-07:00,2026-04-27T19:07:07-07:00,2,18
blog/posts/fear-of-mediocrity.html,22,html,760cd8b6,Ryan Lindberg,2026-04-27,19:07:07,-07:00,2026-04-27T19:07:07-07:00,4,27
blog/posts/fear-of-mediocrity.html,23,html,760cd8b6,Ryan Lindberg,2026-04-27,19:07:07,-07:00,2026-04-27T19:07:07-07:00,6,28
blog/posts/fear-of-mediocrity.html,24,html,760cd8b6,Ryan Lindberg,2026-04-27,19:07:07,-07:00,2026-04-27T19:07:07-07:00,8,33
blog/posts/fear-of-mediocrity.html,25,html,760cd8b6,Ryan Lindberg,2026-04-27,19:07:07,-07:00,2026-04-27T19:07:07-07:00,8,31
blog/posts/fear-of-mediocrity.html,26,html,760cd8b6,Ryan Lindberg,2026-04-27,19:07:07,-07:00,2026-04-27T19:07:07-07:00,8,31
blog/posts/fear-of-mediocrity.html,27,html,760cd8b6,Ryan Lindberg,2026-04-27,19:07:07,-07:00,2026-04-27T19:07:07-07:00,6,5
blog/posts/fear-of-mediocrity.html,28,html,760cd8b6,Ryan Lindberg,2026-04-27,19:07:07,-07:00,2026-04-27T19:07:07-07:00,6,44
blog/posts/fear-of-mediocrity.html,29,html,760cd8b6,Ryan Lindberg,2026-04-27,19:07:07,-07:00,2026-04-27T19:07:07-07:00,4,4
blog/posts/fear-of-mediocrity.html,30,html,760cd8b6,Ryan Lindberg,2026-04-27,19:07:07,-07:00,2026-04-27T19:07:07-07:00,4,23
blog/posts/fear-of-mediocrity.html,31,html,760cd8b6,Ryan Lindberg,2026-04-27,19:07:07,-07:00,2026-04-27T19:07:07-07:00,6,23
blog/posts/fear-of-mediocrity.html,32,html,760cd8b6,Ryan Lindberg,2026-04-27,19:07:07,-07:00,2026-04-27T19:07:07-07:00,8,48
blog/posts/fear-of-mediocrity.html,33,html,760cd8b6,Ryan Lindberg,2026-04-27,19:07:07,-07:00,2026-04-27T19:07:07-07:00,8,21
blog/posts/fear-of-mediocrity.html,34,html,760cd8b6,Ryan Lindberg,2026-04-27,19:07:07,-07:00,2026-04-27T19:07:07-07:00,10,39
blog/posts/fear-of-mediocrity.html,35,html,760cd8b6,Ryan Lindberg,2026-04-27,19:07:07,-07:00,2026-04-27T19:07:07-07:00,10,43
blog/posts/fear-of-mediocrity.html,36,html,760cd8b6,Ryan Lindberg,2026-04-27,19:07:07,-07:00,2026-04-27T19:07:07-07:00,10,46
blog/posts/fear-of-mediocrity.html,37,html,760cd8b6,Ryan Lindberg,2026-04-27,19:07:07,-07:00,2026-04-27T19:07:07-07:00,8,4
blog/posts/fear-of-mediocrity.html,38,html,760cd8b6,Ryan Lindberg,2026-04-27,19:07:07,-07:00,2026-04-27T19:07:07-07:00,6,4
blog/posts/fear-of-mediocrity.html,39,html,760cd8b6,Ryan Lindberg,2026-04-27,19:07:07,-07:00,2026-04-27T19:07:07-07:00,0,0
blog/posts/fear-of-mediocrity.html,40,html,760cd8b6,Ryan Lindberg,2026-04-27,19:07:07,-07:00,2026-04-27T19:07:07-07:00,6,24
blog/posts/fear-of-mediocrity.html,41,html,760cd8b6,Ryan Lindberg,2026-04-27,19:07:07,-07:00,2026-04-27T19:07:07-07:00,0,0
blog/posts/fear-of-mediocrity.html,42,html,760cd8b6,Ryan Lindberg,2026-04-27,19:07:07,-07:00,2026-04-27T19:07:07-07:00,8,12
blog/posts/fear-of-mediocrity.html,43,html,760cd8b6,Ryan Lindberg,2026-04-27,19:07:07,-07:00,2026-04-27T19:07:07-07:00,8,1
blog/posts/fear-of-mediocrity.html,44,html,760cd8b6,Ryan Lindberg,2026-04-27,19:07:07,-07:00,2026-04-27T19:07:07-07:00,8,404
blog/posts/fear-of-mediocrity.html,45,html,760cd8b6,Ryan Lindberg,2026-04-27,19:07:07,-07:00,2026-04-27T19:07:07-07:00,8,2
blog/posts/fear-of-mediocrity.html,46,html,760cd8b6,Ryan Lindberg,2026-04-27,19:07:07,-07:00,2026-04-27T19:07:07-07:00,8,1
blog/posts/fear-of-mediocrity.html,47,html,760cd8b6,Ryan Lindberg,2026-04-27,19:07:07,-07:00,2026-04-27T19:07:07-07:00,8,339
blog/posts/fear-of-mediocrity.html,48,html,760cd8b6,Ryan Lindberg,2026-04-27,19:07:07,-07:00,2026-04-27T19:07:07-07:00,8,2
blog/posts/fear-of-mediocrity.html,49,html,760cd8b6,Ryan Lindberg,2026-04-27,19:07:07,-07:00,2026-04-27T19:07:07-07:00,8,1
blog/posts/fear-of-mediocrity.html,50,html,760cd8b6,Ryan Lindberg,2026-04-27,19:07:07,-07:00,2026-04-27T19:07:07-07:00,8,235
blog/posts/fear-of-mediocrity.html,51,html,760cd8b6,Ryan Lindberg,2026-04-27,19:07:07,-07:00,2026-04-27T19:07:07-07:00,8,2
blog/posts/fear-of-mediocrity.html,52,html,760cd8b6,Ryan Lindberg,2026-04-27,19:07:07,-07:00,2026-04-27T19:07:07-07:00,0,0
blog/posts/fear-of-mediocrity.html,53,html,760cd8b6,Ryan Lindberg,2026-04-27,19:07:07,-07:00,2026-04-27T19:07:07-07:00,8,20
blog/posts/fear-of-mediocrity.html,54,html,760cd8b6,Ryan Lindberg,2026-04-27,19:07:07,-07:00,2026-04-27T19:07:07-07:00,8,1
blog/posts/fear-of-mediocrity.html,55,html,760cd8b6,Ryan Lindberg,2026-04-27,19:07:07,-07:00,2026-04-27T19:07:07-07:00,8,189
blog/posts/fear-of-mediocrity.html,56,html,760cd8b6,Ryan Lindberg,2026-04-27,19:07:07,-07:00,2026-04-27T19:07:07-07:00,8,2
blog/posts/fear-of-mediocrity.html,57,html,760cd8b6,Ryan Lindberg,2026-04-27,19:07:07,-07:00,2026-04-27T19:07:07-07:00,8,1
blog/posts/fear-of-mediocrity.html,58,html,760cd8b6,Ryan Lindberg,2026-04-27,19:07:07,-07:00,2026-04-27T19:07:07-07:00,8,525
blog/posts/fear-of-mediocrity.html,59,html,760cd8b6,Ryan Lindberg,2026-04-27,19:07:07,-07:00,2026-04-27T19:07:07-07:00,8,2
blog/posts/fear-of-mediocrity.html,60,html,760cd8b6,Ryan Lindberg,2026-04-27,19:07:07,-07:00,2026-04-27T19:07:07-07:00,8,1
blog/posts/fear-of-mediocrity.html,61,html,760cd8b6,Ryan Lindberg,2026-04-27,19:07:07,-07:00,2026-04-27T19:07:07-07:00,8,300
blog/posts/fear-of-mediocrity.html,62,html,760cd8b6,Ryan Lindberg,2026-04-27,19:07:07,-07:00,2026-04-27T19:07:07-07:00,8,2
blog/posts/fear-of-mediocrity.html,63,html,760cd8b6,Ryan Lindberg,2026-04-27,19:07:07,-07:00,2026-04-27T19:07:07-07:00,8,1
blog/posts/fear-of-mediocrity.html,64,html,760cd8b6,Ryan Lindberg,2026-04-27,19:07:07,-07:00,2026-04-27T19:07:07-07:00,8,27
blog/posts/fear-of-mediocrity.html,65,html,760cd8b6,Ryan Lindberg,2026-04-27,19:07:07,-07:00,2026-04-27T19:07:07-07:00,8,2
blog/posts/fear-of-mediocrity.html,66,html,760cd8b6,Ryan Lindberg,2026-04-27,19:07:07,-07:00,2026-04-27T19:07:07-07:00,8,1
blog/posts/fear-of-mediocrity.html,67,html,760cd8b6,Ryan Lindberg,2026-04-27,19:07:07,-07:00,2026-04-27T19:07:07-07:00,8,131
blog/posts/fear-of-mediocrity.html,68,html,760cd8b6,Ryan Lindberg,2026-04-27,19:07:07,-07:00,2026-04-27T19:07:07-07:00,8,2
blog/posts/fear-of-mediocrity.html,69,html,760cd8b6,Ryan Lindberg,2026-04-27,19:07:07,-07:00,2026-04-27T19:07:07-07:00,8,1
blog/posts/fear-of-mediocrity.html,70,html,760cd8b6,Ryan Lindberg,2026-04-27,19:07:07,-07:00,2026-04-27T19:07:07-07:00,8,221
blog/posts/fear-of-mediocrity.html,71,html,760cd8b6,Ryan Lindberg,2026-04-27,19:07:07,-07:00,2026-04-27T19:07:07-07:00,8,2
blog/posts/fear-of-mediocrity.html,72,html,760cd8b6,Ryan Lindberg,2026-04-27,19:07:07,-07:00,2026-04-27T19:07:07-07:00,0,0
blog/posts/fear-of-mediocrity.html,73,html,760cd8b6,Ryan Lindberg,2026-04-27,19:07:07,-07:00,2026-04-27T19:07:07-07:00,8,25
blog/posts/fear-of-mediocrity.html,74,html,760cd8b6,Ryan Lindberg,2026-04-27,19:07:07,-07:00,2026-04-27T19:07:07-07:00,8,1
blog/posts/fear-of-mediocrity.html,75,html,760cd8b6,Ryan Lindberg,2026-04-27,19:07:07,-07:00,2026-04-27T19:07:07-07:00,8,242
blog/posts/fear-of-mediocrity.html,76,html,760cd8b6,Ryan Lindberg,2026-04-27,19:07:07,-07:00,2026-04-27T19:07:07-07:00,8,2
blog/posts/fear-of-mediocrity.html,77,html,760cd8b6,Ryan Lindberg,2026-04-27,19:07:07,-07:00,2026-04-27T19:07:07-07:00,8,1
blog/posts/fear-of-mediocrity.html,78,html,760cd8b6,Ryan Lindberg,2026-04-27,19:07:07,-07:00,2026-04-27T19:07:07-07:00,8,569
blog/posts/fear-of-mediocrity.html,79,html,760cd8b6,Ryan Lindberg,2026-04-27,19:07:07,-07:00,2026-04-27T19:07:07-07:00,8,2
blog/posts/fear-of-mediocrity.html,80,html,760cd8b6,Ryan Lindberg,2026-04-27,19:07:07,-07:00,2026-04-27T19:07:07-07:00,8,1
blog/posts/fear-of-mediocrity.html,81,html,760cd8b6,Ryan Lindberg,2026-04-27,19:07:07,-07:00,2026-04-27T19:07:07-07:00,8,372
blog/posts/fear-of-mediocrity.html,82,html,760cd8b6,Ryan Lindberg,2026-04-27,19:07:07,-07:00,2026-04-27T19:07:07-07:00,8,2
blog/posts/fear-of-mediocrity.html,83,html,760cd8b6,Ryan Lindberg,2026-04-27,19:07:07,-07:00,2026-04-27T19:07:07-07:00,8,1
blog/posts/fear-of-mediocrity.html,84,html,760cd8b6,Ryan Lindberg,2026-04-27,19:07:07,-07:00,2026-04-27T19:07:07-07:00,8,29
blog/posts/fear-of-mediocrity.html,85,html,760cd8b6,Ryan Lindberg,2026-04-27,19:07:07,-07:00,2026-04-27T19:07:07-07:00,8,2
blog/posts/fear-of-mediocrity.html,86,html,760cd8b6,Ryan Lindberg,2026-04-27,19:07:07,-07:00,2026-04-27T19:07:07-07:00,8,1
blog/posts/fear-of-mediocrity.html,87,html,760cd8b6,Ryan Lindberg,2026-04-27,19:07:07,-07:00,2026-04-27T19:07:07-07:00,8,267
blog/posts/fear-of-mediocrity.html,88,html,760cd8b6,Ryan Lindberg,2026-04-27,19:07:07,-07:00,2026-04-27T19:07:07-07:00,8,2
blog/posts/fear-of-mediocrity.html,89,html,760cd8b6,Ryan Lindberg,2026-04-27,19:07:07,-07:00,2026-04-27T19:07:07-07:00,8,1
blog/posts/fear-of-mediocrity.html,90,html,760cd8b6,Ryan Lindberg,2026-04-27,19:07:07,-07:00,2026-04-27T19:07:07-07:00,8,459
blog/posts/fear-of-mediocrity.html,91,html,760cd8b6,Ryan Lindberg,2026-04-27,19:07:07,-07:00,2026-04-27T19:07:07-07:00,8,2
blog/posts/fear-of-mediocrity.html,92,html,760cd8b6,Ryan Lindberg,2026-04-27,19:07:07,-07:00,2026-04-27T19:07:07-07:00,8,1
blog/posts/fear-of-mediocrity.html,93,html,760cd8b6,Ryan Lindberg,2026-04-27,19:07:07,-07:00,2026-04-27T19:07:07-07:00,8,29
blog/posts/fear-of-mediocrity.html,94,html,760cd8b6,Ryan Lindberg,2026-04-27,19:07:07,-07:00,2026-04-27T19:07:07-07:00,8,2
blog/posts/fear-of-mediocrity.html,95,html,760cd8b6,Ryan Lindberg,2026-04-27,19:07:07,-07:00,2026-04-27T19:07:07-07:00,8,1
blog/posts/fear-of-mediocrity.html,96,html,760cd8b6,Ryan Lindberg,2026-04-27,19:07:07,-07:00,2026-04-27T19:07:07-07:00,8,282
blog/posts/fear-of-mediocrity.html,97,html,760cd8b6,Ryan Lindberg,2026-04-27,19:07:07,-07:00,2026-04-27T19:07:07-07:00,8,2
blog/posts/fear-of-mediocrity.html,98,html,760cd8b6,Ryan Lindberg,2026-04-27,19:07:07,-07:00,2026-04-27T19:07:07-07:00,8,1
blog/posts/fear-of-mediocrity.html,99,html,760cd8b6,Ryan Lindberg,2026-04-27,19:07:07,-07:00,2026-04-27T19:07:07-07:00,8,98
blog/posts/fear-of-mediocrity.html,100,html,760cd8b6,Ryan Lindberg,2026-04-27,19:07:07,-07:00,2026-04-27T19:07:07-07:00,8,2
blog/posts/fear-of-mediocrity.html,101,html,760cd8b6,Ryan Lindberg,2026-04-27,19:07:07,-07:00,2026-04-27T19:07:07-07:00,8,1
blog/posts/fear-of-mediocrity.html,102,html,760cd8b6,Ryan Lindberg,2026-04-27,19:07:07,-07:00,2026-04-27T19:07:07-07:00,8,255
blog/posts/fear-of-mediocrity.html,103,html,760cd8b6,Ryan Lindberg,2026-04-27,19:07:07,-07:00,2026-04-27T19:07:07-07:00,8,2
blog/posts/fear-of-mediocrity.html,104,html,760cd8b6,Ryan Lindberg,2026-04-27,19:07:07,-07:00,2026-04-27T19:07:07-07:00,8,1
blog/posts/fear-of-mediocrity.html,105,html,760cd8b6,Ryan Lindberg,2026-04-27,19:07:07,-07:00,2026-04-27T19:07:07-07:00,8,75
blog/posts/fear-of-mediocrity.html,106,html,760cd8b6,Ryan Lindberg,2026-04-27,19:07:07,-07:00,2026-04-27T19:07:07-07:00,8,2
blog/posts/fear-of-mediocrity.html,107,html,760cd8b6,Ryan Lindberg,2026-04-27,19:07:07,-07:00,2026-04-27T19:07:07-07:00,8,1
blog/posts/fear-of-mediocrity.html,108,html,760cd8b6,Ryan Lindberg,2026-04-27,19:07:07,-07:00,2026-04-27T19:07:07-07:00,8,36
blog/posts/fear-of-mediocrity.html,109,html,760cd8b6,Ryan Lindberg,2026-04-27,19:07:07,-07:00,2026-04-27T19:07:07-07:00,8,2
blog/posts/fear-of-mediocrity.html,110,html,760cd8b6,Ryan Lindberg,2026-04-27,19:07:07,-07:00,2026-04-27T19:07:07-07:00,8,1
blog/posts/fear-of-mediocrity.html,111,html,760cd8b6,Ryan Lindberg,2026-04-27,19:07:07,-07:00,2026-04-27T19:07:07-07:00,8,76
blog/posts/fear-of-mediocrity.html,112,html,760cd8b6,Ryan Lindberg,2026-04-27,19:07:07,-07:00,2026-04-27T19:07:07-07:00,8,2
blog/posts/fear-of-mediocrity.html,113,html,760cd8b6,Ryan Lindberg,2026-04-27,19:07:07,-07:00,2026-04-27T19:07:07-07:00,8,1
blog/posts/fear-of-mediocrity.html,114,html,760cd8b6,Ryan Lindberg,2026-04-27,19:07:07,-07:00,2026-04-27T19:07:07-07:00,8,470
blog/posts/fear-of-mediocrity.html,115,html,760cd8b6,Ryan Lindberg,2026-04-27,19:07:07,-07:00,2026-04-27T19:07:07-07:00,8,2
blog/posts/fear-of-mediocrity.html,116,html,760cd8b6,Ryan Lindberg,2026-04-27,19:07:07,-07:00,2026-04-27T19:07:07-07:00,8,1
blog/posts/fear-of-mediocrity.html,117,html,760cd8b6,Ryan Lindberg,2026-04-27,19:07:07,-07:00,2026-04-27T19:07:07-07:00,8,25
blog/posts/fear-of-mediocrity.html,118,html,760cd8b6,Ryan Lindberg,2026-04-27,19:07:07,-07:00,2026-04-27T19:07:07-07:00,8,2
blog/posts/fear-of-mediocrity.html,119,html,760cd8b6,Ryan Lindberg,2026-04-27,19:07:07,-07:00,2026-04-27T19:07:07-07:00,8,1
blog/posts/fear-of-mediocrity.html,120,html,760cd8b6,Ryan Lindberg,2026-04-27,19:07:07,-07:00,2026-04-27T19:07:07-07:00,8,116
blog/posts/fear-of-mediocrity.html,121,html,760cd8b6,Ryan Lindberg,2026-04-27,19:07:07,-07:00,2026-04-27T19:07:07-07:00,8,2
blog/posts/fear-of-mediocrity.html,122,html,760cd8b6,Ryan Lindberg,2026-04-27,19:07:07,-07:00,2026-04-27T19:07:07-07:00,8,1
blog/posts/fear-of-mediocrity.html,123,html,760cd8b6,Ryan Lindberg,2026-04-27,19:07:07,-07:00,2026-04-27T19:07:07-07:00,8,164
blog/posts/fear-of-mediocrity.html,124,html,760cd8b6,Ryan Lindberg,2026-04-27,19:07:07,-07:00,2026-04-27T19:07:07-07:00,8,2
blog/posts/fear-of-mediocrity.html,125,html,760cd8b6,Ryan Lindberg,2026-04-27,19:07:07,-07:00,2026-04-27T19:07:07-07:00,8,1
blog/posts/fear-of-mediocrity.html,126,html,760cd8b6,Ryan Lindberg,2026-04-27,19:07:07,-07:00,2026-04-27T19:07:07-07:00,8,132
blog/posts/fear-of-mediocrity.html,127,html,760cd8b6,Ryan Lindberg,2026-04-27,19:07:07,-07:00,2026-04-27T19:07:07-07:00,8,2
blog/posts/fear-of-mediocrity.html,128,html,760cd8b6,Ryan Lindberg,2026-04-27,19:07:07,-07:00,2026-04-27T19:07:07-07:00,8,1
blog/posts/fear-of-mediocrity.html,129,html,760cd8b6,Ryan Lindberg,2026-04-27,19:07:07,-07:00,2026-04-27T19:07:07-07:00,8,119
blog/posts/fear-of-mediocrity.html,130,html,760cd8b6,Ryan Lindberg,2026-04-27,19:07:07,-07:00,2026-04-27T19:07:07-07:00,8,2
blog/posts/fear-of-mediocrity.html,131,html,760cd8b6,Ryan Lindberg,2026-04-27,19:07:07,-07:00,2026-04-27T19:07:07-07:00,8,1
blog/posts/fear-of-mediocrity.html,132,html,760cd8b6,Ryan Lindberg,2026-04-27,19:07:07,-07:00,2026-04-27T19:07:07-07:00,8,194
blog/posts/fear-of-mediocrity.html,133,html,760cd8b6,Ryan Lindberg,2026-04-27,19:07:07,-07:00,2026-04-27T19:07:07-07:00,8,2
blog/posts/fear-of-mediocrity.html,134,html,760cd8b6,Ryan Lindberg,2026-04-27,19:07:07,-07:00,2026-04-27T19:07:07-07:00,0,0
blog/posts/fear-of-mediocrity.html,135,html,760cd8b6,Ryan Lindberg,2026-04-27,19:07:07,-07:00,2026-04-27T19:07:07-07:00,8,16
blog/posts/fear-of-mediocrity.html,136,html,760cd8b6,Ryan Lindberg,2026-04-27,19:07:07,-07:00,2026-04-27T19:07:07-07:00,8,1
blog/posts/fear-of-mediocrity.html,137,html,760cd8b6,Ryan Lindberg,2026-04-27,19:07:07,-07:00,2026-04-27T19:07:07-07:00,8,115
blog/posts/fear-of-mediocrity.html,138,html,760cd8b6,Ryan Lindberg,2026-04-27,19:07:07,-07:00,2026-04-27T19:07:07-07:00,8,2
blog/posts/fear-of-mediocrity.html,139,html,760cd8b6,Ryan Lindberg,2026-04-27,19:07:07,-07:00,2026-04-27T19:07:07-07:00,8,1
blog/posts/fear-of-mediocrity.html,140,html,760cd8b6,Ryan Lindberg,2026-04-27,19:07:07,-07:00,2026-04-27T19:07:07-07:00,8,321
blog/posts/fear-of-mediocrity.html,141,html,760cd8b6,Ryan Lindberg,2026-04-27,19:07:07,-07:00,2026-04-27T19:07:07-07:00,8,2
blog/posts/fear-of-mediocrity.html,142,html,760cd8b6,Ryan Lindberg,2026-04-27,19:07:07,-07:00,2026-04-27T19:07:07-07:00,8,1
blog/posts/fear-of-mediocrity.html,143,html,760cd8b6,Ryan Lindberg,2026-04-27,19:07:07,-07:00,2026-04-27T19:07:07-07:00,8,275
blog/posts/fear-of-mediocrity.html,144,html,760cd8b6,Ryan Lindberg,2026-04-27,19:07:07,-07:00,2026-04-27T19:07:07-07:00,8,2
blog/posts/fear-of-mediocrity.html,145,html,760cd8b6,Ryan Lindberg,2026-04-27,19:07:07,-07:00,2026-04-27T19:07:07-07:00,8,1
blog/posts/fear-of-mediocrity.html,146,html,760cd8b6,Ryan Lindberg,2026-04-27,19:07:07,-07:00,2026-04-27T19:07:07-07:00,8,433
blog/posts/fear-of-mediocrity.html,147,html,760cd8b6,Ryan Lindberg,2026-04-27,19:07:07,-07:00,2026-04-27T19:07:07-07:00,8,2
blog/posts/fear-of-mediocrity.html,148,html,760cd8b6,Ryan Lindberg,2026-04-27,19:07:07,-07:00,2026-04-27T19:07:07-07:00,8,1
blog/posts/fear-of-mediocrity.html,149,html,760cd8b6,Ryan Lindberg,2026-04-27,19:07:07,-07:00,2026-04-27T19:07:07-07:00,8,509
blog/posts/fear-of-mediocrity.html,150,html,760cd8b6,Ryan Lindberg,2026-04-27,19:07:07,-07:00,2026-04-27T19:07:07-07:00,8,2
blog/posts/fear-of-mediocrity.html,151,html,760cd8b6,Ryan Lindberg,2026-04-27,19:07:07,-07:00,2026-04-27T19:07:07-07:00,0,0
blog/posts/fear-of-mediocrity.html,152,html,760cd8b6,Ryan Lindberg,2026-04-27,19:07:07,-07:00,2026-04-27T19:07:07-07:00,8,26
blog/posts/fear-of-mediocrity.html,153,html,760cd8b6,Ryan Lindberg,2026-04-27,19:07:07,-07:00,2026-04-27T19:07:07-07:00,8,1
blog/posts/fear-of-mediocrity.html,154,html,760cd8b6,Ryan Lindberg,2026-04-27,19:07:07,-07:00,2026-04-27T19:07:07-07:00,8,88
blog/posts/fear-of-mediocrity.html,155,html,760cd8b6,Ryan Lindberg,2026-04-27,19:07:07,-07:00,2026-04-27T19:07:07-07:00,8,2
blog/posts/fear-of-mediocrity.html,156,html,760cd8b6,Ryan Lindberg,2026-04-27,19:07:07,-07:00,2026-04-27T19:07:07-07:00,8,1
blog/posts/fear-of-mediocrity.html,157,html,760cd8b6,Ryan Lindberg,2026-04-27,19:07:07,-07:00,2026-04-27T19:07:07-07:00,8,211
blog/posts/fear-of-mediocrity.html,158,html,760cd8b6,Ryan Lindberg,2026-04-27,19:07:07,-07:00,2026-04-27T19:07:07-07:00,8,2
blog/posts/fear-of-mediocrity.html,159,html,760cd8b6,Ryan Lindberg,2026-04-27,19:07:07,-07:00,2026-04-27T19:07:07-07:00,8,1
blog/posts/fear-of-mediocrity.html,160,html,760cd8b6,Ryan Lindberg,2026-04-27,19:07:07,-07:00,2026-04-27T19:07:07-07:00,8,366
blog/posts/fear-of-mediocrity.html,161,html,760cd8b6,Ryan Lindberg,2026-04-27,19:07:07,-07:00,2026-04-27T19:07:07-07:00,8,2
blog/posts/fear-of-mediocrity.html,162,html,760cd8b6,Ryan Lindberg,2026-04-27,19:07:07,-07:00,2026-04-27T19:07:07-07:00,8,1
blog/posts/fear-of-mediocrity.html,163,html,760cd8b6,Ryan Lindberg,2026-04-27,19:07:07,-07:00,2026-04-27T19:07:07-07:00,8,356
blog/posts/fear-of-mediocrity.html,164,html,760cd8b6,Ryan Lindberg,2026-04-27,19:07:07,-07:00,2026-04-27T19:07:07-07:00,8,2
blog/posts/fear-of-mediocrity.html,165,html,760cd8b6,Ryan Lindberg,2026-04-27,19:07:07,-07:00,2026-04-27T19:07:07-07:00,8,1
blog/posts/fear-of-mediocrity.html,166,html,760cd8b6,Ryan Lindberg,2026-04-27,19:07:07,-07:00,2026-04-27T19:07:07-07:00,8,181
blog/posts/fear-of-mediocrity.html,167,html,760cd8b6,Ryan Lindberg,2026-04-27,19:07:07,-07:00,2026-04-27T19:07:07-07:00,8,2
blog/posts/fear-of-mediocrity.html,168,html,760cd8b6,Ryan Lindberg,2026-04-27,19:07:07,-07:00,2026-04-27T19:07:07-07:00,8,1
blog/posts/fear-of-mediocrity.html,169,html,760cd8b6,Ryan Lindberg,2026-04-27,19:07:07,-07:00,2026-04-27T19:07:07-07:00,8,287
blog/posts/fear-of-mediocrity.html,170,html,760cd8b6,Ryan Lindberg,2026-04-27,19:07:07,-07:00,2026-04-27T19:07:07-07:00,8,2
blog/posts/fear-of-mediocrity.html,171,html,760cd8b6,Ryan Lindberg,2026-04-27,19:07:07,-07:00,2026-04-27T19:07:07-07:00,8,1
blog/posts/fear-of-mediocrity.html,172,html,760cd8b6,Ryan Lindberg,2026-04-27,19:07:07,-07:00,2026-04-27T19:07:07-07:00,8,247
blog/posts/fear-of-mediocrity.html,173,html,760cd8b6,Ryan Lindberg,2026-04-27,19:07:07,-07:00,2026-04-27T19:07:07-07:00,8,2
blog/posts/fear-of-mediocrity.html,174,html,760cd8b6,Ryan Lindberg,2026-04-27,19:07:07,-07:00,2026-04-27T19:07:07-07:00,8,1
blog/posts/fear-of-mediocrity.html,175,html,760cd8b6,Ryan Lindberg,2026-04-27,19:07:07,-07:00,2026-04-27T19:07:07-07:00,8,410
blog/posts/fear-of-mediocrity.html,176,html,760cd8b6,Ryan Lindberg,2026-04-27,19:07:07,-07:00,2026-04-27T19:07:07-07:00,8,2
blog/posts/fear-of-mediocrity.html,177,html,760cd8b6,Ryan Lindberg,2026-04-27,19:07:07,-07:00,2026-04-27T19:07:07-07:00,8,1
blog/posts/fear-of-mediocrity.html,178,html,760cd8b6,Ryan Lindberg,2026-04-27,19:07:07,-07:00,2026-04-27T19:07:07-07:00,8,251
blog/posts/fear-of-mediocrity.html,179,html,760cd8b6,Ryan Lindberg,2026-04-27,19:07:07,-07:00,2026-04-27T19:07:07-07:00,8,2
blog/posts/fear-of-mediocrity.html,180,html,760cd8b6,Ryan Lindberg,2026-04-27,19:07:07,-07:00,2026-04-27T19:07:07-07:00,8,1
blog/posts/fear-of-mediocrity.html,181,html,760cd8b6,Ryan Lindberg,2026-04-27,19:07:07,-07:00,2026-04-27T19:07:07-07:00,8,300
blog/posts/fear-of-mediocrity.html,182,html,760cd8b6,Ryan Lindberg,2026-04-27,19:07:07,-07:00,2026-04-27T19:07:07-07:00,8,2
blog/posts/fear-of-mediocrity.html,183,html,760cd8b6,Ryan Lindberg,2026-04-27,19:07:07,-07:00,2026-04-27T19:07:07-07:00,8,1
blog/posts/fear-of-mediocrity.html,184,html,760cd8b6,Ryan Lindberg,2026-04-27,19:07:07,-07:00,2026-04-27T19:07:07-07:00,8,217
blog/posts/fear-of-mediocrity.html,185,html,760cd8b6,Ryan Lindberg,2026-04-27,19:07:07,-07:00,2026-04-27T19:07:07-07:00,8,2
blog/posts/fear-of-mediocrity.html,186,html,760cd8b6,Ryan Lindberg,2026-04-27,19:07:07,-07:00,2026-04-27T19:07:07-07:00,8,1
blog/posts/fear-of-mediocrity.html,187,html,760cd8b6,Ryan Lindberg,2026-04-27,19:07:07,-07:00,2026-04-27T19:07:07-07:00,8,176
blog/posts/fear-of-mediocrity.html,188,html,760cd8b6,Ryan Lindberg,2026-04-27,19:07:07,-07:00,2026-04-27T19:07:07-07:00,8,2
blog/posts/fear-of-mediocrity.html,189,html,760cd8b6,Ryan Lindberg,2026-04-27,19:07:07,-07:00,2026-04-27T19:07:07-07:00,8,1
blog/posts/fear-of-mediocrity.html,190,html,760cd8b6,Ryan Lindberg,2026-04-27,19:07:07,-07:00,2026-04-27T19:07:07-07:00,8,78
blog/posts/fear-of-mediocrity.html,191,html,760cd8b6,Ryan Lindberg,2026-04-27,19:07:07,-07:00,2026-04-27T19:07:07-07:00,8,2
blog/posts/fear-of-mediocrity.html,192,html,760cd8b6,Ryan Lindberg,2026-04-27,19:07:07,-07:00,2026-04-27T19:07:07-07:00,0,0
blog/posts/fear-of-mediocrity.html,193,html,760cd8b6,Ryan Lindberg,2026-04-27,19:07:07,-07:00,2026-04-27T19:07:07-07:00,8,17
blog/posts/fear-of-mediocrity.html,194,html,760cd8b6,Ryan Lindberg,2026-04-27,19:07:07,-07:00,2026-04-27T19:07:07-07:00,8,1
blog/posts/fear-of-mediocrity.html,195,html,760cd8b6,Ryan Lindberg,2026-04-27,19:07:07,-07:00,2026-04-27T19:07:07-07:00,8,89
blog/posts/fear-of-mediocrity.html,196,html,760cd8b6,Ryan Lindberg,2026-04-27,19:07:07,-07:00,2026-04-27T19:07:07-07:00,8,2
blog/posts/fear-of-mediocrity.html,197,html,760cd8b6,Ryan Lindberg,2026-04-27,19:07:07,-07:00,2026-04-27T19:07:07-07:00,6,4
blog/posts/fear-of-mediocrity.html,198,html,760cd8b6,Ryan Lindberg,2026-04-27,19:07:07,-07:00,2026-04-27T19:07:07-07:00,4,4
blog/posts/fear-of-mediocrity.html,199,html,760cd8b6,Ryan Lindberg,2026-04-27,19:07:07,-07:00,2026-04-27T19:07:07-07:00,4,75
blog/posts/fear-of-mediocrity.html,200,html,760cd8b6,Ryan Lindberg,2026-04-27,19:07:07,-07:00,2026-04-27T19:07:07-07:00,2,4
blog/posts/fear-of-mediocrity.html,201,html,760cd8b6,Ryan Lindberg,2026-04-27,19:07:07,-07:00,2026-04-27T19:07:07-07:00,0,0
blog/posts/fear-of-mediocrity.html,202,html,760cd8b6,Ryan Lindberg,2026-04-27,19:07:07,-07:00,2026-04-27T19:07:07-07:00,0,5
blog/posts/fear-of-mediocrity.html,203,html,760cd8b6,Ryan Lindberg,2026-04-27,19:07:07,-07:00,2026-04-27T19:07:07-07:00,0,0
blog/posts/fear-of-mediocrity.html,204,html,760cd8b6,Ryan Lindberg,2026-04-27,19:07:07,-07:00,2026-04-27T19:07:07-07:00,0,5
blog/posts/avionics-computer.html,1,html,9797df12,Ryan Lindberg,2026-05-15,02:21:00,-07:00,2026-05-15T02:21:00-07:00,0,13
blog/posts/avionics-computer.html,2,html,9797df12,Ryan Lindberg,2026-05-15,02:21:00,-07:00,2026-05-15T02:21:00-07:00,0,14
blog/posts/avionics-computer.html,3,html,9797df12,Ryan Lindberg,2026-05-15,02:21:00,-07:00,2026-05-15T02:21:00-07:00,0,0
blog/posts/avionics-computer.html,4,html,9797df12,Ryan Lindberg,2026-05-15,02:21:00,-07:00,2026-05-15T02:21:00-07:00,0,4
blog/posts/avionics-computer.html,5,html,9797df12,Ryan Lindberg,2026-05-15,02:21:00,-07:00,2026-05-15T02:21:00-07:00,2,20
blog/posts/avionics-computer.html,6,html,9797df12,Ryan Lindberg,2026-05-15,02:21:00,-07:00,2026-05-15T02:21:00-07:00,2,68
blog/posts/avionics-computer.html,7,html,9797df12,Ryan Lindberg,2026-05-15,02:21:00,-07:00,2026-05-15T02:21:00-07:00,2,49
blog/posts/avionics-computer.html,8,html,9797df12,Ryan Lindberg,2026-05-15,02:21:00,-07:00,2026-05-15T02:21:00-07:00,2,44
blog/posts/avionics-computer.html,9,html,9797df12,Ryan Lindberg,2026-05-15,02:21:00,-07:00,2026-05-15T02:21:00-07:00,2,51
blog/posts/avionics-computer.html,10,html,9797df12,Ryan Lindberg,2026-05-15,02:21:00,-07:00,2026-05-15T02:21:00-07:00,2,56
blog/posts/avionics-computer.html,11,html,9797df12,Ryan Lindberg,2026-05-15,02:21:00,-07:00,2026-05-15T02:21:00-07:00,0,5
blog/posts/avionics-computer.html,12,html,9797df12,Ryan Lindberg,2026-05-15,02:21:00,-07:00,2026-05-15T02:21:00-07:00,0,0
blog/posts/avionics-computer.html,13,html,9797df12,Ryan Lindberg,2026-05-15,02:21:00,-07:00,2026-05-15T02:21:00-07:00,0,32
blog/posts/avionics-computer.html,14,html,9797df12,Ryan Lindberg,2026-05-15,02:21:00,-07:00,2026-05-15T02:21:00-07:00,2,37
blog/posts/avionics-computer.html,15,html,9797df12,Ryan Lindberg,2026-05-15,02:21:00,-07:00,2026-05-15T02:21:00-07:00,0,0
blog/posts/avionics-computer.html,16,html,9797df12,Ryan Lindberg,2026-05-15,02:21:00,-07:00,2026-05-15T02:21:00-07:00,2,23
blog/posts/avionics-computer.html,17,html,9797df12,Ryan Lindberg,2026-05-15,02:21:00,-07:00,2026-05-15T02:21:00-07:00,4,11
blog/posts/avionics-computer.html,18,html,9797df12,Ryan Lindberg,2026-05-15,02:21:00,-07:00,2026-05-15T02:21:00-07:00,4,77
blog/posts/avionics-computer.html,19,html,9797df12,Ryan Lindberg,2026-05-15,02:21:00,-07:00,2026-05-15T02:21:00-07:00,2,4
blog/posts/avionics-computer.html,20,html,9797df12,Ryan Lindberg,2026-05-15,02:21:00,-07:00,2026-05-15T02:21:00-07:00,0,0
blog/posts/avionics-computer.html,21,html,9797df12,Ryan Lindberg,2026-05-15,02:21:00,-07:00,2026-05-15T02:21:00-07:00,2,18
blog/posts/avionics-computer.html,22,html,9797df12,Ryan Lindberg,2026-05-15,02:21:00,-07:00,2026-05-15T02:21:00-07:00,4,27
blog/posts/avionics-computer.html,23,html,9797df12,Ryan Lindberg,2026-05-15,02:21:00,-07:00,2026-05-15T02:21:00-07:00,6,28
blog/posts/avionics-computer.html,24,html,9797df12,Ryan Lindberg,2026-05-15,02:21:00,-07:00,2026-05-15T02:21:00-07:00,8,33
blog/posts/avionics-computer.html,25,html,9797df12,Ryan Lindberg,2026-05-15,02:21:00,-07:00,2026-05-15T02:21:00-07:00,8,31
blog/posts/avionics-computer.html,26,html,9797df12,Ryan Lindberg,2026-05-15,02:21:00,-07:00,2026-05-15T02:21:00-07:00,8,31
blog/posts/avionics-computer.html,27,html,9797df12,Ryan Lindberg,2026-05-15,02:21:00,-07:00,2026-05-15T02:21:00-07:00,6,5
blog/posts/avionics-computer.html,28,html,9797df12,Ryan Lindberg,2026-05-15,02:21:00,-07:00,2026-05-15T02:21:00-07:00,6,44
blog/posts/avionics-computer.html,29,html,9797df12,Ryan Lindberg,2026-05-15,02:21:00,-07:00,2026-05-15T02:21:00-07:00,4,4
blog/posts/avionics-computer.html,30,html,9797df12,Ryan Lindberg,2026-05-15,02:21:00,-07:00,2026-05-15T02:21:00-07:00,4,23
blog/posts/avionics-computer.html,31,html,9797df12,Ryan Lindberg,2026-05-15,02:21:00,-07:00,2026-05-15T02:21:00-07:00,6,23
blog/posts/avionics-computer.html,32,html,9797df12,Ryan Lindberg,2026-05-15,02:21:00,-07:00,2026-05-15T02:21:00-07:00,8,56
blog/posts/avionics-computer.html,33,html,9797df12,Ryan Lindberg,2026-05-15,02:21:00,-07:00,2026-05-15T02:21:00-07:00,8,21
blog/posts/avionics-computer.html,34,html,9797df12,Ryan Lindberg,2026-05-15,02:21:00,-07:00,2026-05-15T02:21:00-07:00,10,39
blog/posts/avionics-computer.html,35,html,9797df12,Ryan Lindberg,2026-05-15,02:21:00,-07:00,2026-05-15T02:21:00-07:00,10,41
blog/posts/avionics-computer.html,36,html,9797df12,Ryan Lindberg,2026-05-15,02:21:00,-07:00,2026-05-15T02:21:00-07:00,10,45
blog/posts/avionics-computer.html,37,html,9797df12,Ryan Lindberg,2026-05-15,02:21:00,-07:00,2026-05-15T02:21:00-07:00,8,4
blog/posts/avionics-computer.html,38,html,9797df12,Ryan Lindberg,2026-05-15,02:21:00,-07:00,2026-05-15T02:21:00-07:00,6,4
blog/posts/avionics-computer.html,39,html,9797df12,Ryan Lindberg,2026-05-15,02:21:00,-07:00,2026-05-15T02:21:00-07:00,0,0
blog/posts/avionics-computer.html,40,html,9797df12,Ryan Lindberg,2026-05-15,02:21:00,-07:00,2026-05-15T02:21:00-07:00,6,24
blog/posts/avionics-computer.html,41,html,9797df12,Ryan Lindberg,2026-05-15,02:21:00,-07:00,2026-05-15T02:21:00-07:00,0,0
blog/posts/avionics-computer.html,42,html,9797df12,Ryan Lindberg,2026-05-15,02:21:00,-07:00,2026-05-15T02:21:00-07:00,8,12
blog/posts/avionics-computer.html,43,html,9797df12,Ryan Lindberg,2026-05-15,02:21:00,-07:00,2026-05-15T02:21:00-07:00,8,1
blog/posts/avionics-computer.html,44,html,0fc20afd,Ryan Lindberg,2026-05-15,14:52:46,-07:00,2026-05-15T14:52:46-07:00,8,204
blog/posts/avionics-computer.html,45,html,9797df12,Ryan Lindberg,2026-05-15,02:21:00,-07:00,2026-05-15T02:21:00-07:00,8,2
blog/posts/avionics-computer.html,46,html,9797df12,Ryan Lindberg,2026-05-15,02:21:00,-07:00,2026-05-15T02:21:00-07:00,8,1
blog/posts/avionics-computer.html,47,html,9797df12,Ryan Lindberg,2026-05-15,02:21:00,-07:00,2026-05-15T02:21:00-07:00,8,205
blog/posts/avionics-computer.html,48,html,9797df12,Ryan Lindberg,2026-05-15,02:21:00,-07:00,2026-05-15T02:21:00-07:00,8,2
blog/posts/avionics-computer.html,49,html,9797df12,Ryan Lindberg,2026-05-15,02:21:00,-07:00,2026-05-15T02:21:00-07:00,8,1
blog/posts/avionics-computer.html,50,html,9797df12,Ryan Lindberg,2026-05-15,02:21:00,-07:00,2026-05-15T02:21:00-07:00,8,199
blog/posts/avionics-computer.html,51,html,9797df12,Ryan Lindberg,2026-05-15,02:21:00,-07:00,2026-05-15T02:21:00-07:00,8,2
blog/posts/avionics-computer.html,52,html,0fc20afd,Ryan Lindberg,2026-05-15,14:52:46,-07:00,2026-05-15T14:52:46-07:00,8,29
blog/posts/avionics-computer.html,53,html,0fc20afd,Ryan Lindberg,2026-05-15,14:52:46,-07:00,2026-05-15T14:52:46-07:00,10,27
blog/posts/avionics-computer.html,54,html,0fc20afd,Ryan Lindberg,2026-05-15,14:52:46,-07:00,2026-05-15T14:52:46-07:00,12,28
blog/posts/avionics-computer.html,55,html,0fc20afd,Ryan Lindberg,2026-05-15,14:52:46,-07:00,2026-05-15T14:52:46-07:00,14,33
blog/posts/avionics-computer.html,56,html,0fc20afd,Ryan Lindberg,2026-05-15,14:52:46,-07:00,2026-05-15T14:52:46-07:00,14,31
blog/posts/avionics-computer.html,57,html,0fc20afd,Ryan Lindberg,2026-05-15,14:52:46,-07:00,2026-05-15T14:52:46-07:00,14,31
blog/posts/avionics-computer.html,58,html,0fc20afd,Ryan Lindberg,2026-05-15,14:52:46,-07:00,2026-05-15T14:52:46-07:00,12,5
blog/posts/avionics-computer.html,59,html,0fc20afd,Ryan Lindberg,2026-05-15,14:52:46,-07:00,2026-05-15T14:52:46-07:00,12,44
blog/posts/avionics-computer.html,60,html,0fc20afd,Ryan Lindberg,2026-05-15,14:52:46,-07:00,2026-05-15T14:52:46-07:00,10,4
blog/posts/avionics-computer.html,61,html,0fc20afd,Ryan Lindberg,2026-05-15,14:52:46,-07:00,2026-05-15T14:52:46-07:00,10,23
blog/posts/avionics-computer.html,62,html,0fc20afd,Ryan Lindberg,2026-05-15,14:52:46,-07:00,2026-05-15T14:52:46-07:00,12,115
blog/posts/avionics-computer.html,63,html,0fc20afd,Ryan Lindberg,2026-05-15,14:52:46,-07:00,2026-05-15T14:52:46-07:00,10,4
blog/posts/avionics-computer.html,64,html,0fc20afd,Ryan Lindberg,2026-05-15,14:52:46,-07:00,2026-05-15T14:52:46-07:00,10,52
blog/posts/avionics-computer.html,65,html,0fc20afd,Ryan Lindberg,2026-05-15,14:52:46,-07:00,2026-05-15T14:52:46-07:00,8,4
blog/posts/avionics-computer.html,66,html,9797df12,Ryan Lindberg,2026-05-15,02:21:00,-07:00,2026-05-15T02:21:00-07:00,0,0
blog/posts/avionics-computer.html,67,html,9797df12,Ryan Lindberg,2026-05-15,02:21:00,-07:00,2026-05-15T02:21:00-07:00,8,18
blog/posts/avionics-computer.html,68,html,9797df12,Ryan Lindberg,2026-05-15,02:21:00,-07:00,2026-05-15T02:21:00-07:00,8,1
blog/posts/avionics-computer.html,69,html,9797df12,Ryan Lindberg,2026-05-15,02:21:00,-07:00,2026-05-15T02:21:00-07:00,8,247
blog/posts/avionics-computer.html,70,html,9797df12,Ryan Lindberg,2026-05-15,02:21:00,-07:00,2026-05-15T02:21:00-07:00,8,2
blog/posts/avionics-computer.html,71,html,9797df12,Ryan Lindberg,2026-05-15,02:21:00,-07:00,2026-05-15T02:21:00-07:00,8,2
blog/posts/avionics-computer.html,72,html,9797df12,Ryan Lindberg,2026-05-15,02:21:00,-07:00,2026-05-15T02:21:00-07:00,10,78
blog/posts/avionics-computer.html,73,html,9797df12,Ryan Lindberg,2026-05-15,02:21:00,-07:00,2026-05-15T02:21:00-07:00,10,45
blog/posts/avionics-computer.html,74,html,9797df12,Ryan Lindberg,2026-05-15,02:21:00,-07:00,2026-05-15T02:21:00-07:00,8,3
blog/posts/avionics-computer.html,75,html,9797df12,Ryan Lindberg,2026-05-15,02:21:00,-07:00,2026-05-15T02:21:00-07:00,8,1
blog/posts/avionics-computer.html,76,html,9797df12,Ryan Lindberg,2026-05-15,02:21:00,-07:00,2026-05-15T02:21:00-07:00,8,233
blog/posts/avionics-computer.html,77,html,9797df12,Ryan Lindberg,2026-05-15,02:21:00,-07:00,2026-05-15T02:21:00-07:00,8,2
blog/posts/avionics-computer.html,78,html,9797df12,Ryan Lindberg,2026-05-15,02:21:00,-07:00,2026-05-15T02:21:00-07:00,8,1
blog/posts/avionics-computer.html,79,html,9797df12,Ryan Lindberg,2026-05-15,02:21:00,-07:00,2026-05-15T02:21:00-07:00,8,253
blog/posts/avionics-computer.html,80,html,9797df12,Ryan Lindberg,2026-05-15,02:21:00,-07:00,2026-05-15T02:21:00-07:00,8,2
blog/posts/avionics-computer.html,81,html,9797df12,Ryan Lindberg,2026-05-15,02:21:00,-07:00,2026-05-15T02:21:00-07:00,8,1
blog/posts/avionics-computer.html,82,html,9797df12,Ryan Lindberg,2026-05-15,02:21:00,-07:00,2026-05-15T02:21:00-07:00,8,52
blog/posts/avionics-computer.html,83,html,9797df12,Ryan Lindberg,2026-05-15,02:21:00,-07:00,2026-05-15T02:21:00-07:00,8,2
blog/posts/avionics-computer.html,84,html,0fc20afd,Ryan Lindberg,2026-05-15,14:52:46,-07:00,2026-05-15T14:52:46-07:00,8,29
blog/posts/avionics-computer.html,85,html,0fc20afd,Ryan Lindberg,2026-05-15,14:52:46,-07:00,2026-05-15T14:52:46-07:00,10,27
blog/posts/avionics-computer.html,86,html,0fc20afd,Ryan Lindberg,2026-05-15,14:52:46,-07:00,2026-05-15T14:52:46-07:00,12,28
blog/posts/avionics-computer.html,87,html,0fc20afd,Ryan Lindberg,2026-05-15,14:52:46,-07:00,2026-05-15T14:52:46-07:00,14,33
blog/posts/avionics-computer.html,88,html,0fc20afd,Ryan Lindberg,2026-05-15,14:52:46,-07:00,2026-05-15T14:52:46-07:00,14,31
blog/posts/avionics-computer.html,89,html,0fc20afd,Ryan Lindberg,2026-05-15,14:52:46,-07:00,2026-05-15T14:52:46-07:00,14,31
blog/posts/avionics-computer.html,90,html,0fc20afd,Ryan Lindberg,2026-05-15,14:52:46,-07:00,2026-05-15T14:52:46-07:00,12,5
blog/posts/avionics-computer.html,91,html,0fc20afd,Ryan Lindberg,2026-05-15,14:52:46,-07:00,2026-05-15T14:52:46-07:00,12,47
blog/posts/avionics-computer.html,92,html,0fc20afd,Ryan Lindberg,2026-05-15,14:52:46,-07:00,2026-05-15T14:52:46-07:00,10,4
blog/posts/avionics-computer.html,93,html,0fc20afd,Ryan Lindberg,2026-05-15,14:52:46,-07:00,2026-05-15T14:52:46-07:00,10,23
blog/posts/avionics-computer.html,94,html,0fc20afd,Ryan Lindberg,2026-05-15,14:52:46,-07:00,2026-05-15T14:52:46-07:00,12,127
blog/posts/avionics-computer.html,95,html,0fc20afd,Ryan Lindberg,2026-05-15,14:52:46,-07:00,2026-05-15T14:52:46-07:00,10,4
blog/posts/avionics-computer.html,96,html,0fc20afd,Ryan Lindberg,2026-05-15,14:52:46,-07:00,2026-05-15T14:52:46-07:00,10,51
blog/posts/avionics-computer.html,97,html,0fc20afd,Ryan Lindberg,2026-05-15,14:52:46,-07:00,2026-05-15T14:52:46-07:00,8,4
blog/posts/avionics-computer.html,98,html,9797df12,Ryan Lindberg,2026-05-15,02:21:00,-07:00,2026-05-15T02:21:00-07:00,0,0
blog/posts/avionics-computer.html,99,html,9797df12,Ryan Lindberg,2026-05-15,02:21:00,-07:00,2026-05-15T02:21:00-07:00,8,17
blog/posts/avionics-computer.html,100,html,9797df12,Ryan Lindberg,2026-05-15,02:21:00,-07:00,2026-05-15T02:21:00-07:00,8,1
blog/posts/avionics-computer.html,101,html,9797df12,Ryan Lindberg,2026-05-15,02:21:00,-07:00,2026-05-15T02:21:00-07:00,8,35
blog/posts/avionics-computer.html,102,html,9797df12,Ryan Lindberg,2026-05-15,02:21:00,-07:00,2026-05-15T02:21:00-07:00,8,2
blog/posts/avionics-computer.html,103,html,9797df12,Ryan Lindberg,2026-05-15,02:21:00,-07:00,2026-05-15T02:21:00-07:00,8,2
blog/posts/avionics-computer.html,104,html,0fc20afd,Ryan Lindberg,2026-05-15,14:52:46,-07:00,2026-05-15T14:52:46-07:00,10,70
blog/posts/avionics-computer.html,105,html,0fc20afd,Ryan Lindberg,2026-05-15,14:52:46,-07:00,2026-05-15T14:52:46-07:00,10,68
blog/posts/avionics-computer.html,106,html,0fc20afd,Ryan Lindberg,2026-05-15,14:52:46,-07:00,2026-05-15T14:52:46-07:00,10,132
blog/posts/avionics-computer.html,107,html,0fc20afd,Ryan Lindberg,2026-05-15,14:52:46,-07:00,2026-05-15T14:52:46-07:00,10,86
blog/posts/avionics-computer.html,108,html,0fc20afd,Ryan Lindberg,2026-05-15,14:52:46,-07:00,2026-05-15T14:52:46-07:00,10,55
blog/posts/avionics-computer.html,109,html,0fc20afd,Ryan Lindberg,2026-05-15,14:52:46,-07:00,2026-05-15T14:52:46-07:00,10,40
blog/posts/avionics-computer.html,110,html,0fc20afd,Ryan Lindberg,2026-05-15,14:52:46,-07:00,2026-05-15T14:52:46-07:00,10,98
blog/posts/avionics-computer.html,111,html,0fc20afd,Ryan Lindberg,2026-05-15,14:52:46,-07:00,2026-05-15T14:52:46-07:00,10,78
blog/posts/avionics-computer.html,112,html,0fc20afd,Ryan Lindberg,2026-05-15,14:52:46,-07:00,2026-05-15T14:52:46-07:00,10,90
blog/posts/avionics-computer.html,113,html,0fc20afd,Ryan Lindberg,2026-05-15,14:52:46,-07:00,2026-05-15T14:52:46-07:00,10,64
blog/posts/avionics-computer.html,114,html,9797df12,Ryan Lindberg,2026-05-15,02:21:00,-07:00,2026-05-15T02:21:00-07:00,8,3
blog/posts/avionics-computer.html,115,html,0fc20afd,Ryan Lindberg,2026-05-15,14:52:46,-07:00,2026-05-15T14:52:46-07:00,8,29
blog/posts/avionics-computer.html,116,html,0fc20afd,Ryan Lindberg,2026-05-15,14:52:46,-07:00,2026-05-15T14:52:46-07:00,10,27
blog/posts/avionics-computer.html,117,html,0fc20afd,Ryan Lindberg,2026-05-15,14:52:46,-07:00,2026-05-15T14:52:46-07:00,12,28
blog/posts/avionics-computer.html,118,html,0fc20afd,Ryan Lindberg,2026-05-15,14:52:46,-07:00,2026-05-15T14:52:46-07:00,14,33
blog/posts/avionics-computer.html,119,html,0fc20afd,Ryan Lindberg,2026-05-15,14:52:46,-07:00,2026-05-15T14:52:46-07:00,14,31
blog/posts/avionics-computer.html,120,html,0fc20afd,Ryan Lindberg,2026-05-15,14:52:46,-07:00,2026-05-15T14:52:46-07:00,14,31
blog/posts/avionics-computer.html,121,html,0fc20afd,Ryan Lindberg,2026-05-15,14:52:46,-07:00,2026-05-15T14:52:46-07:00,12,5
blog/posts/avionics-computer.html,122,html,0fc20afd,Ryan Lindberg,2026-05-15,14:52:46,-07:00,2026-05-15T14:52:46-07:00,12,43
blog/posts/avionics-computer.html,123,html,0fc20afd,Ryan Lindberg,2026-05-15,14:52:46,-07:00,2026-05-15T14:52:46-07:00,10,4
blog/posts/avionics-computer.html,124,html,0fc20afd,Ryan Lindberg,2026-05-15,14:52:46,-07:00,2026-05-15T14:52:46-07:00,10,23
blog/posts/avionics-computer.html,125,html,0fc20afd,Ryan Lindberg,2026-05-15,14:52:46,-07:00,2026-05-15T14:52:46-07:00,12,106
blog/posts/avionics-computer.html,126,html,0fc20afd,Ryan Lindberg,2026-05-15,14:52:46,-07:00,2026-05-15T14:52:46-07:00,10,4
blog/posts/avionics-computer.html,127,html,0fc20afd,Ryan Lindberg,2026-05-15,14:52:46,-07:00,2026-05-15T14:52:46-07:00,10,52
blog/posts/avionics-computer.html,128,html,0fc20afd,Ryan Lindberg,2026-05-15,14:52:46,-07:00,2026-05-15T14:52:46-07:00,8,4
blog/posts/avionics-computer.html,129,html,9797df12,Ryan Lindberg,2026-05-15,02:21:00,-07:00,2026-05-15T02:21:00-07:00,0,0
blog/posts/avionics-computer.html,130,html,9797df12,Ryan Lindberg,2026-05-15,02:21:00,-07:00,2026-05-15T02:21:00-07:00,8,24
blog/posts/avionics-computer.html,131,html,9797df12,Ryan Lindberg,2026-05-15,02:21:00,-07:00,2026-05-15T02:21:00-07:00,8,1
blog/posts/avionics-computer.html,132,html,9797df12,Ryan Lindberg,2026-05-15,02:21:00,-07:00,2026-05-15T02:21:00-07:00,8,102
blog/posts/avionics-computer.html,133,html,9797df12,Ryan Lindberg,2026-05-15,02:21:00,-07:00,2026-05-15T02:21:00-07:00,8,2
blog/posts/avionics-computer.html,134,html,9797df12,Ryan Lindberg,2026-05-15,02:21:00,-07:00,2026-05-15T02:21:00-07:00,8,2
blog/posts/avionics-computer.html,135,html,9797df12,Ryan Lindberg,2026-05-15,02:21:00,-07:00,2026-05-15T02:21:00-07:00,10,71
blog/posts/avionics-computer.html,136,html,9797df12,Ryan Lindberg,2026-05-15,02:21:00,-07:00,2026-05-15T02:21:00-07:00,10,67
blog/posts/avionics-computer.html,137,html,9797df12,Ryan Lindberg,2026-05-15,02:21:00,-07:00,2026-05-15T02:21:00-07:00,10,62
blog/posts/avionics-computer.html,138,html,9797df12,Ryan Lindberg,2026-05-15,02:21:00,-07:00,2026-05-15T02:21:00-07:00,10,23
blog/posts/avionics-computer.html,139,html,9797df12,Ryan Lindberg,2026-05-15,02:21:00,-07:00,2026-05-15T02:21:00-07:00,8,3
blog/posts/avionics-computer.html,140,html,9797df12,Ryan Lindberg,2026-05-15,02:21:00,-07:00,2026-05-15T02:21:00-07:00,8,1
blog/posts/avionics-computer.html,141,html,9797df12,Ryan Lindberg,2026-05-15,02:21:00,-07:00,2026-05-15T02:21:00-07:00,8,89
blog/posts/avionics-computer.html,142,html,9797df12,Ryan Lindberg,2026-05-15,02:21:00,-07:00,2026-05-15T02:21:00-07:00,8,2
blog/posts/avionics-computer.html,143,html,0fc20afd,Ryan Lindberg,2026-05-15,14:52:46,-07:00,2026-05-15T14:52:46-07:00,8,45
blog/posts/avionics-computer.html,144,html,0fc20afd,Ryan Lindberg,2026-05-15,14:52:46,-07:00,2026-05-15T14:52:46-07:00,10,27
blog/posts/avionics-computer.html,145,html,0fc20afd,Ryan Lindberg,2026-05-15,14:52:46,-07:00,2026-05-15T14:52:46-07:00,12,28
blog/posts/avionics-computer.html,146,html,0fc20afd,Ryan Lindberg,2026-05-15,14:52:46,-07:00,2026-05-15T14:52:46-07:00,14,33
blog/posts/avionics-computer.html,147,html,0fc20afd,Ryan Lindberg,2026-05-15,14:52:46,-07:00,2026-05-15T14:52:46-07:00,14,31
blog/posts/avionics-computer.html,148,html,0fc20afd,Ryan Lindberg,2026-05-15,14:52:46,-07:00,2026-05-15T14:52:46-07:00,14,31
blog/posts/avionics-computer.html,149,html,0fc20afd,Ryan Lindberg,2026-05-15,14:52:46,-07:00,2026-05-15T14:52:46-07:00,12,5
blog/posts/avionics-computer.html,150,html,0fc20afd,Ryan Lindberg,2026-05-15,14:52:46,-07:00,2026-05-15T14:52:46-07:00,12,52
blog/posts/avionics-computer.html,151,html,0fc20afd,Ryan Lindberg,2026-05-15,14:52:46,-07:00,2026-05-15T14:52:46-07:00,10,4
blog/posts/avionics-computer.html,152,html,0fc20afd,Ryan Lindberg,2026-05-15,14:52:46,-07:00,2026-05-15T14:52:46-07:00,10,23
blog/posts/avionics-computer.html,153,html,0fc20afd,Ryan Lindberg,2026-05-15,14:52:46,-07:00,2026-05-15T14:52:46-07:00,12,106
blog/posts/avionics-computer.html,154,html,0fc20afd,Ryan Lindberg,2026-05-15,14:52:46,-07:00,2026-05-15T14:52:46-07:00,10,4
blog/posts/avionics-computer.html,155,html,0fc20afd,Ryan Lindberg,2026-05-15,14:52:46,-07:00,2026-05-15T14:52:46-07:00,10,54
blog/posts/avionics-computer.html,156,html,0fc20afd,Ryan Lindberg,2026-05-15,14:52:46,-07:00,2026-05-15T14:52:46-07:00,8,4
blog/posts/avionics-computer.html,157,html,9797df12,Ryan Lindberg,2026-05-15,02:21:00,-07:00,2026-05-15T02:21:00-07:00,8,1
blog/posts/avionics-computer.html,158,html,0fc20afd,Ryan Lindberg,2026-05-15,14:52:46,-07:00,2026-05-15T14:52:46-07:00,8,349
blog/posts/avionics-computer.html,159,html,9797df12,Ryan Lindberg,2026-05-15,02:21:00,-07:00,2026-05-15T02:21:00-07:00,8,2
blog/posts/avionics-computer.html,160,html,9797df12,Ryan Lindberg,2026-05-15,02:21:00,-07:00,2026-05-15T02:21:00-07:00,8,1
blog/posts/avionics-computer.html,161,html,9797df12,Ryan Lindberg,2026-05-15,02:21:00,-07:00,2026-05-15T02:21:00-07:00,8,435
blog/posts/avionics-computer.html,162,html,9797df12,Ryan Lindberg,2026-05-15,02:21:00,-07:00,2026-05-15T02:21:00-07:00,8,2
blog/posts/avionics-computer.html,163,html,9797df12,Ryan Lindberg,2026-05-15,02:21:00,-07:00,2026-05-15T02:21:00-07:00,0,0
blog/posts/avionics-computer.html,164,html,9797df12,Ryan Lindberg,2026-05-15,02:21:00,-07:00,2026-05-15T02:21:00-07:00,8,17
blog/posts/avionics-computer.html,165,html,9797df12,Ryan Lindberg,2026-05-15,02:21:00,-07:00,2026-05-15T02:21:00-07:00,8,1
blog/posts/avionics-computer.html,166,html,9797df12,Ryan Lindberg,2026-05-15,02:21:00,-07:00,2026-05-15T02:21:00-07:00,8,199
blog/posts/avionics-computer.html,167,html,9797df12,Ryan Lindberg,2026-05-15,02:21:00,-07:00,2026-05-15T02:21:00-07:00,8,2
blog/posts/avionics-computer.html,168,html,9797df12,Ryan Lindberg,2026-05-15,02:21:00,-07:00,2026-05-15T02:21:00-07:00,6,4
blog/posts/avionics-computer.html,169,html,9797df12,Ryan Lindberg,2026-05-15,02:21:00,-07:00,2026-05-15T02:21:00-07:00,4,4
blog/posts/avionics-computer.html,170,html,9797df12,Ryan Lindberg,2026-05-15,02:21:00,-07:00,2026-05-15T02:21:00-07:00,4,72
blog/posts/avionics-computer.html,171,html,9797df12,Ryan Lindberg,2026-05-15,02:21:00,-07:00,2026-05-15T02:21:00-07:00,2,4
blog/posts/avionics-computer.html,172,html,9797df12,Ryan Lindberg,2026-05-15,02:21:00,-07:00,2026-05-15T02:21:00-07:00,0,0
blog/posts/avionics-computer.html,173,html,9797df12,Ryan Lindberg,2026-05-15,02:21:00,-07:00,2026-05-15T02:21:00-07:00,0,5
blog/posts/avionics-computer.html,174,html,9797df12,Ryan Lindberg,2026-05-15,02:21:00,-07:00,2026-05-15T02:21:00-07:00,0,0
blog/posts/avionics-computer.html,175,html,9797df12,Ryan Lindberg,2026-05-15,02:21:00,-07:00,2026-05-15T02:21:00-07:00,0,5
CV/index.html,1,html,5cc178da,Ryan Lindberg,2025-04-02,17:21:31,-07:00,2025-04-02T17:21:31-07:00,0,13
CV/index.html,2,html,5cc178da,Ryan Lindberg,2025-04-02,17:21:31,-07:00,2025-04-02T17:21:31-07:00,0,14
CV/index.html,3,html,329a9696,Ryan Lindberg,2025-04-28,21:55:18,-07:00,2025-04-28T21:55:18-07:00,0,0
CV/index.html,4,html,5cc178da,Ryan Lindberg,2025-04-02,17:21:31,-07:00,2025-04-02T17:21:31-07:00,0,4
CV/index.html,5,html,5cc178da,Ryan Lindberg,2025-04-02,17:21:31,-07:00,2025-04-02T17:21:31-07:00,2,20
CV/index.html,6,html,5cc178da,Ryan Lindberg,2025-04-02,17:21:31,-07:00,2025-04-02T17:21:31-07:00,2,68
CV/index.html,7,html,e32ab843,Ryan Lindberg,2026-04-02,22:04:04,-07:00,2026-04-02T22:04:04-07:00,2,35
CV/index.html,8,html,f0e6d523,Ryan Lindberg,2025-06-11,23:46:16,-07:00,2025-06-11T23:46:16-07:00,2,41
CV/index.html,9,html,5cc178da,Ryan Lindberg,2025-04-02,17:21:31,-07:00,2025-04-02T17:21:31-07:00,0,5
CV/index.html,10,html,329a9696,Ryan Lindberg,2025-04-28,21:55:18,-07:00,2025-04-28T21:55:18-07:00,0,0
CV/index.html,11,html,329a9696,Ryan Lindberg,2025-04-28,21:55:18,-07:00,2025-04-28T21:55:18-07:00,0,20
CV/index.html,12,html,e32ab843,Ryan Lindberg,2026-04-02,22:04:04,-07:00,2026-04-02T22:04:04-07:00,2,37
CV/index.html,13,html,5cc178da,Ryan Lindberg,2025-04-02,17:21:31,-07:00,2025-04-02T17:21:31-07:00,0,0
CV/index.html,14,html,e32ab843,Ryan Lindberg,2026-04-02,22:04:04,-07:00,2026-04-02T22:04:04-07:00,2,23
CV/index.html,15,html,e32ab843,Ryan Lindberg,2026-04-02,22:04:04,-07:00,2026-04-02T22:04:04-07:00,4,23
CV/index.html,16,html,e32ab843,Ryan Lindberg,2026-04-02,22:04:04,-07:00,2026-04-02T22:04:04-07:00,4,55
CV/index.html,17,html,e32ab843,Ryan Lindberg,2026-04-02,22:04:04,-07:00,2026-04-02T22:04:04-07:00,2,4
CV/index.html,18,html,28547b41,Ryan Lindberg,2025-04-02,17:51:04,-07:00,2025-04-02T17:51:04-07:00,0,0
CV/index.html,19,html,e32ab843,Ryan Lindberg,2026-04-02,22:04:04,-07:00,2026-04-02T22:04:04-07:00,2,27
CV/index.html,20,html,e32ab843,Ryan Lindberg,2026-04-02,22:04:04,-07:00,2026-04-02T22:04:04-07:00,4,3
CV/index.html,21,html,e32ab843,Ryan Lindberg,2026-04-02,22:04:04,-07:00,2026-04-02T22:04:04-07:00,6,18
CV/index.html,22,html,e32ab843,Ryan Lindberg,2026-04-02,22:04:04,-07:00,2026-04-02T22:04:04-07:00,8,27
CV/index.html,23,html,e32ab843,Ryan Lindberg,2026-04-02,22:04:04,-07:00,2026-04-02T22:04:04-07:00,10,28
CV/index.html,24,html,e32ab843,Ryan Lindberg,2026-04-02,22:04:04,-07:00,2026-04-02T22:04:04-07:00,12,33
CV/index.html,25,html,e32ab843,Ryan Lindberg,2026-04-02,22:04:04,-07:00,2026-04-02T22:04:04-07:00,12,31
CV/index.html,26,html,e32ab843,Ryan Lindberg,2026-04-02,22:04:04,-07:00,2026-04-02T22:04:04-07:00,12,31
CV/index.html,27,html,e32ab843,Ryan Lindberg,2026-04-02,22:04:04,-07:00,2026-04-02T22:04:04-07:00,10,5
CV/index.html,28,html,e32ab843,Ryan Lindberg,2026-04-02,22:04:04,-07:00,2026-04-02T22:04:04-07:00,10,44
CV/index.html,29,html,e32ab843,Ryan Lindberg,2026-04-02,22:04:04,-07:00,2026-04-02T22:04:04-07:00,8,4
CV/index.html,30,html,e32ab843,Ryan Lindberg,2026-04-02,22:04:04,-07:00,2026-04-02T22:04:04-07:00,8,23
CV/index.html,31,html,e32ab843,Ryan Lindberg,2026-04-02,22:04:04,-07:00,2026-04-02T22:04:04-07:00,10,1
CV/index.html,32,html,e32ab843,Ryan Lindberg,2026-04-02,22:04:04,-07:00,2026-04-02T22:04:04-07:00,12,25
CV/index.html,33,html,e32ab843,Ryan Lindberg,2026-04-02,22:04:04,-07:00,2026-04-02T22:04:04-07:00,12,25
CV/index.html,34,html,e32ab843,Ryan Lindberg,2026-04-02,22:04:04,-07:00,2026-04-02T22:04:04-07:00,12,62
CV/index.html,35,html,e32ab843,Ryan Lindberg,2026-04-02,22:04:04,-07:00,2026-04-02T22:04:04-07:00,12,107
CV/index.html,36,html,e32ab843,Ryan Lindberg,2026-04-02,22:04:04,-07:00,2026-04-02T22:04:04-07:00,12,17
CV/index.html,37,html,e32ab843,Ryan Lindberg,2026-04-02,22:04:04,-07:00,2026-04-02T22:04:04-07:00,12,4
CV/index.html,38,html,e32ab843,Ryan Lindberg,2026-04-02,22:04:04,-07:00,2026-04-02T22:04:04-07:00,10,2
CV/index.html,39,html,e32ab843,Ryan Lindberg,2026-04-02,22:04:04,-07:00,2026-04-02T22:04:04-07:00,8,4
CV/index.html,40,html,e32ab843,Ryan Lindberg,2026-04-02,22:04:04,-07:00,2026-04-02T22:04:04-07:00,6,4
CV/index.html,41,html,28547b41,Ryan Lindberg,2025-04-02,17:51:04,-07:00,2025-04-02T17:51:04-07:00,0,0
CV/index.html,42,html,e32ab843,Ryan Lindberg,2026-04-02,22:04:04,-07:00,2026-04-02T22:04:04-07:00,6,18
CV/index.html,43,html,e32ab843,Ryan Lindberg,2026-04-02,22:04:04,-07:00,2026-04-02T22:04:04-07:00,8,27
CV/index.html,44,html,e32ab843,Ryan Lindberg,2026-04-02,22:04:04,-07:00,2026-04-02T22:04:04-07:00,10,28
CV/index.html,45,html,e32ab843,Ryan Lindberg,2026-04-02,22:04:04,-07:00,2026-04-02T22:04:04-07:00,12,33
CV/index.html,46,html,e32ab843,Ryan Lindberg,2026-04-02,22:04:04,-07:00,2026-04-02T22:04:04-07:00,12,31
CV/index.html,47,html,e32ab843,Ryan Lindberg,2026-04-02,22:04:04,-07:00,2026-04-02T22:04:04-07:00,12,31
CV/index.html,48,html,e32ab843,Ryan Lindberg,2026-04-02,22:04:04,-07:00,2026-04-02T22:04:04-07:00,10,5
CV/index.html,49,html,e32ab843,Ryan Lindberg,2026-04-02,22:04:04,-07:00,2026-04-02T22:04:04-07:00,10,41
CV/index.html,50,html,e32ab843,Ryan Lindberg,2026-04-02,22:04:04,-07:00,2026-04-02T22:04:04-07:00,8,4
CV/index.html,51,html,e32ab843,Ryan Lindberg,2026-04-02,22:04:04,-07:00,2026-04-02T22:04:04-07:00,8,23
CV/index.html,52,html,e32ab843,Ryan Lindberg,2026-04-02,22:04:04,-07:00,2026-04-02T22:04:04-07:00,10,2
CV/index.html,53,html,e32ab843,Ryan Lindberg,2026-04-02,22:04:04,-07:00,2026-04-02T22:04:04-07:00,12,79
CV/index.html,54,html,e32ab843,Ryan Lindberg,2026-04-02,22:04:04,-07:00,2026-04-02T22:04:04-07:00,12,103
CV/index.html,55,html,e32ab843,Ryan Lindberg,2026-04-02,22:04:04,-07:00,2026-04-02T22:04:04-07:00,10,3
CV/index.html,56,html,e32ab843,Ryan Lindberg,2026-04-02,22:04:04,-07:00,2026-04-02T22:04:04-07:00,8,4
CV/index.html,57,html,e32ab843,Ryan Lindberg,2026-04-02,22:04:04,-07:00,2026-04-02T22:04:04-07:00,6,4
CV/index.html,58,html,28547b41,Ryan Lindberg,2025-04-02,17:51:04,-07:00,2025-04-02T17:51:04-07:00,0,0
CV/index.html,59,html,e32ab843,Ryan Lindberg,2026-04-02,22:04:04,-07:00,2026-04-02T22:04:04-07:00,6,18
CV/index.html,60,html,e32ab843,Ryan Lindberg,2026-04-02,22:04:04,-07:00,2026-04-02T22:04:04-07:00,8,27
CV/index.html,61,html,e32ab843,Ryan Lindberg,2026-04-02,22:04:04,-07:00,2026-04-02T22:04:04-07:00,10,28
CV/index.html,62,html,e32ab843,Ryan Lindberg,2026-04-02,22:04:04,-07:00,2026-04-02T22:04:04-07:00,12,33
CV/index.html,63,html,e32ab843,Ryan Lindberg,2026-04-02,22:04:04,-07:00,2026-04-02T22:04:04-07:00,12,31
CV/index.html,64,html,e32ab843,Ryan Lindberg,2026-04-02,22:04:04,-07:00,2026-04-02T22:04:04-07:00,12,31
CV/index.html,65,html,e32ab843,Ryan Lindberg,2026-04-02,22:04:04,-07:00,2026-04-02T22:04:04-07:00,10,5
CV/index.html,66,html,e32ab843,Ryan Lindberg,2026-04-02,22:04:04,-07:00,2026-04-02T22:04:04-07:00,10,38
CV/index.html,67,html,e32ab843,Ryan Lindberg,2026-04-02,22:04:04,-07:00,2026-04-02T22:04:04-07:00,8,4
CV/index.html,68,html,e32ab843,Ryan Lindberg,2026-04-02,22:04:04,-07:00,2026-04-02T22:04:04-07:00,8,23
CV/index.html,69,html,e32ab843,Ryan Lindberg,2026-04-02,22:04:04,-07:00,2026-04-02T22:04:04-07:00,10,2
CV/index.html,70,html,e32ab843,Ryan Lindberg,2026-04-02,22:04:04,-07:00,2026-04-02T22:04:04-07:00,12,94
CV/index.html,71,html,e32ab843,Ryan Lindberg,2026-04-02,22:04:04,-07:00,2026-04-02T22:04:04-07:00,10,3
CV/index.html,72,html,e32ab843,Ryan Lindberg,2026-04-02,22:04:04,-07:00,2026-04-02T22:04:04-07:00,8,4
CV/index.html,73,html,e32ab843,Ryan Lindberg,2026-04-02,22:04:04,-07:00,2026-04-02T22:04:04-07:00,6,4
CV/index.html,74,html,e32ab843,Ryan Lindberg,2026-04-02,22:04:04,-07:00,2026-04-02T22:04:04-07:00,4,4
CV/index.html,75,html,28547b41,Ryan Lindberg,2025-04-02,17:51:04,-07:00,2025-04-02T17:51:04-07:00,0,0
CV/index.html,76,html,e32ab843,Ryan Lindberg,2026-04-02,22:04:04,-07:00,2026-04-02T22:04:04-07:00,4,3
CV/index.html,77,html,e32ab843,Ryan Lindberg,2026-04-02,22:04:04,-07:00,2026-04-02T22:04:04-07:00,6,18
CV/index.html,78,html,e32ab843,Ryan Lindberg,2026-04-02,22:04:04,-07:00,2026-04-02T22:04:04-07:00,8,27
CV/index.html,79,html,e32ab843,Ryan Lindberg,2026-04-02,22:04:04,-07:00,2026-04-02T22:04:04-07:00,10,28
CV/index.html,80,html,e32ab843,Ryan Lindberg,2026-04-02,22:04:04,-07:00,2026-04-02T22:04:04-07:00,12,33
CV/index.html,81,html,e32ab843,Ryan Lindberg,2026-04-02,22:04:04,-07:00,2026-04-02T22:04:04-07:00,12,31
CV/index.html,82,html,e32ab843,Ryan Lindberg,2026-04-02,22:04:04,-07:00,2026-04-02T22:04:04-07:00,12,31
CV/index.html,83,html,e32ab843,Ryan Lindberg,2026-04-02,22:04:04,-07:00,2026-04-02T22:04:04-07:00,10,5
CV/index.html,84,html,e32ab843,Ryan Lindberg,2026-04-02,22:04:04,-07:00,2026-04-02T22:04:04-07:00,10,52
CV/index.html,85,html,e32ab843,Ryan Lindberg,2026-04-02,22:04:04,-07:00,2026-04-02T22:04:04-07:00,8,4
CV/index.html,86,html,e32ab843,Ryan Lindberg,2026-04-02,22:04:04,-07:00,2026-04-02T22:04:04-07:00,8,23
CV/index.html,87,html,e32ab843,Ryan Lindberg,2026-04-02,22:04:04,-07:00,2026-04-02T22:04:04-07:00,10,72
CV/index.html,88,html,e32ab843,Ryan Lindberg,2026-04-02,22:04:04,-07:00,2026-04-02T22:04:04-07:00,10,3
CV/index.html,89,html,e32ab843,Ryan Lindberg,2026-04-02,22:04:04,-07:00,2026-04-02T22:04:04-07:00,12,35
CV/index.html,90,html,e32ab843,Ryan Lindberg,2026-04-02,22:04:04,-07:00,2026-04-02T22:04:04-07:00,12,32
CV/index.html,91,html,5d60574f,Ryan Lindberg,2026-04-27,19:33:41,-07:00,2026-04-27T19:33:41-07:00,12,30
CV/index.html,92,html,e32ab843,Ryan Lindberg,2026-04-02,22:04:04,-07:00,2026-04-02T22:04:04-07:00,12,33
CV/index.html,93,html,e32ab843,Ryan Lindberg,2026-04-02,22:04:04,-07:00,2026-04-02T22:04:04-07:00,12,30
CV/index.html,94,html,e32ab843,Ryan Lindberg,2026-04-02,22:04:04,-07:00,2026-04-02T22:04:04-07:00,12,39
CV/index.html,95,html,e32ab843,Ryan Lindberg,2026-04-02,22:04:04,-07:00,2026-04-02T22:04:04-07:00,12,33
CV/index.html,96,html,e32ab843,Ryan Lindberg,2026-04-02,22:04:04,-07:00,2026-04-02T22:04:04-07:00,12,32
CV/index.html,97,html,e32ab843,Ryan Lindberg,2026-04-02,22:04:04,-07:00,2026-04-02T22:04:04-07:00,10,4
CV/index.html,98,html,e32ab843,Ryan Lindberg,2026-04-02,22:04:04,-07:00,2026-04-02T22:04:04-07:00,10,85
CV/index.html,99,html,e32ab843,Ryan Lindberg,2026-04-02,22:04:04,-07:00,2026-04-02T22:04:04-07:00,10,3
CV/index.html,100,html,5d60574f,Ryan Lindberg,2026-04-27,19:33:41,-07:00,2026-04-27T19:33:41-07:00,12,32
CV/index.html,101,html,e32ab843,Ryan Lindberg,2026-04-02,22:04:04,-07:00,2026-04-02T22:04:04-07:00,12,32
CV/index.html,102,html,e32ab843,Ryan Lindberg,2026-04-02,22:04:04,-07:00,2026-04-02T22:04:04-07:00,12,33
CV/index.html,103,html,e32ab843,Ryan Lindberg,2026-04-02,22:04:04,-07:00,2026-04-02T22:04:04-07:00,12,34
CV/index.html,104,html,e32ab843,Ryan Lindberg,2026-04-02,22:04:04,-07:00,2026-04-02T22:04:04-07:00,12,36
CV/index.html,105,html,e32ab843,Ryan Lindberg,2026-04-02,22:04:04,-07:00,2026-04-02T22:04:04-07:00,12,34
CV/index.html,106,html,e32ab843,Ryan Lindberg,2026-04-02,22:04:04,-07:00,2026-04-02T22:04:04-07:00,12,36
CV/index.html,107,html,e32ab843,Ryan Lindberg,2026-04-02,22:04:04,-07:00,2026-04-02T22:04:04-07:00,12,35
CV/index.html,108,html,e32ab843,Ryan Lindberg,2026-04-02,22:04:04,-07:00,2026-04-02T22:04:04-07:00,12,41
CV/index.html,109,html,5d60574f,Ryan Lindberg,2026-04-27,19:33:41,-07:00,2026-04-27T19:33:41-07:00,12,35
CV/index.html,110,html,5d60574f,Ryan Lindberg,2026-04-27,19:33:41,-07:00,2026-04-27T19:33:41-07:00,12,33
CV/index.html,111,html,e32ab843,Ryan Lindberg,2026-04-02,22:04:04,-07:00,2026-04-02T22:04:04-07:00,10,4
CV/index.html,112,html,e32ab843,Ryan Lindberg,2026-04-02,22:04:04,-07:00,2026-04-02T22:04:04-07:00,10,86
CV/index.html,113,html,e32ab843,Ryan Lindberg,2026-04-02,22:04:04,-07:00,2026-04-02T22:04:04-07:00,10,3
CV/index.html,114,html,e32ab843,Ryan Lindberg,2026-04-02,22:04:04,-07:00,2026-04-02T22:04:04-07:00,12,34
CV/index.html,115,html,e32ab843,Ryan Lindberg,2026-04-02,22:04:04,-07:00,2026-04-02T22:04:04-07:00,12,34
CV/index.html,116,html,e32ab843,Ryan Lindberg,2026-04-02,22:04:04,-07:00,2026-04-02T22:04:04-07:00,12,36
CV/index.html,117,html,e32ab843,Ryan Lindberg,2026-04-02,22:04:04,-07:00,2026-04-02T22:04:04-07:00,10,4
CV/index.html,118,html,e32ab843,Ryan Lindberg,2026-04-02,22:04:04,-07:00,2026-04-02T22:04:04-07:00,8,4
CV/index.html,119,html,e32ab843,Ryan Lindberg,2026-04-02,22:04:04,-07:00,2026-04-02T22:04:04-07:00,6,4
CV/index.html,120,html,28547b41,Ryan Lindberg,2025-04-02,17:51:04,-07:00,2025-04-02T17:51:04-07:00,0,0
CV/index.html,121,html,e32ab843,Ryan Lindberg,2026-04-02,22:04:04,-07:00,2026-04-02T22:04:04-07:00,6,18
CV/index.html,122,html,e32ab843,Ryan Lindberg,2026-04-02,22:04:04,-07:00,2026-04-02T22:04:04-07:00,8,27
CV/index.html,123,html,e32ab843,Ryan Lindberg,2026-04-02,22:04:04,-07:00,2026-04-02T22:04:04-07:00,10,28
CV/index.html,124,html,e32ab843,Ryan Lindberg,2026-04-02,22:04:04,-07:00,2026-04-02T22:04:04-07:00,12,33
CV/index.html,125,html,e32ab843,Ryan Lindberg,2026-04-02,22:04:04,-07:00,2026-04-02T22:04:04-07:00,12,31
CV/index.html,126,html,e32ab843,Ryan Lindberg,2026-04-02,22:04:04,-07:00,2026-04-02T22:04:04-07:00,12,31
CV/index.html,127,html,e32ab843,Ryan Lindberg,2026-04-02,22:04:04,-07:00,2026-04-02T22:04:04-07:00,10,5
CV/index.html,128,html,e32ab843,Ryan Lindberg,2026-04-02,22:04:04,-07:00,2026-04-02T22:04:04-07:00,10,44
CV/index.html,129,html,e32ab843,Ryan Lindberg,2026-04-02,22:04:04,-07:00,2026-04-02T22:04:04-07:00,8,4
CV/index.html,130,html,e32ab843,Ryan Lindberg,2026-04-02,22:04:04,-07:00,2026-04-02T22:04:04-07:00,8,23
CV/index.html,131,html,e32ab843,Ryan Lindberg,2026-04-02,22:04:04,-07:00,2026-04-02T22:04:04-07:00,10,2
CV/index.html,132,html,fdd77af1,Ryan Lindberg,2026-04-27,19:35:34,-07:00,2026-04-27T19:35:34-07:00,12,200
CV/index.html,133,html,5d60574f,Ryan Lindberg,2026-04-27,19:33:41,-07:00,2026-04-27T19:33:41-07:00,14,115
CV/index.html,134,html,5d60574f,Ryan Lindberg,2026-04-27,19:33:41,-07:00,2026-04-27T19:33:41-07:00,14,103
CV/index.html,135,html,e32ab843,Ryan Lindberg,2026-04-02,22:04:04,-07:00,2026-04-02T22:04:04-07:00,12,101
CV/index.html,136,html,e32ab843,Ryan Lindberg,2026-04-02,22:04:04,-07:00,2026-04-02T22:04:04-07:00,14,102
CV/index.html,137,html,e32ab843,Ryan Lindberg,2026-04-02,22:04:04,-07:00,2026-04-02T22:04:04-07:00,14,16
CV/index.html,138,html,e32ab843,Ryan Lindberg,2026-04-02,22:04:04,-07:00,2026-04-02T22:04:04-07:00,10,3
CV/index.html,139,html,e32ab843,Ryan Lindberg,2026-04-02,22:04:04,-07:00,2026-04-02T22:04:04-07:00,8,4
CV/index.html,140,html,e32ab843,Ryan Lindberg,2026-04-02,22:04:04,-07:00,2026-04-02T22:04:04-07:00,6,4
CV/index.html,141,html,e32ab843,Ryan Lindberg,2026-04-02,22:04:04,-07:00,2026-04-02T22:04:04-07:00,4,4
CV/index.html,142,html,e32ab843,Ryan Lindberg,2026-04-02,22:04:04,-07:00,2026-04-02T22:04:04-07:00,2,4
CV/index.html,143,html,28547b41,Ryan Lindberg,2025-04-02,17:51:04,-07:00,2025-04-02T17:51:04-07:00,0,0
CV/index.html,144,html,e32ab843,Ryan Lindberg,2026-04-02,22:04:04,-07:00,2026-04-02T22:04:04-07:00,2,18
CV/index.html,145,html,e32ab843,Ryan Lindberg,2026-04-02,22:04:04,-07:00,2026-04-02T22:04:04-07:00,4,27
CV/index.html,146,html,e32ab843,Ryan Lindberg,2026-04-02,22:04:04,-07:00,2026-04-02T22:04:04-07:00,6,28
CV/index.html,147,html,e32ab843,Ryan Lindberg,2026-04-02,22:04:04,-07:00,2026-04-02T22:04:04-07:00,8,33
CV/index.html,148,html,e32ab843,Ryan Lindberg,2026-04-02,22:04:04,-07:00,2026-04-02T22:04:04-07:00,8,31
CV/index.html,149,html,e32ab843,Ryan Lindberg,2026-04-02,22:04:04,-07:00,2026-04-02T22:04:04-07:00,8,31
CV/index.html,150,html,e32ab843,Ryan Lindberg,2026-04-02,22:04:04,-07:00,2026-04-02T22:04:04-07:00,6,5
CV/index.html,151,html,e32ab843,Ryan Lindberg,2026-04-02,22:04:04,-07:00,2026-04-02T22:04:04-07:00,6,47
CV/index.html,152,html,e32ab843,Ryan Lindberg,2026-04-02,22:04:04,-07:00,2026-04-02T22:04:04-07:00,4,4
CV/index.html,153,html,e32ab843,Ryan Lindberg,2026-04-02,22:04:04,-07:00,2026-04-02T22:04:04-07:00,4,23
CV/index.html,154,html,e32ab843,Ryan Lindberg,2026-04-02,22:04:04,-07:00,2026-04-02T22:04:04-07:00,6,2
CV/index.html,155,html,e32ab843,Ryan Lindberg,2026-04-02,22:04:04,-07:00,2026-04-02T22:04:04-07:00,8,88
CV/index.html,156,html,e32ab843,Ryan Lindberg,2026-04-02,22:04:04,-07:00,2026-04-02T22:04:04-07:00,10,58
CV/index.html,157,html,e32ab843,Ryan Lindberg,2026-04-02,22:04:04,-07:00,2026-04-02T22:04:04-07:00,8,108
CV/index.html,158,html,e32ab843,Ryan Lindberg,2026-04-02,22:04:04,-07:00,2026-04-02T22:04:04-07:00,10,101
CV/index.html,159,html,e32ab843,Ryan Lindberg,2026-04-02,22:04:04,-07:00,2026-04-02T22:04:04-07:00,10,81
CV/index.html,160,html,e32ab843,Ryan Lindberg,2026-04-02,22:04:04,-07:00,2026-04-02T22:04:04-07:00,8,109
CV/index.html,161,html,e32ab843,Ryan Lindberg,2026-04-02,22:04:04,-07:00,2026-04-02T22:04:04-07:00,10,105
CV/index.html,162,html,e32ab843,Ryan Lindberg,2026-04-02,22:04:04,-07:00,2026-04-02T22:04:04-07:00,10,18
CV/index.html,163,html,e32ab843,Ryan Lindberg,2026-04-02,22:04:04,-07:00,2026-04-02T22:04:04-07:00,6,3
CV/index.html,164,html,e32ab843,Ryan Lindberg,2026-04-02,22:04:04,-07:00,2026-04-02T22:04:04-07:00,4,4
CV/index.html,165,html,e32ab843,Ryan Lindberg,2026-04-02,22:04:04,-07:00,2026-04-02T22:04:04-07:00,2,4
CV/index.html,166,html,28547b41,Ryan Lindberg,2025-04-02,17:51:04,-07:00,2025-04-02T17:51:04-07:00,0,0
CV/index.html,167,html,e32ab843,Ryan Lindberg,2026-04-02,22:04:04,-07:00,2026-04-02T22:04:04-07:00,2,18
CV/index.html,168,html,e32ab843,Ryan Lindberg,2026-04-02,22:04:04,-07:00,2026-04-02T22:04:04-07:00,4,27
CV/index.html,169,html,e32ab843,Ryan Lindberg,2026-04-02,22:04:04,-07:00,2026-04-02T22:04:04-07:00,6,28
CV/index.html,170,html,e32ab843,Ryan Lindberg,2026-04-02,22:04:04,-07:00,2026-04-02T22:04:04-07:00,8,33
CV/index.html,171,html,e32ab843,Ryan Lindberg,2026-04-02,22:04:04,-07:00,2026-04-02T22:04:04-07:00,8,31
CV/index.html,172,html,e32ab843,Ryan Lindberg,2026-04-02,22:04:04,-07:00,2026-04-02T22:04:04-07:00,8,31
CV/index.html,173,html,e32ab843,Ryan Lindberg,2026-04-02,22:04:04,-07:00,2026-04-02T22:04:04-07:00,6,5
CV/index.html,174,html,e32ab843,Ryan Lindberg,2026-04-02,22:04:04,-07:00,2026-04-02T22:04:04-07:00,6,51
CV/index.html,175,html,e32ab843,Ryan Lindberg,2026-04-02,22:04:04,-07:00,2026-04-02T22:04:04-07:00,4,4
CV/index.html,176,html,e32ab843,Ryan Lindberg,2026-04-02,22:04:04,-07:00,2026-04-02T22:04:04-07:00,4,23
CV/index.html,177,html,e32ab843,Ryan Lindberg,2026-04-02,22:04:04,-07:00,2026-04-02T22:04:04-07:00,6,2
CV/index.html,178,html,e32ab843,Ryan Lindberg,2026-04-02,22:04:04,-07:00,2026-04-02T22:04:04-07:00,8,117
CV/index.html,179,html,e32ab843,Ryan Lindberg,2026-04-02,22:04:04,-07:00,2026-04-02T22:04:04-07:00,10,60
CV/index.html,180,html,e32ab843,Ryan Lindberg,2026-04-02,22:04:04,-07:00,2026-04-02T22:04:04-07:00,10,71
CV/index.html,181,html,e32ab843,Ryan Lindberg,2026-04-02,22:04:04,-07:00,2026-04-02T22:04:04-07:00,8,108
CV/index.html,182,html,e32ab843,Ryan Lindberg,2026-04-02,22:04:04,-07:00,2026-04-02T22:04:04-07:00,10,55
CV/index.html,183,html,e32ab843,Ryan Lindberg,2026-04-02,22:04:04,-07:00,2026-04-02T22:04:04-07:00,8,94
CV/index.html,184,html,e32ab843,Ryan Lindberg,2026-04-02,22:04:04,-07:00,2026-04-02T22:04:04-07:00,10,122
CV/index.html,185,html,e32ab843,Ryan Lindberg,2026-04-02,22:04:04,-07:00,2026-04-02T22:04:04-07:00,6,3
CV/index.html,186,html,e32ab843,Ryan Lindberg,2026-04-02,22:04:04,-07:00,2026-04-02T22:04:04-07:00,4,4
CV/index.html,187,html,e32ab843,Ryan Lindberg,2026-04-02,22:04:04,-07:00,2026-04-02T22:04:04-07:00,2,4
CV/index.html,188,html,e32ab843,Ryan Lindberg,2026-04-02,22:04:04,-07:00,2026-04-02T22:04:04-07:00,0,0
CV/index.html,189,html,e32ab843,Ryan Lindberg,2026-04-02,22:04:04,-07:00,2026-04-02T22:04:04-07:00,2,18
CV/index.html,190,html,e32ab843,Ryan Lindberg,2026-04-02,22:04:04,-07:00,2026-04-02T22:04:04-07:00,4,27
CV/index.html,191,html,e32ab843,Ryan Lindberg,2026-04-02,22:04:04,-07:00,2026-04-02T22:04:04-07:00,6,28
CV/index.html,192,html,e32ab843,Ryan Lindberg,2026-04-02,22:04:04,-07:00,2026-04-02T22:04:04-07:00,8,33
CV/index.html,193,html,e32ab843,Ryan Lindberg,2026-04-02,22:04:04,-07:00,2026-04-02T22:04:04-07:00,8,31
CV/index.html,194,html,e32ab843,Ryan Lindberg,2026-04-02,22:04:04,-07:00,2026-04-02T22:04:04-07:00,8,31
CV/index.html,195,html,e32ab843,Ryan Lindberg,2026-04-02,22:04:04,-07:00,2026-04-02T22:04:04-07:00,6,5
CV/index.html,196,html,e32ab843,Ryan Lindberg,2026-04-02,22:04:04,-07:00,2026-04-02T22:04:04-07:00,6,42
CV/index.html,197,html,e32ab843,Ryan Lindberg,2026-04-02,22:04:04,-07:00,2026-04-02T22:04:04-07:00,4,4
CV/index.html,198,html,e32ab843,Ryan Lindberg,2026-04-02,22:04:04,-07:00,2026-04-02T22:04:04-07:00,4,23
CV/index.html,199,html,e32ab843,Ryan Lindberg,2026-04-02,22:04:04,-07:00,2026-04-02T22:04:04-07:00,6,1
CV/index.html,200,html,e32ab843,Ryan Lindberg,2026-04-02,22:04:04,-07:00,2026-04-02T22:04:04-07:00,8,36
CV/index.html,201,html,e32ab843,Ryan Lindberg,2026-04-02,22:04:04,-07:00,2026-04-02T22:04:04-07:00,8,82
CV/index.html,202,html,e32ab843,Ryan Lindberg,2026-04-02,22:04:04,-07:00,2026-04-02T22:04:04-07:00,8,34
CV/index.html,203,html,e32ab843,Ryan Lindberg,2026-04-02,22:04:04,-07:00,2026-04-02T22:04:04-07:00,8,28
CV/index.html,204,html,e32ab843,Ryan Lindberg,2026-04-02,22:04:04,-07:00,2026-04-02T22:04:04-07:00,8,17
CV/index.html,205,html,e32ab843,Ryan Lindberg,2026-04-02,22:04:04,-07:00,2026-04-02T22:04:04-07:00,8,25
CV/index.html,206,html,e32ab843,Ryan Lindberg,2026-04-02,22:04:04,-07:00,2026-04-02T22:04:04-07:00,8,10
CV/index.html,207,html,e32ab843,Ryan Lindberg,2026-04-02,22:04:04,-07:00,2026-04-02T22:04:04-07:00,6,2
CV/index.html,208,html,e32ab843,Ryan Lindberg,2026-04-02,22:04:04,-07:00,2026-04-02T22:04:04-07:00,4,4
CV/index.html,209,html,e32ab843,Ryan Lindberg,2026-04-02,22:04:04,-07:00,2026-04-02T22:04:04-07:00,2,4
CV/index.html,210,html,28547b41,Ryan Lindberg,2025-04-02,17:51:04,-07:00,2025-04-02T17:51:04-07:00,0,0
CV/index.html,211,html,f0e6d523,Ryan Lindberg,2025-06-11,23:46:16,-07:00,2025-06-11T23:46:16-07:00,2,48
CV/index.html,212,html,e973df73,Ryan Lindberg,2026-04-03,17:15:09,-07:00,2026-04-03T17:15:09-07:00,2,53
CV/index.html,213,html,5cc178da,Ryan Lindberg,2025-04-02,17:21:31,-07:00,2025-04-02T17:21:31-07:00,0,5
CV/index.html,214,html,329a9696,Ryan Lindberg,2025-04-28,21:55:18,-07:00,2025-04-28T21:55:18-07:00,0,0
CV/index.html,215,html,e32ab843,Ryan Lindberg,2026-04-02,22:04:04,-07:00,2026-04-02T22:04:04-07:00,0,5
